[2026-02-18 18:14:24,928] [INFO] [quixstreams] : Quix SDK Token detected; the application will connect to Quix Cloud brokers
Benchmark Comparison Service started.
Waiting for results on topic: benchmark-results
[2026-02-18 18:14:26,949] [INFO] [quixstreams] : Starting the Application with the config: broker_address="{'bootstrap.servers': 'broker-bootstrap.26415ad24a14.az-france-0.app.quix.io:30095', 'security.protocol': 'sasl_ssl', 'sasl.mechanism': 'SCRAM-SHA-512', 'sasl.username': 'quixers-fmuquixintegration-fmubench', 'sasl.password': SecretStr('**********')}" consumer_group="quixers-fmuquixintegration-fmubench-benchmark-compare" auto_offset_reset="earliest" commit_interval=5.0s commit_every=0 processing_guarantee="at-least-once"
[2026-02-18 18:14:26,949] [INFO] [quixstreams] : Initializing state directory at "/app/state/quixers-fmuquixintegration-fmubench-benchmark-compare"
[2026-02-18 18:14:27,028] [INFO] [quixstreams] : Waiting for incoming messages

===================================================================
  CPU / Sim-Type Comparison
===================================================================

  Mean Latency (ms)
  Benchmark                                     |       cpu-1000
  --------------------------------------------- | --------------
  Model description load                        |          2.536
  --------------------------------------------- | --------------
  TOTAL (sum)                                   |          2.536
  AVERAGE                                       |          2.536
  BEST (min)                                    |          2.536
  WORST (max)                                   |          2.536

  Throughput (ops/s)
  Benchmark                                     |       cpu-1000
  --------------------------------------------- | --------------
  Model description load                        |          394.3
  --------------------------------------------- | --------------
  TOTAL (sum)                                   |          394.3
  AVERAGE                                       |          394.3
  BEST (min)                                    |          394.3
  WORST (max)                                   |          394.3

  P95 Latency (ms)
  Benchmark                                     |       cpu-1000
  --------------------------------------------- | --------------
  Model description load                        |          3.453
  --------------------------------------------- | --------------
  TOTAL (sum)                                   |          3.453
  AVERAGE                                       |          3.453
  BEST (min)                                    |          3.453
  WORST (max)                                   |          3.453

  Total results collected: 1  (1 scenarios x 1 configs)


===================================================================
  CPU / Sim-Type Comparison
===================================================================

  Mean Latency (ms)
  Benchmark                                     |       cpu-1000
  --------------------------------------------- | --------------
  Model description load                        |          2.536
  Simulink instant eval (start==stop)           |         10.367
  --------------------------------------------- | --------------
  TOTAL (sum)                                   |         12.903
  AVERAGE                                       |          6.452
  BEST (min)                                    |          2.536
  WORST (max)                                   |         10.367

  Throughput (ops/s)
  Benchmark                                     |       cpu-1000
  --------------------------------------------- | --------------
  Model description load                        |          394.3
  Simulink instant eval (start==stop)           |           96.5
  --------------------------------------------- | --------------
  TOTAL (sum)                                   |          490.7
  AVERAGE                                       |          245.4
  BEST (min)                                    |           96.5
  WORST (max)                                   |          394.3

  P95 Latency (ms)
  Benchmark                                     |       cpu-1000
  --------------------------------------------- | --------------
  Model description load                        |          3.453
  Simulink instant eval (start==stop)           |         19.467
  --------------------------------------------- | --------------
  TOTAL (sum)                                   |         22.920
  AVERAGE                                       |         11.460
  BEST (min)                                    |          3.453
  WORST (max)                                   |         19.467

  Total results collected: 2  (2 scenarios x 1 configs)


====================================================================================
  CPU / Sim-Type Comparison
====================================================================================

  Mean Latency (ms)
  Benchmark                                     |       cpu-1000 |       cpu-4000
  --------------------------------------------- | -------------- | --------------
  Model description load                        |          2.536 |          2.043
  Simulink instant eval (start==stop)           |         10.367 |              —
  --------------------------------------------- | -------------- | --------------
  TOTAL (sum)                                   |         12.903 |          2.043
  AVERAGE                                       |          6.452 |          2.043
  BEST (min)                                    |          2.536 |          2.043
  WORST (max)                                   |         10.367 |          2.043

  Throughput (ops/s)
  Benchmark                                     |       cpu-1000 |       cpu-4000
  --------------------------------------------- | -------------- | --------------
  Model description load                        |          394.3 |          489.5
  Simulink instant eval (start==stop)           |           96.5 |              —
  --------------------------------------------- | -------------- | --------------
  TOTAL (sum)                                   |          490.7 |          489.5
  AVERAGE                                       |          245.4 |          489.5
  BEST (min)                                    |           96.5 |          489.5
  WORST (max)                                   |          394.3 |          489.5

  P95 Latency (ms)
  Benchmark                                     |       cpu-1000 |       cpu-4000
  --------------------------------------------- | -------------- | --------------
  Model description load                        |          3.453 |          2.379
  Simulink instant eval (start==stop)           |         19.467 |              —
  --------------------------------------------- | -------------- | --------------
  TOTAL (sum)                                   |         22.920 |          2.379
  AVERAGE                                       |         11.460 |          2.379
  BEST (min)                                    |          3.453 |          2.379
  WORST (max)                                   |         19.467 |          2.379

  Total results collected: 3  (2 scenarios x 2 configs)


====================================================================================
  CPU / Sim-Type Comparison
====================================================================================

  Mean Latency (ms)
  Benchmark                                     |       cpu-1000 |       cpu-4000
  --------------------------------------------- | -------------- | --------------
  Model description load                        |          2.536 |          2.043
  Simulink instant eval (start==stop)           |         10.367 |              —
  Simulink time-series (10 points)              |         10.612 |              —
  --------------------------------------------- | -------------- | --------------
  TOTAL (sum)                                   |         23.516 |          2.043
  AVERAGE                                       |          7.839 |          2.043
  BEST (min)                                    |          2.536 |          2.043
  WORST (max)                                   |         10.612 |          2.043

  Throughput (ops/s)
  Benchmark                                     |       cpu-1000 |       cpu-4000
  --------------------------------------------- | -------------- | --------------
  Model description load                        |          394.3 |          489.5
  Simulink instant eval (start==stop)           |           96.5 |              —
  Simulink time-series (10 points)              |           94.2 |              —
  --------------------------------------------- | -------------- | --------------
  TOTAL (sum)                                   |          585.0 |          489.5
  AVERAGE                                       |          195.0 |          489.5
  BEST (min)                                    |           94.2 |          489.5
  WORST (max)                                   |          394.3 |          489.5

  P95 Latency (ms)
  Benchmark                                     |       cpu-1000 |       cpu-4000
  --------------------------------------------- | -------------- | --------------
  Model description load                        |          3.453 |          2.379
  Simulink instant eval (start==stop)           |         19.467 |              —
  Simulink time-series (10 points)              |         14.205 |              —
  --------------------------------------------- | -------------- | --------------
  TOTAL (sum)                                   |         37.125 |          2.379
  AVERAGE                                       |         12.375 |          2.379
  BEST (min)                                    |          3.453 |          2.379
  WORST (max)                                   |         19.467 |          2.379

  Total results collected: 4  (3 scenarios x 2 configs)


====================================================================================
  CPU / Sim-Type Comparison
====================================================================================

  Mean Latency (ms)
  Benchmark                                     |       cpu-1000 |       cpu-4000
  --------------------------------------------- | -------------- | --------------
  Model description load                        |          2.536 |          2.043
  Simulink instant eval (start==stop)           |         10.367 |          7.829
  Simulink time-series (10 points)              |         10.612 |              —
  --------------------------------------------- | -------------- | --------------
  TOTAL (sum)                                   |         23.516 |          9.872
  AVERAGE                                       |          7.839 |          4.936
  BEST (min)                                    |          2.536 |          2.043
  WORST (max)                                   |         10.612 |          7.829

  Throughput (ops/s)
  Benchmark                                     |       cpu-1000 |       cpu-4000
  --------------------------------------------- | -------------- | --------------
  Model description load                        |          394.3 |          489.5
  Simulink instant eval (start==stop)           |           96.5 |          127.7
  Simulink time-series (10 points)              |           94.2 |              —
  --------------------------------------------- | -------------- | --------------
  TOTAL (sum)                                   |          585.0 |          617.2
  AVERAGE                                       |          195.0 |          308.6
  BEST (min)                                    |           94.2 |          127.7
  WORST (max)                                   |          394.3 |          489.5

  P95 Latency (ms)
  Benchmark                                     |       cpu-1000 |       cpu-4000
  --------------------------------------------- | -------------- | --------------
  Model description load                        |          3.453 |          2.379
  Simulink instant eval (start==stop)           |         19.467 |         12.428
  Simulink time-series (10 points)              |         14.205 |              —
  --------------------------------------------- | -------------- | --------------
  TOTAL (sum)                                   |         37.125 |         14.807
  AVERAGE                                       |         12.375 |          7.404
  BEST (min)                                    |          3.453 |          2.379
  WORST (max)                                   |         19.467 |         12.428

  Total results collected: 5  (3 scenarios x 2 configs)


====================================================================================
  CPU / Sim-Type Comparison
====================================================================================

  Mean Latency (ms)
  Benchmark                                     |       cpu-1000 |       cpu-4000
  --------------------------------------------- | -------------- | --------------
  Model description load                        |          2.536 |          2.043
  Simulink instant eval (start==stop)           |         10.367 |          7.829
  Simulink time-series (10 points)              |         10.612 |              —
  Simulink time-series (100 points)             |         11.423 |              —
  --------------------------------------------- | -------------- | --------------
  TOTAL (sum)                                   |         34.938 |          9.872
  AVERAGE                                       |          8.735 |          4.936
  BEST (min)                                    |          2.536 |          2.043
  WORST (max)                                   |         11.423 |          7.829

  Throughput (ops/s)
  Benchmark                                     |       cpu-1000 |       cpu-4000
  --------------------------------------------- | -------------- | --------------
  Model description load                        |          394.3 |          489.5
  Simulink instant eval (start==stop)           |           96.5 |          127.7
  Simulink time-series (10 points)              |           94.2 |              —
  Simulink time-series (100 points)             |           87.5 |              —
  --------------------------------------------- | -------------- | --------------
  TOTAL (sum)                                   |          672.5 |          617.2
  AVERAGE                                       |          168.1 |          308.6
  BEST (min)                                    |           87.5 |          127.7
  WORST (max)                                   |          394.3 |          489.5

  P95 Latency (ms)
  Benchmark                                     |       cpu-1000 |       cpu-4000
  --------------------------------------------- | -------------- | --------------
  Model description load                        |          3.453 |          2.379
  Simulink instant eval (start==stop)           |         19.467 |         12.428
  Simulink time-series (10 points)              |         14.205 |              —
  Simulink time-series (100 points)             |         15.716 |              —
  --------------------------------------------- | -------------- | --------------
  TOTAL (sum)                                   |         52.840 |         14.807
  AVERAGE                                       |         13.210 |          7.404
  BEST (min)                                    |          3.453 |          2.379
  WORST (max)                                   |         19.467 |         12.428

  Total results collected: 6  (4 scenarios x 2 configs)


====================================================================================
  CPU / Sim-Type Comparison
====================================================================================

  Mean Latency (ms)
  Benchmark                                     |       cpu-1000 |       cpu-4000
  --------------------------------------------- | -------------- | --------------
  Model description load                        |          2.536 |          2.043
  Simulink instant eval (start==stop)           |         10.367 |          7.829
  Simulink time-series (10 points)              |         10.612 |          8.262
  Simulink time-series (100 points)             |         11.423 |              —
  --------------------------------------------- | -------------- | --------------
  TOTAL (sum)                                   |         34.938 |         18.134
  AVERAGE                                       |          8.735 |          6.045
  BEST (min)                                    |          2.536 |          2.043
  WORST (max)                                   |         11.423 |          8.262

  Throughput (ops/s)
  Benchmark                                     |       cpu-1000 |       cpu-4000
  --------------------------------------------- | -------------- | --------------
  Model description load                        |          394.3 |          489.5
  Simulink instant eval (start==stop)           |           96.5 |          127.7
  Simulink time-series (10 points)              |           94.2 |          121.0
  Simulink time-series (100 points)             |           87.5 |              —
  --------------------------------------------- | -------------- | --------------
  TOTAL (sum)                                   |          672.5 |          738.2
  AVERAGE                                       |          168.1 |          246.1
  BEST (min)                                    |           87.5 |          121.0
  WORST (max)                                   |          394.3 |          489.5

  P95 Latency (ms)
  Benchmark                                     |       cpu-1000 |       cpu-4000
  --------------------------------------------- | -------------- | --------------
  Model description load                        |          3.453 |          2.379
  Simulink instant eval (start==stop)           |         19.467 |         12.428
  Simulink time-series (10 points)              |         14.205 |         10.926
  Simulink time-series (100 points)             |         15.716 |              —
  --------------------------------------------- | -------------- | --------------
  TOTAL (sum)                                   |         52.840 |         25.733
  AVERAGE                                       |         13.210 |          8.578
  BEST (min)                                    |          3.453 |          2.379
  WORST (max)                                   |         19.467 |         12.428

  Total results collected: 7  (4 scenarios x 2 configs)


====================================================================================
  CPU / Sim-Type Comparison
====================================================================================

  Mean Latency (ms)
  Benchmark                                     |       cpu-1000 |       cpu-4000
  --------------------------------------------- | -------------- | --------------
  Model description load                        |          2.536 |          2.043
  Simulink instant eval (start==stop)           |         10.367 |          7.829
  Simulink time-series (10 points)              |         10.612 |          8.262
  Simulink time-series (100 points)             |         11.423 |          7.816
  --------------------------------------------- | -------------- | --------------
  TOTAL (sum)                                   |         34.938 |         25.951
  AVERAGE                                       |          8.735 |          6.488
  BEST (min)                                    |          2.536 |          2.043
  WORST (max)                                   |         11.423 |          8.262

  Throughput (ops/s)
  Benchmark                                     |       cpu-1000 |       cpu-4000
  --------------------------------------------- | -------------- | --------------
  Model description load                        |          394.3 |          489.5
  Simulink instant eval (start==stop)           |           96.5 |          127.7
  Simulink time-series (10 points)              |           94.2 |          121.0
  Simulink time-series (100 points)             |           87.5 |          127.9
  --------------------------------------------- | -------------- | --------------
  TOTAL (sum)                                   |          672.5 |          866.2
  AVERAGE                                       |          168.1 |          216.5
  BEST (min)                                    |           87.5 |          121.0
  WORST (max)                                   |          394.3 |          489.5

  P95 Latency (ms)
  Benchmark                                     |       cpu-1000 |       cpu-4000
  --------------------------------------------- | -------------- | --------------
  Model description load                        |          3.453 |          2.379
  Simulink instant eval (start==stop)           |         19.467 |         12.428
  Simulink time-series (10 points)              |         14.205 |         10.926
  Simulink time-series (100 points)             |         15.716 |         10.559
  --------------------------------------------- | -------------- | --------------
  TOTAL (sum)                                   |         52.840 |         36.292
  AVERAGE                                       |         13.210 |          9.073
  BEST (min)                                    |          3.453 |          2.379
  WORST (max)                                   |         19.467 |         12.428

  Total results collected: 8  (4 scenarios x 2 configs)


=====================================================================================================
  CPU / Sim-Type Comparison
=====================================================================================================

  Mean Latency (ms)
  Benchmark                                     |       cpu-1000 |       cpu-4000 |       cpu-2000
  --------------------------------------------- | -------------- | -------------- | --------------
  Model description load                        |          2.536 |          2.043 |          2.107
  Simulink instant eval (start==stop)           |         10.367 |          7.829 |              —
  Simulink time-series (10 points)              |         10.612 |          8.262 |              —
  Simulink time-series (100 points)             |         11.423 |          7.816 |              —
  --------------------------------------------- | -------------- | -------------- | --------------
  TOTAL (sum)                                   |         34.938 |         25.951 |          2.107
  AVERAGE                                       |          8.735 |          6.488 |          2.107
  BEST (min)                                    |          2.536 |          2.043 |          2.107
  WORST (max)                                   |         11.423 |          8.262 |          2.107

  Throughput (ops/s)
  Benchmark                                     |       cpu-1000 |       cpu-4000 |       cpu-2000
  --------------------------------------------- | -------------- | -------------- | --------------
  Model description load                        |          394.3 |          489.5 |          474.7
  Simulink instant eval (start==stop)           |           96.5 |          127.7 |              —
  Simulink time-series (10 points)              |           94.2 |          121.0 |              —
  Simulink time-series (100 points)             |           87.5 |          127.9 |              —
  --------------------------------------------- | -------------- | -------------- | --------------
  TOTAL (sum)                                   |          672.5 |          866.2 |          474.7
  AVERAGE                                       |          168.1 |          216.5 |          474.7
  BEST (min)                                    |           87.5 |          121.0 |          474.7
  WORST (max)                                   |          394.3 |          489.5 |          474.7

  P95 Latency (ms)
  Benchmark                                     |       cpu-1000 |       cpu-4000 |       cpu-2000
  --------------------------------------------- | -------------- | -------------- | --------------
  Model description load                        |          3.453 |          2.379 |          2.446
  Simulink instant eval (start==stop)           |         19.467 |         12.428 |              —
  Simulink time-series (10 points)              |         14.205 |         10.926 |              —
  Simulink time-series (100 points)             |         15.716 |         10.559 |              —
  --------------------------------------------- | -------------- | -------------- | --------------
  TOTAL (sum)                                   |         52.840 |         36.292 |          2.446
  AVERAGE                                       |         13.210 |          9.073 |          2.446
  BEST (min)                                    |          3.453 |          2.379 |          2.446
  WORST (max)                                   |         19.467 |         12.428 |          2.446

  Total results collected: 9  (4 scenarios x 3 configs)


=====================================================================================================
  CPU / Sim-Type Comparison
=====================================================================================================

  Mean Latency (ms)
  Benchmark                                     |       cpu-1000 |       cpu-4000 |       cpu-2000
  --------------------------------------------- | -------------- | -------------- | --------------
  Model description load                        |          2.536 |          2.043 |          2.107
  Simulink instant eval (start==stop)           |         10.367 |          7.829 |              —
  Simulink time-series (10 points)              |         10.612 |          8.262 |              —
  Simulink time-series (100 points)             |         11.423 |          7.816 |              —
  Simulink time-series (1000 points)            |         13.441 |              — |              —
  --------------------------------------------- | -------------- | -------------- | --------------
  TOTAL (sum)                                   |         48.379 |         25.951 |          2.107
  AVERAGE                                       |          9.676 |          6.488 |          2.107
  BEST (min)                                    |          2.536 |          2.043 |          2.107
  WORST (max)                                   |         13.441 |          8.262 |          2.107

  Throughput (ops/s)
  Benchmark                                     |       cpu-1000 |       cpu-4000 |       cpu-2000
  --------------------------------------------- | -------------- | -------------- | --------------
  Model description load                        |          394.3 |          489.5 |          474.7
  Simulink instant eval (start==stop)           |           96.5 |          127.7 |              —
  Simulink time-series (10 points)              |           94.2 |          121.0 |              —
  Simulink time-series (100 points)             |           87.5 |          127.9 |              —
  Simulink time-series (1000 points)            |           74.4 |              — |              —
  --------------------------------------------- | -------------- | -------------- | --------------
  TOTAL (sum)                                   |          746.9 |          866.2 |          474.7
  AVERAGE                                       |          149.4 |          216.5 |          474.7
  BEST (min)                                    |           74.4 |          121.0 |          474.7
  WORST (max)                                   |          394.3 |          489.5 |          474.7

  P95 Latency (ms)
  Benchmark                                     |       cpu-1000 |       cpu-4000 |       cpu-2000
  --------------------------------------------- | -------------- | -------------- | --------------
  Model description load                        |          3.453 |          2.379 |          2.446
  Simulink instant eval (start==stop)           |         19.467 |         12.428 |              —
  Simulink time-series (10 points)              |         14.205 |         10.926 |              —
  Simulink time-series (100 points)             |         15.716 |         10.559 |              —
  Simulink time-series (1000 points)            |         22.941 |              — |              —
  --------------------------------------------- | -------------- | -------------- | --------------
  TOTAL (sum)                                   |         75.782 |         36.292 |          2.446
  AVERAGE                                       |         15.156 |          9.073 |          2.446
  BEST (min)                                    |          3.453 |          2.379 |          2.446
  WORST (max)                                   |         22.941 |         12.428 |          2.446

  Total results collected: 10  (5 scenarios x 3 configs)


=====================================================================================================
  CPU / Sim-Type Comparison
=====================================================================================================

  Mean Latency (ms)
  Benchmark                                     |       cpu-1000 |       cpu-4000 |       cpu-2000
  --------------------------------------------- | -------------- | -------------- | --------------
  Model description load                        |          2.536 |          2.043 |          2.107
  Simulink instant eval (start==stop)           |         10.367 |          7.829 |          6.758
  Simulink time-series (10 points)              |         10.612 |          8.262 |              —
  Simulink time-series (100 points)             |         11.423 |          7.816 |              —
  Simulink time-series (1000 points)            |         13.441 |              — |              —
  --------------------------------------------- | -------------- | -------------- | --------------
  TOTAL (sum)                                   |         48.379 |         25.951 |          8.864
  AVERAGE                                       |          9.676 |          6.488 |          4.432
  BEST (min)                                    |          2.536 |          2.043 |          2.107
  WORST (max)                                   |         13.441 |          8.262 |          6.758

  Throughput (ops/s)
  Benchmark                                     |       cpu-1000 |       cpu-4000 |       cpu-2000
  --------------------------------------------- | -------------- | -------------- | --------------
  Model description load                        |          394.3 |          489.5 |          474.7
  Simulink instant eval (start==stop)           |           96.5 |          127.7 |          148.0
  Simulink time-series (10 points)              |           94.2 |          121.0 |              —
  Simulink time-series (100 points)             |           87.5 |          127.9 |              —
  Simulink time-series (1000 points)            |           74.4 |              — |              —
  --------------------------------------------- | -------------- | -------------- | --------------
  TOTAL (sum)                                   |          746.9 |          866.2 |          622.7
  AVERAGE                                       |          149.4 |          216.5 |          311.3
  BEST (min)                                    |           74.4 |          121.0 |          148.0
  WORST (max)                                   |          394.3 |          489.5 |          474.7

  P95 Latency (ms)
  Benchmark                                     |       cpu-1000 |       cpu-4000 |       cpu-2000
  --------------------------------------------- | -------------- | -------------- | --------------
  Model description load                        |          3.453 |          2.379 |          2.446
  Simulink instant eval (start==stop)           |         19.467 |         12.428 |          7.676
  Simulink time-series (10 points)              |         14.205 |         10.926 |              —
  Simulink time-series (100 points)             |         15.716 |         10.559 |              —
  Simulink time-series (1000 points)            |         22.941 |              — |              —
  --------------------------------------------- | -------------- | -------------- | --------------
  TOTAL (sum)                                   |         75.782 |         36.292 |         10.122
  AVERAGE                                       |         15.156 |          9.073 |          5.061
  BEST (min)                                    |          3.453 |          2.379 |          2.446
  WORST (max)                                   |         22.941 |         12.428 |          7.676

  Total results collected: 11  (5 scenarios x 3 configs)


=====================================================================================================
  CPU / Sim-Type Comparison
=====================================================================================================

  Mean Latency (ms)
  Benchmark                                     |       cpu-1000 |       cpu-4000 |       cpu-2000
  --------------------------------------------- | -------------- | -------------- | --------------
  Model description load                        |          2.536 |          2.043 |          2.107
  Simulink instant eval (start==stop)           |         10.367 |          7.829 |          6.758
  Simulink time-series (10 points)              |         10.612 |          8.262 |              —
  Simulink time-series (100 points)             |         11.423 |          7.816 |              —
  Simulink time-series (1000 points)            |         13.441 |          6.688 |              —
  --------------------------------------------- | -------------- | -------------- | --------------
  TOTAL (sum)                                   |         48.379 |         32.639 |          8.864
  AVERAGE                                       |          9.676 |          6.528 |          4.432
  BEST (min)                                    |          2.536 |          2.043 |          2.107
  WORST (max)                                   |         13.441 |          8.262 |          6.758

  Throughput (ops/s)
  Benchmark                                     |       cpu-1000 |       cpu-4000 |       cpu-2000
  --------------------------------------------- | -------------- | -------------- | --------------
  Model description load                        |          394.3 |          489.5 |          474.7
  Simulink instant eval (start==stop)           |           96.5 |          127.7 |          148.0
  Simulink time-series (10 points)              |           94.2 |          121.0 |              —
  Simulink time-series (100 points)             |           87.5 |          127.9 |              —
  Simulink time-series (1000 points)            |           74.4 |          149.5 |              —
  --------------------------------------------- | -------------- | -------------- | --------------
  TOTAL (sum)                                   |          746.9 |         1015.7 |          622.7
  AVERAGE                                       |          149.4 |          203.1 |          311.3
  BEST (min)                                    |           74.4 |          121.0 |          148.0
  WORST (max)                                   |          394.3 |          489.5 |          474.7

  P95 Latency (ms)
  Benchmark                                     |       cpu-1000 |       cpu-4000 |       cpu-2000
  --------------------------------------------- | -------------- | -------------- | --------------
  Model description load                        |          3.453 |          2.379 |          2.446
  Simulink instant eval (start==stop)           |         19.467 |         12.428 |          7.676
  Simulink time-series (10 points)              |         14.205 |         10.926 |              —
  Simulink time-series (100 points)             |         15.716 |         10.559 |              —
  Simulink time-series (1000 points)            |         22.941 |          7.911 |              —
  --------------------------------------------- | -------------- | -------------- | --------------
  TOTAL (sum)                                   |         75.782 |         44.203 |         10.122
  AVERAGE                                       |         15.156 |          8.841 |          5.061
  BEST (min)                                    |          3.453 |          2.379 |          2.446
  WORST (max)                                   |         22.941 |         12.428 |          7.676

  Total results collected: 12  (5 scenarios x 3 configs)


=====================================================================================================
  CPU / Sim-Type Comparison
=====================================================================================================

  Mean Latency (ms)
  Benchmark                                     |       cpu-1000 |       cpu-4000 |       cpu-2000
  --------------------------------------------- | -------------- | -------------- | --------------
  Model description load                        |          2.536 |          2.043 |          2.107
  Simulink instant eval (start==stop)           |         10.367 |          7.829 |          6.758
  Simulink time-series (10 points)              |         10.612 |          8.262 |          7.989
  Simulink time-series (100 points)             |         11.423 |          7.816 |              —
  Simulink time-series (1000 points)            |         13.441 |          6.688 |              —
  --------------------------------------------- | -------------- | -------------- | --------------
  TOTAL (sum)                                   |         48.379 |         32.639 |         16.853
  AVERAGE                                       |          9.676 |          6.528 |          5.618
  BEST (min)                                    |          2.536 |          2.043 |          2.107
  WORST (max)                                   |         13.441 |          8.262 |          7.989

  Throughput (ops/s)
  Benchmark                                     |       cpu-1000 |       cpu-4000 |       cpu-2000
  --------------------------------------------- | -------------- | -------------- | --------------
  Model description load                        |          394.3 |          489.5 |          474.7
  Simulink instant eval (start==stop)           |           96.5 |          127.7 |          148.0
  Simulink time-series (10 points)              |           94.2 |          121.0 |          125.2
  Simulink time-series (100 points)             |           87.5 |          127.9 |              —
  Simulink time-series (1000 points)            |           74.4 |          149.5 |              —
  --------------------------------------------- | -------------- | -------------- | --------------
  TOTAL (sum)                                   |          746.9 |         1015.7 |          747.9
  AVERAGE                                       |          149.4 |          203.1 |          249.3
  BEST (min)                                    |           74.4 |          121.0 |          125.2
  WORST (max)                                   |          394.3 |          489.5 |          474.7

  P95 Latency (ms)
  Benchmark                                     |       cpu-1000 |       cpu-4000 |       cpu-2000
  --------------------------------------------- | -------------- | -------------- | --------------
  Model description load                        |          3.453 |          2.379 |          2.446
  Simulink instant eval (start==stop)           |         19.467 |         12.428 |          7.676
  Simulink time-series (10 points)              |         14.205 |         10.926 |         10.572
  Simulink time-series (100 points)             |         15.716 |         10.559 |              —
  Simulink time-series (1000 points)            |         22.941 |          7.911 |              —
  --------------------------------------------- | -------------- | -------------- | --------------
  TOTAL (sum)                                   |         75.782 |         44.203 |         20.694
  AVERAGE                                       |         15.156 |          8.841 |          6.898
  BEST (min)                                    |          3.453 |          2.379 |          2.446
  WORST (max)                                   |         22.941 |         12.428 |         10.572

  Total results collected: 13  (5 scenarios x 3 configs)


=====================================================================================================
  CPU / Sim-Type Comparison
=====================================================================================================

  Mean Latency (ms)
  Benchmark                                     |       cpu-1000 |       cpu-4000 |       cpu-2000
  --------------------------------------------- | -------------- | -------------- | --------------
  Model description load                        |          2.536 |          2.043 |          2.107
  Rapid-fire streaming simulation               |         11.356 |              — |              —
  Simulink instant eval (start==stop)           |         10.367 |          7.829 |          6.758
  Simulink time-series (10 points)              |         10.612 |          8.262 |          7.989
  Simulink time-series (100 points)             |         11.423 |          7.816 |              —
  Simulink time-series (1000 points)            |         13.441 |          6.688 |              —
  --------------------------------------------- | -------------- | -------------- | --------------
  TOTAL (sum)                                   |         59.735 |         32.639 |         16.853
  AVERAGE                                       |          9.956 |          6.528 |          5.618
  BEST (min)                                    |          2.536 |          2.043 |          2.107
  WORST (max)                                   |         13.441 |          8.262 |          7.989

  Throughput (ops/s)
  Benchmark                                     |       cpu-1000 |       cpu-4000 |       cpu-2000
  --------------------------------------------- | -------------- | -------------- | --------------
  Model description load                        |          394.3 |          489.5 |          474.7
  Rapid-fire streaming simulation               |           88.1 |              — |              —
  Simulink instant eval (start==stop)           |           96.5 |          127.7 |          148.0
  Simulink time-series (10 points)              |           94.2 |          121.0 |          125.2
  Simulink time-series (100 points)             |           87.5 |          127.9 |              —
  Simulink time-series (1000 points)            |           74.4 |          149.5 |              —
  --------------------------------------------- | -------------- | -------------- | --------------
  TOTAL (sum)                                   |          835.0 |         1015.7 |          747.9
  AVERAGE                                       |          139.2 |          203.1 |          249.3
  BEST (min)                                    |           74.4 |          121.0 |          125.2
  WORST (max)                                   |          394.3 |          489.5 |          474.7

  P95 Latency (ms)
  Benchmark                                     |       cpu-1000 |       cpu-4000 |       cpu-2000
  --------------------------------------------- | -------------- | -------------- | --------------
  Model description load                        |          3.453 |          2.379 |          2.446
  Rapid-fire streaming simulation               |         15.517 |              — |              —
  Simulink instant eval (start==stop)           |         19.467 |         12.428 |          7.676
  Simulink time-series (10 points)              |         14.205 |         10.926 |         10.572
  Simulink time-series (100 points)             |         15.716 |         10.559 |              —
  Simulink time-series (1000 points)            |         22.941 |          7.911 |              —
  --------------------------------------------- | -------------- | -------------- | --------------
  TOTAL (sum)                                   |         91.298 |         44.203 |         20.694
  AVERAGE                                       |         15.216 |          8.841 |          6.898
  BEST (min)                                    |          3.453 |          2.379 |          2.446
  WORST (max)                                   |         22.941 |         12.428 |         10.572

  Total results collected: 14  (6 scenarios x 3 configs)


=====================================================================================================
  CPU / Sim-Type Comparison
=====================================================================================================

  Mean Latency (ms)
  Benchmark                                     |       cpu-1000 |       cpu-4000 |       cpu-2000
  --------------------------------------------- | -------------- | -------------- | --------------
  Model description load                        |          2.536 |          2.043 |          2.107
  Rapid-fire streaming simulation               |         11.356 |          8.675 |              —
  Simulink instant eval (start==stop)           |         10.367 |          7.829 |          6.758
  Simulink time-series (10 points)              |         10.612 |          8.262 |          7.989
  Simulink time-series (100 points)             |         11.423 |          7.816 |              —
  Simulink time-series (1000 points)            |         13.441 |          6.688 |              —
  --------------------------------------------- | -------------- | -------------- | --------------
  TOTAL (sum)                                   |         59.735 |         41.314 |         16.853
  AVERAGE                                       |          9.956 |          6.886 |          5.618
  BEST (min)                                    |          2.536 |          2.043 |          2.107
  WORST (max)                                   |         13.441 |          8.675 |          7.989

  Throughput (ops/s)
  Benchmark                                     |       cpu-1000 |       cpu-4000 |       cpu-2000
  --------------------------------------------- | -------------- | -------------- | --------------
  Model description load                        |          394.3 |          489.5 |          474.7
  Rapid-fire streaming simulation               |           88.1 |          115.3 |              —
  Simulink instant eval (start==stop)           |           96.5 |          127.7 |          148.0
  Simulink time-series (10 points)              |           94.2 |          121.0 |          125.2
  Simulink time-series (100 points)             |           87.5 |          127.9 |              —
  Simulink time-series (1000 points)            |           74.4 |          149.5 |              —
  --------------------------------------------- | -------------- | -------------- | --------------
  TOTAL (sum)                                   |          835.0 |         1131.0 |          747.9
  AVERAGE                                       |          139.2 |          188.5 |          249.3
  BEST (min)                                    |           74.4 |          115.3 |          125.2
  WORST (max)                                   |          394.3 |          489.5 |          474.7

  P95 Latency (ms)
  Benchmark                                     |       cpu-1000 |       cpu-4000 |       cpu-2000
  --------------------------------------------- | -------------- | -------------- | --------------
  Model description load                        |          3.453 |          2.379 |          2.446
  Rapid-fire streaming simulation               |         15.517 |         11.309 |              —
  Simulink instant eval (start==stop)           |         19.467 |         12.428 |          7.676
  Simulink time-series (10 points)              |         14.205 |         10.926 |         10.572
  Simulink time-series (100 points)             |         15.716 |         10.559 |              —
  Simulink time-series (1000 points)            |         22.941 |          7.911 |              —
  --------------------------------------------- | -------------- | -------------- | --------------
  TOTAL (sum)                                   |         91.298 |         55.512 |         20.694
  AVERAGE                                       |         15.216 |          9.252 |          6.898
  BEST (min)                                    |          3.453 |          2.379 |          2.446
  WORST (max)                                   |         22.941 |         12.428 |         10.572

  Total results collected: 15  (6 scenarios x 3 configs)


=====================================================================================================
  CPU / Sim-Type Comparison
=====================================================================================================

  Mean Latency (ms)
  Benchmark                                     |       cpu-1000 |       cpu-4000 |       cpu-2000
  --------------------------------------------- | -------------- | -------------- | --------------
  Model description load                        |          2.536 |          2.109 |          2.107
  Rapid-fire streaming simulation               |         11.356 |          8.675 |              —
  Simulink instant eval (start==stop)           |         10.367 |          7.829 |          6.758
  Simulink time-series (10 points)              |         10.612 |          8.262 |          7.989
  Simulink time-series (100 points)             |         11.423 |          7.816 |              —
  Simulink time-series (1000 points)            |         13.441 |          6.688 |              —
  --------------------------------------------- | -------------- | -------------- | --------------
  TOTAL (sum)                                   |         59.735 |         41.380 |         16.853
  AVERAGE                                       |          9.956 |          6.897 |          5.618
  BEST (min)                                    |          2.536 |          2.109 |          2.107
  WORST (max)                                   |         13.441 |          8.675 |          7.989

  Throughput (ops/s)
  Benchmark                                     |       cpu-1000 |       cpu-4000 |       cpu-2000
  --------------------------------------------- | -------------- | -------------- | --------------
  Model description load                        |          394.3 |          474.1 |          474.7
  Rapid-fire streaming simulation               |           88.1 |          115.3 |              —
  Simulink instant eval (start==stop)           |           96.5 |          127.7 |          148.0
  Simulink time-series (10 points)              |           94.2 |          121.0 |          125.2
  Simulink time-series (100 points)             |           87.5 |          127.9 |              —
  Simulink time-series (1000 points)            |           74.4 |          149.5 |              —
  --------------------------------------------- | -------------- | -------------- | --------------
  TOTAL (sum)                                   |          835.0 |         1115.6 |          747.9
  AVERAGE                                       |          139.2 |          185.9 |          249.3
  BEST (min)                                    |           74.4 |          115.3 |          125.2
  WORST (max)                                   |          394.3 |          474.1 |          474.7

  P95 Latency (ms)
  Benchmark                                     |       cpu-1000 |       cpu-4000 |       cpu-2000
  --------------------------------------------- | -------------- | -------------- | --------------
  Model description load                        |          3.453 |          3.062 |          2.446
  Rapid-fire streaming simulation               |         15.517 |         11.309 |              —
  Simulink instant eval (start==stop)           |         19.467 |         12.428 |          7.676
  Simulink time-series (10 points)              |         14.205 |         10.926 |         10.572
  Simulink time-series (100 points)             |         15.716 |         10.559 |              —
  Simulink time-series (1000 points)            |         22.941 |          7.911 |              —
  --------------------------------------------- | -------------- | -------------- | --------------
  TOTAL (sum)                                   |         91.298 |         56.195 |         20.694
  AVERAGE                                       |         15.216 |          9.366 |          6.898
  BEST (min)                                    |          3.453 |          3.062 |          2.446
  WORST (max)                                   |         22.941 |         12.428 |         10.572

  Total results collected: 15  (6 scenarios x 3 configs)


=====================================================================================================
  CPU / Sim-Type Comparison
=====================================================================================================

  Mean Latency (ms)
  Benchmark                                     |       cpu-1000 |       cpu-4000 |       cpu-2000
  --------------------------------------------- | -------------- | -------------- | --------------
  Model description load                        |          3.186 |          2.109 |          2.107
  Rapid-fire streaming simulation               |         11.356 |          8.675 |              —
  Simulink instant eval (start==stop)           |         10.367 |          7.829 |          6.758
  Simulink time-series (10 points)              |         10.612 |          8.262 |          7.989
  Simulink time-series (100 points)             |         11.423 |          7.816 |              —
  Simulink time-series (1000 points)            |         13.441 |          6.688 |              —
  --------------------------------------------- | -------------- | -------------- | --------------
  TOTAL (sum)                                   |         60.385 |         41.380 |         16.853
  AVERAGE                                       |         10.064 |          6.897 |          5.618
  BEST (min)                                    |          3.186 |          2.109 |          2.107
  WORST (max)                                   |         13.441 |          8.675 |          7.989

  Throughput (ops/s)
  Benchmark                                     |       cpu-1000 |       cpu-4000 |       cpu-2000
  --------------------------------------------- | -------------- | -------------- | --------------
  Model description load                        |          313.9 |          474.1 |          474.7
  Rapid-fire streaming simulation               |           88.1 |          115.3 |              —
  Simulink instant eval (start==stop)           |           96.5 |          127.7 |          148.0
  Simulink time-series (10 points)              |           94.2 |          121.0 |          125.2
  Simulink time-series (100 points)             |           87.5 |          127.9 |              —
  Simulink time-series (1000 points)            |           74.4 |          149.5 |              —
  --------------------------------------------- | -------------- | -------------- | --------------
  TOTAL (sum)                                   |          754.5 |         1115.6 |          747.9
  AVERAGE                                       |          125.8 |          185.9 |          249.3
  BEST (min)                                    |           74.4 |          115.3 |          125.2
  WORST (max)                                   |          313.9 |          474.1 |          474.7

  P95 Latency (ms)
  Benchmark                                     |       cpu-1000 |       cpu-4000 |       cpu-2000
  --------------------------------------------- | -------------- | -------------- | --------------
  Model description load                        |          6.932 |          3.062 |          2.446
  Rapid-fire streaming simulation               |         15.517 |         11.309 |              —
  Simulink instant eval (start==stop)           |         19.467 |         12.428 |          7.676
  Simulink time-series (10 points)              |         14.205 |         10.926 |         10.572
  Simulink time-series (100 points)             |         15.716 |         10.559 |              —
  Simulink time-series (1000 points)            |         22.941 |          7.911 |              —
  --------------------------------------------- | -------------- | -------------- | --------------
  TOTAL (sum)                                   |         94.777 |         56.195 |         20.694
  AVERAGE                                       |         15.796 |          9.366 |          6.898
  BEST (min)                                    |          6.932 |          3.062 |          2.446
  WORST (max)                                   |         22.941 |         12.428 |         10.572

  Total results collected: 15  (6 scenarios x 3 configs)


=====================================================================================================
  CPU / Sim-Type Comparison
=====================================================================================================

  Mean Latency (ms)
  Benchmark                                     |       cpu-1000 |       cpu-4000 |       cpu-2000
  --------------------------------------------- | -------------- | -------------- | --------------
  Model description load                        |          3.186 |          2.109 |          2.107
  Rapid-fire streaming simulation               |         11.356 |          8.675 |              —
  Simulink instant eval (start==stop)           |         10.367 |          7.829 |          6.758
  Simulink time-series (10 points)              |         10.612 |          8.262 |          7.989
  Simulink time-series (100 points)             |         11.423 |          7.816 |          6.905
  Simulink time-series (1000 points)            |         13.441 |          6.688 |              —
  --------------------------------------------- | -------------- | -------------- | --------------
  TOTAL (sum)                                   |         60.385 |         41.380 |         23.758
  AVERAGE                                       |         10.064 |          6.897 |          5.939
  BEST (min)                                    |          3.186 |          2.109 |          2.107
  WORST (max)                                   |         13.441 |          8.675 |          7.989

  Throughput (ops/s)
  Benchmark                                     |       cpu-1000 |       cpu-4000 |       cpu-2000
  --------------------------------------------- | -------------- | -------------- | --------------
  Model description load                        |          313.9 |          474.1 |          474.7
  Rapid-fire streaming simulation               |           88.1 |          115.3 |              —
  Simulink instant eval (start==stop)           |           96.5 |          127.7 |          148.0
  Simulink time-series (10 points)              |           94.2 |          121.0 |          125.2
  Simulink time-series (100 points)             |           87.5 |          127.9 |          144.8
  Simulink time-series (1000 points)            |           74.4 |          149.5 |              —
  --------------------------------------------- | -------------- | -------------- | --------------
  TOTAL (sum)                                   |          754.5 |         1115.6 |          892.7
  AVERAGE                                       |          125.8 |          185.9 |          223.2
  BEST (min)                                    |           74.4 |          115.3 |          125.2
  WORST (max)                                   |          313.9 |          474.1 |          474.7

  P95 Latency (ms)
  Benchmark                                     |       cpu-1000 |       cpu-4000 |       cpu-2000
  --------------------------------------------- | -------------- | -------------- | --------------
  Model description load                        |          6.932 |          3.062 |          2.446
  Rapid-fire streaming simulation               |         15.517 |         11.309 |              —
  Simulink instant eval (start==stop)           |         19.467 |         12.428 |          7.676
  Simulink time-series (10 points)              |         14.205 |         10.926 |         10.572
  Simulink time-series (100 points)             |         15.716 |         10.559 |          7.792
  Simulink time-series (1000 points)            |         22.941 |          7.911 |              —
  --------------------------------------------- | -------------- | -------------- | --------------
  TOTAL (sum)                                   |         94.777 |         56.195 |         28.486
  AVERAGE                                       |         15.796 |          9.366 |          7.121
  BEST (min)                                    |          6.932 |          3.062 |          2.446
  WORST (max)                                   |         22.941 |         12.428 |         10.572

  Total results collected: 16  (6 scenarios x 3 configs)


=====================================================================================================
  CPU / Sim-Type Comparison
=====================================================================================================

  Mean Latency (ms)
  Benchmark                                     |       cpu-1000 |       cpu-4000 |       cpu-2000
  --------------------------------------------- | -------------- | -------------- | --------------
  BouncingBall free-run (stop=1.0s)             |              — |          7.783 |              —
  Model description load                        |          3.186 |          2.109 |          2.107
  Rapid-fire streaming simulation               |         11.356 |          8.675 |              —
  Simulink instant eval (start==stop)           |         10.367 |          7.829 |          6.758
  Simulink time-series (10 points)              |         10.612 |          8.262 |          7.989
  Simulink time-series (100 points)             |         11.423 |          7.816 |          6.905
  Simulink time-series (1000 points)            |         13.441 |          6.688 |              —
  --------------------------------------------- | -------------- | -------------- | --------------
  TOTAL (sum)                                   |         60.385 |         49.163 |         23.758
  AVERAGE                                       |         10.064 |          7.023 |          5.939
  BEST (min)                                    |          3.186 |          2.109 |          2.107
  WORST (max)                                   |         13.441 |          8.675 |          7.989

  Throughput (ops/s)
  Benchmark                                     |       cpu-1000 |       cpu-4000 |       cpu-2000
  --------------------------------------------- | -------------- | -------------- | --------------
  BouncingBall free-run (stop=1.0s)             |              — |          128.5 |              —
  Model description load                        |          313.9 |          474.1 |          474.7
  Rapid-fire streaming simulation               |           88.1 |          115.3 |              —
  Simulink instant eval (start==stop)           |           96.5 |          127.7 |          148.0
  Simulink time-series (10 points)              |           94.2 |          121.0 |          125.2
  Simulink time-series (100 points)             |           87.5 |          127.9 |          144.8
  Simulink time-series (1000 points)            |           74.4 |          149.5 |              —
  --------------------------------------------- | -------------- | -------------- | --------------
  TOTAL (sum)                                   |          754.5 |         1244.1 |          892.7
  AVERAGE                                       |          125.8 |          177.7 |          223.2
  BEST (min)                                    |           74.4 |          115.3 |          125.2
  WORST (max)                                   |          313.9 |          474.1 |          474.7

  P95 Latency (ms)
  Benchmark                                     |       cpu-1000 |       cpu-4000 |       cpu-2000
  --------------------------------------------- | -------------- | -------------- | --------------
  BouncingBall free-run (stop=1.0s)             |              — |          9.090 |              —
  Model description load                        |          6.932 |          3.062 |          2.446
  Rapid-fire streaming simulation               |         15.517 |         11.309 |              —
  Simulink instant eval (start==stop)           |         19.467 |         12.428 |          7.676
  Simulink time-series (10 points)              |         14.205 |         10.926 |         10.572
  Simulink time-series (100 points)             |         15.716 |         10.559 |          7.792
  Simulink time-series (1000 points)            |         22.941 |          7.911 |              —
  --------------------------------------------- | -------------- | -------------- | --------------
  TOTAL (sum)                                   |         94.777 |         65.284 |         28.486
  AVERAGE                                       |         15.796 |          9.326 |          7.121
  BEST (min)                                    |          6.932 |          3.062 |          2.446
  WORST (max)                                   |         22.941 |         12.428 |         10.572

  Total results collected: 17  (7 scenarios x 3 configs)


=====================================================================================================
  CPU / Sim-Type Comparison
=====================================================================================================

  Mean Latency (ms)
  Benchmark                                     |       cpu-1000 |       cpu-4000 |       cpu-2000
  --------------------------------------------- | -------------- | -------------- | --------------
  BouncingBall free-run (stop=1.0s)             |              — |          7.783 |              —
  Model description load                        |          3.186 |          2.109 |          2.107
  Rapid-fire streaming simulation               |         11.356 |          8.675 |              —
  Simulink instant eval (start==stop)           |         10.367 |          7.829 |          6.758
  Simulink time-series (10 points)              |         10.612 |          8.262 |          7.989
  Simulink time-series (100 points)             |         11.423 |          7.816 |          6.905
  Simulink time-series (1000 points)            |         13.441 |          6.688 |          6.884
  --------------------------------------------- | -------------- | -------------- | --------------
  TOTAL (sum)                                   |         60.385 |         49.163 |         30.642
  AVERAGE                                       |         10.064 |          7.023 |          6.128
  BEST (min)                                    |          3.186 |          2.109 |          2.107
  WORST (max)                                   |         13.441 |          8.675 |          7.989

  Throughput (ops/s)
  Benchmark                                     |       cpu-1000 |       cpu-4000 |       cpu-2000
  --------------------------------------------- | -------------- | -------------- | --------------
  BouncingBall free-run (stop=1.0s)             |              — |          128.5 |              —
  Model description load                        |          313.9 |          474.1 |          474.7
  Rapid-fire streaming simulation               |           88.1 |          115.3 |              —
  Simulink instant eval (start==stop)           |           96.5 |          127.7 |          148.0
  Simulink time-series (10 points)              |           94.2 |          121.0 |          125.2
  Simulink time-series (100 points)             |           87.5 |          127.9 |          144.8
  Simulink time-series (1000 points)            |           74.4 |          149.5 |          145.3
  --------------------------------------------- | -------------- | -------------- | --------------
  TOTAL (sum)                                   |          754.5 |         1244.1 |         1038.0
  AVERAGE                                       |          125.8 |          177.7 |          207.6
  BEST (min)                                    |           74.4 |          115.3 |          125.2
  WORST (max)                                   |          313.9 |          474.1 |          474.7

  P95 Latency (ms)
  Benchmark                                     |       cpu-1000 |       cpu-4000 |       cpu-2000
  --------------------------------------------- | -------------- | -------------- | --------------
  BouncingBall free-run (stop=1.0s)             |              — |          9.090 |              —
  Model description load                        |          6.932 |          3.062 |          2.446
  Rapid-fire streaming simulation               |         15.517 |         11.309 |              —
  Simulink instant eval (start==stop)           |         19.467 |         12.428 |          7.676
  Simulink time-series (10 points)              |         14.205 |         10.926 |         10.572
  Simulink time-series (100 points)             |         15.716 |         10.559 |          7.792
  Simulink time-series (1000 points)            |         22.941 |          7.911 |          9.652
  --------------------------------------------- | -------------- | -------------- | --------------
  TOTAL (sum)                                   |         94.777 |         65.284 |         38.138
  AVERAGE                                       |         15.796 |          9.326 |          7.628
  BEST (min)                                    |          6.932 |          3.062 |          2.446
  WORST (max)                                   |         22.941 |         12.428 |         10.572

  Total results collected: 18  (7 scenarios x 3 configs)


=====================================================================================================
  CPU / Sim-Type Comparison
=====================================================================================================

  Mean Latency (ms)
  Benchmark                                     |       cpu-1000 |       cpu-4000 |       cpu-2000
  --------------------------------------------- | -------------- | -------------- | --------------
  BouncingBall free-run (stop=1.0s)             |         11.545 |          7.783 |              —
  Model description load                        |          3.186 |          2.109 |          2.107
  Rapid-fire streaming simulation               |         11.356 |          8.675 |              —
  Simulink instant eval (start==stop)           |         10.367 |          7.829 |          6.758
  Simulink time-series (10 points)              |         10.612 |          8.262 |          7.989
  Simulink time-series (100 points)             |         11.423 |          7.816 |          6.905
  Simulink time-series (1000 points)            |         13.441 |          6.688 |          6.884
  --------------------------------------------- | -------------- | -------------- | --------------
  TOTAL (sum)                                   |         71.930 |         49.163 |         30.642
  AVERAGE                                       |         10.276 |          7.023 |          6.128
  BEST (min)                                    |          3.186 |          2.109 |          2.107
  WORST (max)                                   |         13.441 |          8.675 |          7.989

  Throughput (ops/s)
  Benchmark                                     |       cpu-1000 |       cpu-4000 |       cpu-2000
  --------------------------------------------- | -------------- | -------------- | --------------
  BouncingBall free-run (stop=1.0s)             |           86.6 |          128.5 |              —
  Model description load                        |          313.9 |          474.1 |          474.7
  Rapid-fire streaming simulation               |           88.1 |          115.3 |              —
  Simulink instant eval (start==stop)           |           96.5 |          127.7 |          148.0
  Simulink time-series (10 points)              |           94.2 |          121.0 |          125.2
  Simulink time-series (100 points)             |           87.5 |          127.9 |          144.8
  Simulink time-series (1000 points)            |           74.4 |          149.5 |          145.3
  --------------------------------------------- | -------------- | -------------- | --------------
  TOTAL (sum)                                   |          841.2 |         1244.1 |         1038.0
  AVERAGE                                       |          120.2 |          177.7 |          207.6
  BEST (min)                                    |           74.4 |          115.3 |          125.2
  WORST (max)                                   |          313.9 |          474.1 |          474.7

  P95 Latency (ms)
  Benchmark                                     |       cpu-1000 |       cpu-4000 |       cpu-2000
  --------------------------------------------- | -------------- | -------------- | --------------
  BouncingBall free-run (stop=1.0s)             |         15.104 |          9.090 |              —
  Model description load                        |          6.932 |          3.062 |          2.446
  Rapid-fire streaming simulation               |         15.517 |         11.309 |              —
  Simulink instant eval (start==stop)           |         19.467 |         12.428 |          7.676
  Simulink time-series (10 points)              |         14.205 |         10.926 |         10.572
  Simulink time-series (100 points)             |         15.716 |         10.559 |          7.792
  Simulink time-series (1000 points)            |         22.941 |          7.911 |          9.652
  --------------------------------------------- | -------------- | -------------- | --------------
  TOTAL (sum)                                   |        109.881 |         65.284 |         38.138
  AVERAGE                                       |         15.697 |          9.326 |          7.628
  BEST (min)                                    |          6.932 |          3.062 |          2.446
  WORST (max)                                   |         22.941 |         12.428 |         10.572

  Total results collected: 19  (7 scenarios x 3 configs)


=====================================================================================================
  CPU / Sim-Type Comparison
=====================================================================================================

  Mean Latency (ms)
  Benchmark                                     |       cpu-1000 |       cpu-4000 |       cpu-2000
  --------------------------------------------- | -------------- | -------------- | --------------
  BouncingBall free-run (stop=1.0s)             |         11.545 |          7.783 |              —
  Model description load                        |          3.186 |          2.109 |          2.107
  Rapid-fire streaming simulation               |         11.356 |          8.675 |          6.582
  Simulink instant eval (start==stop)           |         10.367 |          7.829 |          6.758
  Simulink time-series (10 points)              |         10.612 |          8.262 |          7.989
  Simulink time-series (100 points)             |         11.423 |          7.816 |          6.905
  Simulink time-series (1000 points)            |         13.441 |          6.688 |          6.884
  --------------------------------------------- | -------------- | -------------- | --------------
  TOTAL (sum)                                   |         71.930 |         49.163 |         37.224
  AVERAGE                                       |         10.276 |          7.023 |          6.204
  BEST (min)                                    |          3.186 |          2.109 |          2.107
  WORST (max)                                   |         13.441 |          8.675 |          7.989

  Throughput (ops/s)
  Benchmark                                     |       cpu-1000 |       cpu-4000 |       cpu-2000
  --------------------------------------------- | -------------- | -------------- | --------------
  BouncingBall free-run (stop=1.0s)             |           86.6 |          128.5 |              —
  Model description load                        |          313.9 |          474.1 |          474.7
  Rapid-fire streaming simulation               |           88.1 |          115.3 |          151.9
  Simulink instant eval (start==stop)           |           96.5 |          127.7 |          148.0
  Simulink time-series (10 points)              |           94.2 |          121.0 |          125.2
  Simulink time-series (100 points)             |           87.5 |          127.9 |          144.8
  Simulink time-series (1000 points)            |           74.4 |          149.5 |          145.3
  --------------------------------------------- | -------------- | -------------- | --------------
  TOTAL (sum)                                   |          841.2 |         1244.1 |         1189.9
  AVERAGE                                       |          120.2 |          177.7 |          198.3
  BEST (min)                                    |           74.4 |          115.3 |          125.2
  WORST (max)                                   |          313.9 |          474.1 |          474.7

  P95 Latency (ms)
  Benchmark                                     |       cpu-1000 |       cpu-4000 |       cpu-2000
  --------------------------------------------- | -------------- | -------------- | --------------
  BouncingBall free-run (stop=1.0s)             |         15.104 |          9.090 |              —
  Model description load                        |          6.932 |          3.062 |          2.446
  Rapid-fire streaming simulation               |         15.517 |         11.309 |          7.582
  Simulink instant eval (start==stop)           |         19.467 |         12.428 |          7.676
  Simulink time-series (10 points)              |         14.205 |         10.926 |         10.572
  Simulink time-series (100 points)             |         15.716 |         10.559 |          7.792
  Simulink time-series (1000 points)            |         22.941 |          7.911 |          9.652
  --------------------------------------------- | -------------- | -------------- | --------------
  TOTAL (sum)                                   |        109.881 |         65.284 |         45.720
  AVERAGE                                       |         15.697 |          9.326 |          7.620
  BEST (min)                                    |          6.932 |          3.062 |          2.446
  WORST (max)                                   |         22.941 |         12.428 |         10.572

  Total results collected: 20  (7 scenarios x 3 configs)


=====================================================================================================
  CPU / Sim-Type Comparison
=====================================================================================================

  Mean Latency (ms)
  Benchmark                                     |       cpu-1000 |       cpu-4000 |       cpu-2000
  --------------------------------------------- | -------------- | -------------- | --------------
  BouncingBall free-run (stop=1.0s)             |         11.545 |          7.783 |              —
  Model description load                        |          3.186 |          2.109 |          1.734
  Rapid-fire streaming simulation               |         11.356 |          8.675 |          6.582
  Simulink instant eval (start==stop)           |         10.367 |          7.829 |          6.758
  Simulink time-series (10 points)              |         10.612 |          8.262 |          7.989
  Simulink time-series (100 points)             |         11.423 |          7.816 |          6.905
  Simulink time-series (1000 points)            |         13.441 |          6.688 |          6.884
  --------------------------------------------- | -------------- | -------------- | --------------
  TOTAL (sum)                                   |         71.930 |         49.163 |         36.852
  AVERAGE                                       |         10.276 |          7.023 |          6.142
  BEST (min)                                    |          3.186 |          2.109 |          1.734
  WORST (max)                                   |         13.441 |          8.675 |          7.989

  Throughput (ops/s)
  Benchmark                                     |       cpu-1000 |       cpu-4000 |       cpu-2000
  --------------------------------------------- | -------------- | -------------- | --------------
  BouncingBall free-run (stop=1.0s)             |           86.6 |          128.5 |              —
  Model description load                        |          313.9 |          474.1 |          576.8
  Rapid-fire streaming simulation               |           88.1 |          115.3 |          151.9
  Simulink instant eval (start==stop)           |           96.5 |          127.7 |          148.0
  Simulink time-series (10 points)              |           94.2 |          121.0 |          125.2
  Simulink time-series (100 points)             |           87.5 |          127.9 |          144.8
  Simulink time-series (1000 points)            |           74.4 |          149.5 |          145.3
  --------------------------------------------- | -------------- | -------------- | --------------
  TOTAL (sum)                                   |          841.2 |         1244.1 |         1291.9
  AVERAGE                                       |          120.2 |          177.7 |          215.3
  BEST (min)                                    |           74.4 |          115.3 |          125.2
  WORST (max)                                   |          313.9 |          474.1 |          576.8

  P95 Latency (ms)
  Benchmark                                     |       cpu-1000 |       cpu-4000 |       cpu-2000
  --------------------------------------------- | -------------- | -------------- | --------------
  BouncingBall free-run (stop=1.0s)             |         15.104 |          9.090 |              —
  Model description load                        |          6.932 |          3.062 |          1.956
  Rapid-fire streaming simulation               |         15.517 |         11.309 |          7.582
  Simulink instant eval (start==stop)           |         19.467 |         12.428 |          7.676
  Simulink time-series (10 points)              |         14.205 |         10.926 |         10.572
  Simulink time-series (100 points)             |         15.716 |         10.559 |          7.792
  Simulink time-series (1000 points)            |         22.941 |          7.911 |          9.652
  --------------------------------------------- | -------------- | -------------- | --------------
  TOTAL (sum)                                   |        109.881 |         65.284 |         45.230
  AVERAGE                                       |         15.697 |          9.326 |          7.538
  BEST (min)                                    |          6.932 |          3.062 |          1.956
  WORST (max)                                   |         22.941 |         12.428 |         10.572

  Total results collected: 20  (7 scenarios x 3 configs)


=====================================================================================================
  CPU / Sim-Type Comparison
=====================================================================================================

  Mean Latency (ms)
  Benchmark                                     |       cpu-1000 |       cpu-4000 |       cpu-2000
  --------------------------------------------- | -------------- | -------------- | --------------
  BouncingBall free-run (stop=1.0s)             |         11.545 |          7.783 |              —
  BouncingBall free-run (stop=5.0s)             |              — |         11.735 |              —
  Model description load                        |          3.186 |          2.109 |          1.734
  Rapid-fire streaming simulation               |         11.356 |          8.675 |          6.582
  Simulink instant eval (start==stop)           |         10.367 |          7.829 |          6.758
  Simulink time-series (10 points)              |         10.612 |          8.262 |          7.989
  Simulink time-series (100 points)             |         11.423 |          7.816 |          6.905
  Simulink time-series (1000 points)            |         13.441 |          6.688 |          6.884
  --------------------------------------------- | -------------- | -------------- | --------------
  TOTAL (sum)                                   |         71.930 |         60.898 |         36.852
  AVERAGE                                       |         10.276 |          7.612 |          6.142
  BEST (min)                                    |          3.186 |          2.109 |          1.734
  WORST (max)                                   |         13.441 |         11.735 |          7.989

  Throughput (ops/s)
  Benchmark                                     |       cpu-1000 |       cpu-4000 |       cpu-2000
  --------------------------------------------- | -------------- | -------------- | --------------
  BouncingBall free-run (stop=1.0s)             |           86.6 |          128.5 |              —
  BouncingBall free-run (stop=5.0s)             |              — |           85.2 |              —
  Model description load                        |          313.9 |          474.1 |          576.8
  Rapid-fire streaming simulation               |           88.1 |          115.3 |          151.9
  Simulink instant eval (start==stop)           |           96.5 |          127.7 |          148.0
  Simulink time-series (10 points)              |           94.2 |          121.0 |          125.2
  Simulink time-series (100 points)             |           87.5 |          127.9 |          144.8
  Simulink time-series (1000 points)            |           74.4 |          149.5 |          145.3
  --------------------------------------------- | -------------- | -------------- | --------------
  TOTAL (sum)                                   |          841.2 |         1329.3 |         1291.9
  AVERAGE                                       |          120.2 |          166.2 |          215.3
  BEST (min)                                    |           74.4 |           85.2 |          125.2
  WORST (max)                                   |          313.9 |          474.1 |          576.8

  P95 Latency (ms)
  Benchmark                                     |       cpu-1000 |       cpu-4000 |       cpu-2000
  --------------------------------------------- | -------------- | -------------- | --------------
  BouncingBall free-run (stop=1.0s)             |         15.104 |          9.090 |              —
  BouncingBall free-run (stop=5.0s)             |              — |         14.753 |              —
  Model description load                        |          6.932 |          3.062 |          1.956
  Rapid-fire streaming simulation               |         15.517 |         11.309 |          7.582
  Simulink instant eval (start==stop)           |         19.467 |         12.428 |          7.676
  Simulink time-series (10 points)              |         14.205 |         10.926 |         10.572
  Simulink time-series (100 points)             |         15.716 |         10.559 |          7.792
  Simulink time-series (1000 points)            |         22.941 |          7.911 |          9.652
  --------------------------------------------- | -------------- | -------------- | --------------
  TOTAL (sum)                                   |        109.881 |         80.037 |         45.230
  AVERAGE                                       |         15.697 |         10.005 |          7.538
  BEST (min)                                    |          6.932 |          3.062 |          1.956
  WORST (max)                                   |         22.941 |         14.753 |         10.572

  Total results collected: 21  (8 scenarios x 3 configs)


=====================================================================================================
  CPU / Sim-Type Comparison
=====================================================================================================

  Mean Latency (ms)
  Benchmark                                     |       cpu-1000 |       cpu-4000 |       cpu-2000
  --------------------------------------------- | -------------- | -------------- | --------------
  BouncingBall free-run (stop=1.0s)             |         11.545 |          7.783 |          8.990
  BouncingBall free-run (stop=5.0s)             |              — |         11.735 |              —
  Model description load                        |          3.186 |          2.109 |          1.734
  Rapid-fire streaming simulation               |         11.356 |          8.675 |          6.582
  Simulink instant eval (start==stop)           |         10.367 |          7.829 |          6.758
  Simulink time-series (10 points)              |         10.612 |          8.262 |          7.989
  Simulink time-series (100 points)             |         11.423 |          7.816 |          6.905
  Simulink time-series (1000 points)            |         13.441 |          6.688 |          6.884
  --------------------------------------------- | -------------- | -------------- | --------------
  TOTAL (sum)                                   |         71.930 |         60.898 |         45.842
  AVERAGE                                       |         10.276 |          7.612 |          6.549
  BEST (min)                                    |          3.186 |          2.109 |          1.734
  WORST (max)                                   |         13.441 |         11.735 |          8.990

  Throughput (ops/s)
  Benchmark                                     |       cpu-1000 |       cpu-4000 |       cpu-2000
  --------------------------------------------- | -------------- | -------------- | --------------
  BouncingBall free-run (stop=1.0s)             |           86.6 |          128.5 |          111.2
  BouncingBall free-run (stop=5.0s)             |              — |           85.2 |              —
  Model description load                        |          313.9 |          474.1 |          576.8
  Rapid-fire streaming simulation               |           88.1 |          115.3 |          151.9
  Simulink instant eval (start==stop)           |           96.5 |          127.7 |          148.0
  Simulink time-series (10 points)              |           94.2 |          121.0 |          125.2
  Simulink time-series (100 points)             |           87.5 |          127.9 |          144.8
  Simulink time-series (1000 points)            |           74.4 |          149.5 |          145.3
  --------------------------------------------- | -------------- | -------------- | --------------
  TOTAL (sum)                                   |          841.2 |         1329.3 |         1403.2
  AVERAGE                                       |          120.2 |          166.2 |          200.5
  BEST (min)                                    |           74.4 |           85.2 |          111.2
  WORST (max)                                   |          313.9 |          474.1 |          576.8

  P95 Latency (ms)
  Benchmark                                     |       cpu-1000 |       cpu-4000 |       cpu-2000
  --------------------------------------------- | -------------- | -------------- | --------------
  BouncingBall free-run (stop=1.0s)             |         15.104 |          9.090 |         11.475
  BouncingBall free-run (stop=5.0s)             |              — |         14.753 |              —
  Model description load                        |          6.932 |          3.062 |          1.956
  Rapid-fire streaming simulation               |         15.517 |         11.309 |          7.582
  Simulink instant eval (start==stop)           |         19.467 |         12.428 |          7.676
  Simulink time-series (10 points)              |         14.205 |         10.926 |         10.572
  Simulink time-series (100 points)             |         15.716 |         10.559 |          7.792
  Simulink time-series (1000 points)            |         22.941 |          7.911 |          9.652
  --------------------------------------------- | -------------- | -------------- | --------------
  TOTAL (sum)                                   |        109.881 |         80.037 |         56.705
  AVERAGE                                       |         15.697 |         10.005 |          8.101
  BEST (min)                                    |          6.932 |          3.062 |          1.956
  WORST (max)                                   |         22.941 |         14.753 |         11.475

  Total results collected: 22  (8 scenarios x 3 configs)


=====================================================================================================
  CPU / Sim-Type Comparison
=====================================================================================================

  Mean Latency (ms)
  Benchmark                                     |       cpu-1000 |       cpu-4000 |       cpu-2000
  --------------------------------------------- | -------------- | -------------- | --------------
  BouncingBall free-run (stop=1.0s)             |         11.545 |          7.783 |          8.990
  BouncingBall free-run (stop=5.0s)             |         16.459 |         11.735 |              —
  Model description load                        |          3.186 |          2.109 |          1.734
  Rapid-fire streaming simulation               |         11.356 |          8.675 |          6.582
  Simulink instant eval (start==stop)           |         10.367 |          7.829 |          6.758
  Simulink time-series (10 points)              |         10.612 |          8.262 |          7.989
  Simulink time-series (100 points)             |         11.423 |          7.816 |          6.905
  Simulink time-series (1000 points)            |         13.441 |          6.688 |          6.884
  --------------------------------------------- | -------------- | -------------- | --------------
  TOTAL (sum)                                   |         88.389 |         60.898 |         45.842
  AVERAGE                                       |         11.049 |          7.612 |          6.549
  BEST (min)                                    |          3.186 |          2.109 |          1.734
  WORST (max)                                   |         16.459 |         11.735 |          8.990

  Throughput (ops/s)
  Benchmark                                     |       cpu-1000 |       cpu-4000 |       cpu-2000
  --------------------------------------------- | -------------- | -------------- | --------------
  BouncingBall free-run (stop=1.0s)             |           86.6 |          128.5 |          111.2
  BouncingBall free-run (stop=5.0s)             |           60.8 |           85.2 |              —
  Model description load                        |          313.9 |          474.1 |          576.8
  Rapid-fire streaming simulation               |           88.1 |          115.3 |          151.9
  Simulink instant eval (start==stop)           |           96.5 |          127.7 |          148.0
  Simulink time-series (10 points)              |           94.2 |          121.0 |          125.2
  Simulink time-series (100 points)             |           87.5 |          127.9 |          144.8
  Simulink time-series (1000 points)            |           74.4 |          149.5 |          145.3
  --------------------------------------------- | -------------- | -------------- | --------------
  TOTAL (sum)                                   |          901.9 |         1329.3 |         1403.2
  AVERAGE                                       |          112.7 |          166.2 |          200.5
  BEST (min)                                    |           60.8 |           85.2 |          111.2
  WORST (max)                                   |          313.9 |          474.1 |          576.8

  P95 Latency (ms)
  Benchmark                                     |       cpu-1000 |       cpu-4000 |       cpu-2000
  --------------------------------------------- | -------------- | -------------- | --------------
  BouncingBall free-run (stop=1.0s)             |         15.104 |          9.090 |         11.475
  BouncingBall free-run (stop=5.0s)             |         19.770 |         14.753 |              —
  Model description load                        |          6.932 |          3.062 |          1.956
  Rapid-fire streaming simulation               |         15.517 |         11.309 |          7.582
  Simulink instant eval (start==stop)           |         19.467 |         12.428 |          7.676
  Simulink time-series (10 points)              |         14.205 |         10.926 |         10.572
  Simulink time-series (100 points)             |         15.716 |         10.559 |          7.792
  Simulink time-series (1000 points)            |         22.941 |          7.911 |          9.652
  --------------------------------------------- | -------------- | -------------- | --------------
  TOTAL (sum)                                   |        129.652 |         80.037 |         56.705
  AVERAGE                                       |         16.206 |         10.005 |          8.101
  BEST (min)                                    |          6.932 |          3.062 |          1.956
  WORST (max)                                   |         22.941 |         14.753 |         11.475

  Total results collected: 23  (8 scenarios x 3 configs)


=====================================================================================================
  CPU / Sim-Type Comparison
=====================================================================================================

  Mean Latency (ms)
  Benchmark                                     |       cpu-1000 |       cpu-4000 |       cpu-2000
  --------------------------------------------- | -------------- | -------------- | --------------
  BouncingBall free-run (stop=1.0s)             |         11.545 |          7.783 |          8.990
  BouncingBall free-run (stop=10.0s)            |              — |         20.540 |              —
  BouncingBall free-run (stop=5.0s)             |         16.459 |         11.735 |              —
  Model description load                        |          3.186 |          2.109 |          1.734
  Rapid-fire streaming simulation               |         11.356 |          8.675 |          6.582
  Simulink instant eval (start==stop)           |         10.367 |          7.829 |          6.758
  Simulink time-series (10 points)              |         10.612 |          8.262 |          7.989
  Simulink time-series (100 points)             |         11.423 |          7.816 |          6.905
  Simulink time-series (1000 points)            |         13.441 |          6.688 |          6.884
  --------------------------------------------- | -------------- | -------------- | --------------
  TOTAL (sum)                                   |         88.389 |         81.438 |         45.842
  AVERAGE                                       |         11.049 |          9.049 |          6.549
  BEST (min)                                    |          3.186 |          2.109 |          1.734
  WORST (max)                                   |         16.459 |         20.540 |          8.990

  Throughput (ops/s)
  Benchmark                                     |       cpu-1000 |       cpu-4000 |       cpu-2000
  --------------------------------------------- | -------------- | -------------- | --------------
  BouncingBall free-run (stop=1.0s)             |           86.6 |          128.5 |          111.2
  BouncingBall free-run (stop=10.0s)            |              — |           48.7 |              —
  BouncingBall free-run (stop=5.0s)             |           60.8 |           85.2 |              —
  Model description load                        |          313.9 |          474.1 |          576.8
  Rapid-fire streaming simulation               |           88.1 |          115.3 |          151.9
  Simulink instant eval (start==stop)           |           96.5 |          127.7 |          148.0
  Simulink time-series (10 points)              |           94.2 |          121.0 |          125.2
  Simulink time-series (100 points)             |           87.5 |          127.9 |          144.8
  Simulink time-series (1000 points)            |           74.4 |          149.5 |          145.3
  --------------------------------------------- | -------------- | -------------- | --------------
  TOTAL (sum)                                   |          901.9 |         1378.0 |         1403.2
  AVERAGE                                       |          112.7 |          153.1 |          200.5
  BEST (min)                                    |           60.8 |           48.7 |          111.2
  WORST (max)                                   |          313.9 |          474.1 |          576.8

  P95 Latency (ms)
  Benchmark                                     |       cpu-1000 |       cpu-4000 |       cpu-2000
  --------------------------------------------- | -------------- | -------------- | --------------
  BouncingBall free-run (stop=1.0s)             |         15.104 |          9.090 |         11.475
  BouncingBall free-run (stop=10.0s)            |              — |         26.668 |              —
  BouncingBall free-run (stop=5.0s)             |         19.770 |         14.753 |              —
  Model description load                        |          6.932 |          3.062 |          1.956
  Rapid-fire streaming simulation               |         15.517 |         11.309 |          7.582
  Simulink instant eval (start==stop)           |         19.467 |         12.428 |          7.676
  Simulink time-series (10 points)              |         14.205 |         10.926 |         10.572
  Simulink time-series (100 points)             |         15.716 |         10.559 |          7.792
  Simulink time-series (1000 points)            |         22.941 |          7.911 |          9.652
  --------------------------------------------- | -------------- | -------------- | --------------
  TOTAL (sum)                                   |        129.652 |        106.705 |         56.705
  AVERAGE                                       |         16.206 |         11.856 |          8.101
  BEST (min)                                    |          6.932 |          3.062 |          1.956
  WORST (max)                                   |         22.941 |         26.668 |         11.475

  Total results collected: 24  (9 scenarios x 3 configs)


=====================================================================================================
  CPU / Sim-Type Comparison
=====================================================================================================

  Mean Latency (ms)
  Benchmark                                     |       cpu-1000 |       cpu-4000 |       cpu-2000
  --------------------------------------------- | -------------- | -------------- | --------------
  BouncingBall free-run (stop=1.0s)             |         11.545 |          7.783 |          8.990
  BouncingBall free-run (stop=10.0s)            |              — |         20.540 |              —
  BouncingBall free-run (stop=5.0s)             |         16.459 |         11.735 |         12.413
  Model description load                        |          3.186 |          2.109 |          1.734
  Rapid-fire streaming simulation               |         11.356 |          8.675 |          6.582
  Simulink instant eval (start==stop)           |         10.367 |          7.829 |          6.758
  Simulink time-series (10 points)              |         10.612 |          8.262 |          7.989
  Simulink time-series (100 points)             |         11.423 |          7.816 |          6.905
  Simulink time-series (1000 points)            |         13.441 |          6.688 |          6.884
  --------------------------------------------- | -------------- | -------------- | --------------
  TOTAL (sum)                                   |         88.389 |         81.438 |         58.254
  AVERAGE                                       |         11.049 |          9.049 |          7.282
  BEST (min)                                    |          3.186 |          2.109 |          1.734
  WORST (max)                                   |         16.459 |         20.540 |         12.413

  Throughput (ops/s)
  Benchmark                                     |       cpu-1000 |       cpu-4000 |       cpu-2000
  --------------------------------------------- | -------------- | -------------- | --------------
  BouncingBall free-run (stop=1.0s)             |           86.6 |          128.5 |          111.2
  BouncingBall free-run (stop=10.0s)            |              — |           48.7 |              —
  BouncingBall free-run (stop=5.0s)             |           60.8 |           85.2 |           80.6
  Model description load                        |          313.9 |          474.1 |          576.8
  Rapid-fire streaming simulation               |           88.1 |          115.3 |          151.9
  Simulink instant eval (start==stop)           |           96.5 |          127.7 |          148.0
  Simulink time-series (10 points)              |           94.2 |          121.0 |          125.2
  Simulink time-series (100 points)             |           87.5 |          127.9 |          144.8
  Simulink time-series (1000 points)            |           74.4 |          149.5 |          145.3
  --------------------------------------------- | -------------- | -------------- | --------------
  TOTAL (sum)                                   |          901.9 |         1378.0 |         1483.7
  AVERAGE                                       |          112.7 |          153.1 |          185.5
  BEST (min)                                    |           60.8 |           48.7 |           80.6
  WORST (max)                                   |          313.9 |          474.1 |          576.8

  P95 Latency (ms)
  Benchmark                                     |       cpu-1000 |       cpu-4000 |       cpu-2000
  --------------------------------------------- | -------------- | -------------- | --------------
  BouncingBall free-run (stop=1.0s)             |         15.104 |          9.090 |         11.475
  BouncingBall free-run (stop=10.0s)            |              — |         26.668 |              —
  BouncingBall free-run (stop=5.0s)             |         19.770 |         14.753 |         17.166
  Model description load                        |          6.932 |          3.062 |          1.956
  Rapid-fire streaming simulation               |         15.517 |         11.309 |          7.582
  Simulink instant eval (start==stop)           |         19.467 |         12.428 |          7.676
  Simulink time-series (10 points)              |         14.205 |         10.926 |         10.572
  Simulink time-series (100 points)             |         15.716 |         10.559 |          7.792
  Simulink time-series (1000 points)            |         22.941 |          7.911 |          9.652
  --------------------------------------------- | -------------- | -------------- | --------------
  TOTAL (sum)                                   |        129.652 |        106.705 |         73.870
  AVERAGE                                       |         16.206 |         11.856 |          9.234
  BEST (min)                                    |          6.932 |          3.062 |          1.956
  WORST (max)                                   |         22.941 |         26.668 |         17.166

  Total results collected: 25  (9 scenarios x 3 configs)


=====================================================================================================
  CPU / Sim-Type Comparison
=====================================================================================================

  Mean Latency (ms)
  Benchmark                                     |       cpu-1000 |       cpu-4000 |       cpu-2000
  --------------------------------------------- | -------------- | -------------- | --------------
  BouncingBall free-run (stop=1.0s)             |         11.545 |          7.783 |          8.990
  BouncingBall free-run (stop=10.0s)            |         24.480 |         20.540 |              —
  BouncingBall free-run (stop=5.0s)             |         16.459 |         11.735 |         12.413
  Model description load                        |          3.186 |          2.109 |          1.734
  Rapid-fire streaming simulation               |         11.356 |          8.675 |          6.582
  Simulink instant eval (start==stop)           |         10.367 |          7.829 |          6.758
  Simulink time-series (10 points)              |         10.612 |          8.262 |          7.989
  Simulink time-series (100 points)             |         11.423 |          7.816 |          6.905
  Simulink time-series (1000 points)            |         13.441 |          6.688 |          6.884
  --------------------------------------------- | -------------- | -------------- | --------------
  TOTAL (sum)                                   |        112.869 |         81.438 |         58.254
  AVERAGE                                       |         12.541 |          9.049 |          7.282
  BEST (min)                                    |          3.186 |          2.109 |          1.734
  WORST (max)                                   |         24.480 |         20.540 |         12.413

  Throughput (ops/s)
  Benchmark                                     |       cpu-1000 |       cpu-4000 |       cpu-2000
  --------------------------------------------- | -------------- | -------------- | --------------
  BouncingBall free-run (stop=1.0s)             |           86.6 |          128.5 |          111.2
  BouncingBall free-run (stop=10.0s)            |           40.9 |           48.7 |              —
  BouncingBall free-run (stop=5.0s)             |           60.8 |           85.2 |           80.6
  Model description load                        |          313.9 |          474.1 |          576.8
  Rapid-fire streaming simulation               |           88.1 |          115.3 |          151.9
  Simulink instant eval (start==stop)           |           96.5 |          127.7 |          148.0
  Simulink time-series (10 points)              |           94.2 |          121.0 |          125.2
  Simulink time-series (100 points)             |           87.5 |          127.9 |          144.8
  Simulink time-series (1000 points)            |           74.4 |          149.5 |          145.3
  --------------------------------------------- | -------------- | -------------- | --------------
  TOTAL (sum)                                   |          942.8 |         1378.0 |         1483.7
  AVERAGE                                       |          104.8 |          153.1 |          185.5
  BEST (min)                                    |           40.9 |           48.7 |           80.6
  WORST (max)                                   |          313.9 |          474.1 |          576.8

  P95 Latency (ms)
  Benchmark                                     |       cpu-1000 |       cpu-4000 |       cpu-2000
  --------------------------------------------- | -------------- | -------------- | --------------
  BouncingBall free-run (stop=1.0s)             |         15.104 |          9.090 |         11.475
  BouncingBall free-run (stop=10.0s)            |         29.923 |         26.668 |              —
  BouncingBall free-run (stop=5.0s)             |         19.770 |         14.753 |         17.166
  Model description load                        |          6.932 |          3.062 |          1.956
  Rapid-fire streaming simulation               |         15.517 |         11.309 |          7.582
  Simulink instant eval (start==stop)           |         19.467 |         12.428 |          7.676
  Simulink time-series (10 points)              |         14.205 |         10.926 |         10.572
  Simulink time-series (100 points)             |         15.716 |         10.559 |          7.792
  Simulink time-series (1000 points)            |         22.941 |          7.911 |          9.652
  --------------------------------------------- | -------------- | -------------- | --------------
  TOTAL (sum)                                   |        159.575 |        106.705 |         73.870
  AVERAGE                                       |         17.731 |         11.856 |          9.234
  BEST (min)                                    |          6.932 |          3.062 |          1.956
  WORST (max)                                   |         29.923 |         26.668 |         17.166

  Total results collected: 26  (9 scenarios x 3 configs)


=====================================================================================================
  CPU / Sim-Type Comparison
=====================================================================================================

  Mean Latency (ms)
  Benchmark                                     |       cpu-1000 |       cpu-4000 |       cpu-2000
  --------------------------------------------- | -------------- | -------------- | --------------
  BouncingBall free-run (stop=1.0s)             |         11.545 |          7.783 |          8.990
  BouncingBall free-run (stop=10.0s)            |         24.480 |         20.540 |              —
  BouncingBall free-run (stop=20.0s)            |              — |         17.187 |              —
  BouncingBall free-run (stop=5.0s)             |         16.459 |         11.735 |         12.413
  Model description load                        |          3.186 |          2.109 |          1.734
  Rapid-fire streaming simulation               |         11.356 |          8.675 |          6.582
  Simulink instant eval (start==stop)           |         10.367 |          7.829 |          6.758
  Simulink time-series (10 points)              |         10.612 |          8.262 |          7.989
  Simulink time-series (100 points)             |         11.423 |          7.816 |          6.905
  Simulink time-series (1000 points)            |         13.441 |          6.688 |          6.884
  --------------------------------------------- | -------------- | -------------- | --------------
  TOTAL (sum)                                   |        112.869 |         98.625 |         58.254
  AVERAGE                                       |         12.541 |          9.863 |          7.282
  BEST (min)                                    |          3.186 |          2.109 |          1.734
  WORST (max)                                   |         24.480 |         20.540 |         12.413

  Throughput (ops/s)
  Benchmark                                     |       cpu-1000 |       cpu-4000 |       cpu-2000
  --------------------------------------------- | -------------- | -------------- | --------------
  BouncingBall free-run (stop=1.0s)             |           86.6 |          128.5 |          111.2
  BouncingBall free-run (stop=10.0s)            |           40.9 |           48.7 |              —
  BouncingBall free-run (stop=20.0s)            |              — |           58.2 |              —
  BouncingBall free-run (stop=5.0s)             |           60.8 |           85.2 |           80.6
  Model description load                        |          313.9 |          474.1 |          576.8
  Rapid-fire streaming simulation               |           88.1 |          115.3 |          151.9
  Simulink instant eval (start==stop)           |           96.5 |          127.7 |          148.0
  Simulink time-series (10 points)              |           94.2 |          121.0 |          125.2
  Simulink time-series (100 points)             |           87.5 |          127.9 |          144.8
  Simulink time-series (1000 points)            |           74.4 |          149.5 |          145.3
  --------------------------------------------- | -------------- | -------------- | --------------
  TOTAL (sum)                                   |          942.8 |         1436.2 |         1483.7
  AVERAGE                                       |          104.8 |          143.6 |          185.5
  BEST (min)                                    |           40.9 |           48.7 |           80.6
  WORST (max)                                   |          313.9 |          474.1 |          576.8

  P95 Latency (ms)
  Benchmark                                     |       cpu-1000 |       cpu-4000 |       cpu-2000
  --------------------------------------------- | -------------- | -------------- | --------------
  BouncingBall free-run (stop=1.0s)             |         15.104 |          9.090 |         11.475
  BouncingBall free-run (stop=10.0s)            |         29.923 |         26.668 |              —
  BouncingBall free-run (stop=20.0s)            |              — |         22.963 |              —
  BouncingBall free-run (stop=5.0s)             |         19.770 |         14.753 |         17.166
  Model description load                        |          6.932 |          3.062 |          1.956
  Rapid-fire streaming simulation               |         15.517 |         11.309 |          7.582
  Simulink instant eval (start==stop)           |         19.467 |         12.428 |          7.676
  Simulink time-series (10 points)              |         14.205 |         10.926 |         10.572
  Simulink time-series (100 points)             |         15.716 |         10.559 |          7.792
  Simulink time-series (1000 points)            |         22.941 |          7.911 |          9.652
  --------------------------------------------- | -------------- | -------------- | --------------
  TOTAL (sum)                                   |        159.575 |        129.669 |         73.870
  AVERAGE                                       |         17.731 |         12.967 |          9.234
  BEST (min)                                    |          6.932 |          3.062 |          1.956
  WORST (max)                                   |         29.923 |         26.668 |         17.166

  Total results collected: 27  (10 scenarios x 3 configs)


=====================================================================================================
  CPU / Sim-Type Comparison
=====================================================================================================

  Mean Latency (ms)
  Benchmark                                     |       cpu-1000 |       cpu-4000 |       cpu-2000
  --------------------------------------------- | -------------- | -------------- | --------------
  BouncingBall free-run (stop=1.0s)             |         11.545 |          7.783 |          8.990
  BouncingBall free-run (stop=10.0s)            |         24.480 |         20.540 |         16.286
  BouncingBall free-run (stop=20.0s)            |              — |         17.187 |              —
  BouncingBall free-run (stop=5.0s)             |         16.459 |         11.735 |         12.413
  Model description load                        |          3.186 |          2.109 |          1.734
  Rapid-fire streaming simulation               |         11.356 |          8.675 |          6.582
  Simulink instant eval (start==stop)           |         10.367 |          7.829 |          6.758
  Simulink time-series (10 points)              |         10.612 |          8.262 |          7.989
  Simulink time-series (100 points)             |         11.423 |          7.816 |          6.905
  Simulink time-series (1000 points)            |         13.441 |          6.688 |          6.884
  --------------------------------------------- | -------------- | -------------- | --------------
  TOTAL (sum)                                   |        112.869 |         98.625 |         74.540
  AVERAGE                                       |         12.541 |          9.863 |          8.282
  BEST (min)                                    |          3.186 |          2.109 |          1.734
  WORST (max)                                   |         24.480 |         20.540 |         16.286

  Throughput (ops/s)
  Benchmark                                     |       cpu-1000 |       cpu-4000 |       cpu-2000
  --------------------------------------------- | -------------- | -------------- | --------------
  BouncingBall free-run (stop=1.0s)             |           86.6 |          128.5 |          111.2
  BouncingBall free-run (stop=10.0s)            |           40.9 |           48.7 |           61.4
  BouncingBall free-run (stop=20.0s)            |              — |           58.2 |              —
  BouncingBall free-run (stop=5.0s)             |           60.8 |           85.2 |           80.6
  Model description load                        |          313.9 |          474.1 |          576.8
  Rapid-fire streaming simulation               |           88.1 |          115.3 |          151.9
  Simulink instant eval (start==stop)           |           96.5 |          127.7 |          148.0
  Simulink time-series (10 points)              |           94.2 |          121.0 |          125.2
  Simulink time-series (100 points)             |           87.5 |          127.9 |          144.8
  Simulink time-series (1000 points)            |           74.4 |          149.5 |          145.3
  --------------------------------------------- | -------------- | -------------- | --------------
  TOTAL (sum)                                   |          942.8 |         1436.2 |         1545.1
  AVERAGE                                       |          104.8 |          143.6 |          171.7
  BEST (min)                                    |           40.9 |           48.7 |           61.4
  WORST (max)                                   |          313.9 |          474.1 |          576.8

  P95 Latency (ms)
  Benchmark                                     |       cpu-1000 |       cpu-4000 |       cpu-2000
  --------------------------------------------- | -------------- | -------------- | --------------
  BouncingBall free-run (stop=1.0s)             |         15.104 |          9.090 |         11.475
  BouncingBall free-run (stop=10.0s)            |         29.923 |         26.668 |         22.498
  BouncingBall free-run (stop=20.0s)            |              — |         22.963 |              —
  BouncingBall free-run (stop=5.0s)             |         19.770 |         14.753 |         17.166
  Model description load                        |          6.932 |          3.062 |          1.956
  Rapid-fire streaming simulation               |         15.517 |         11.309 |          7.582
  Simulink instant eval (start==stop)           |         19.467 |         12.428 |          7.676
  Simulink time-series (10 points)              |         14.205 |         10.926 |         10.572
  Simulink time-series (100 points)             |         15.716 |         10.559 |          7.792
  Simulink time-series (1000 points)            |         22.941 |          7.911 |          9.652
  --------------------------------------------- | -------------- | -------------- | --------------
  TOTAL (sum)                                   |        159.575 |        129.669 |         96.368
  AVERAGE                                       |         17.731 |         12.967 |         10.708
  BEST (min)                                    |          6.932 |          3.062 |          1.956
  WORST (max)                                   |         29.923 |         26.668 |         22.498

  Total results collected: 28  (10 scenarios x 3 configs)


=====================================================================================================
  CPU / Sim-Type Comparison
=====================================================================================================

  Mean Latency (ms)
  Benchmark                                     |       cpu-1000 |       cpu-4000 |       cpu-2000
  --------------------------------------------- | -------------- | -------------- | --------------
  BouncingBall free-run (stop=1.0s)             |         11.545 |          7.783 |          8.990
  BouncingBall free-run (stop=10.0s)            |         24.480 |         20.540 |         16.286
  BouncingBall free-run (stop=20.0s)            |              — |         17.187 |         17.060
  BouncingBall free-run (stop=5.0s)             |         16.459 |         11.735 |         12.413
  Model description load                        |          3.186 |          2.109 |          1.734
  Rapid-fire streaming simulation               |         11.356 |          8.675 |          6.582
  Simulink instant eval (start==stop)           |         10.367 |          7.829 |          6.758
  Simulink time-series (10 points)              |         10.612 |          8.262 |          7.989
  Simulink time-series (100 points)             |         11.423 |          7.816 |          6.905
  Simulink time-series (1000 points)            |         13.441 |          6.688 |          6.884
  --------------------------------------------- | -------------- | -------------- | --------------
  TOTAL (sum)                                   |        112.869 |         98.625 |         91.600
  AVERAGE                                       |         12.541 |          9.863 |          9.160
  BEST (min)                                    |          3.186 |          2.109 |          1.734
  WORST (max)                                   |         24.480 |         20.540 |         17.060

  Throughput (ops/s)
  Benchmark                                     |       cpu-1000 |       cpu-4000 |       cpu-2000
  --------------------------------------------- | -------------- | -------------- | --------------
  BouncingBall free-run (stop=1.0s)             |           86.6 |          128.5 |          111.2
  BouncingBall free-run (stop=10.0s)            |           40.9 |           48.7 |           61.4
  BouncingBall free-run (stop=20.0s)            |              — |           58.2 |           58.6
  BouncingBall free-run (stop=5.0s)             |           60.8 |           85.2 |           80.6
  Model description load                        |          313.9 |          474.1 |          576.8
  Rapid-fire streaming simulation               |           88.1 |          115.3 |          151.9
  Simulink instant eval (start==stop)           |           96.5 |          127.7 |          148.0
  Simulink time-series (10 points)              |           94.2 |          121.0 |          125.2
  Simulink time-series (100 points)             |           87.5 |          127.9 |          144.8
  Simulink time-series (1000 points)            |           74.4 |          149.5 |          145.3
  --------------------------------------------- | -------------- | -------------- | --------------
  TOTAL (sum)                                   |          942.8 |         1436.2 |         1603.7
  AVERAGE                                       |          104.8 |          143.6 |          160.4
  BEST (min)                                    |           40.9 |           48.7 |           58.6
  WORST (max)                                   |          313.9 |          474.1 |          576.8

  P95 Latency (ms)
  Benchmark                                     |       cpu-1000 |       cpu-4000 |       cpu-2000
  --------------------------------------------- | -------------- | -------------- | --------------
  BouncingBall free-run (stop=1.0s)             |         15.104 |          9.090 |         11.475
  BouncingBall free-run (stop=10.0s)            |         29.923 |         26.668 |         22.498
  BouncingBall free-run (stop=20.0s)            |              — |         22.963 |         24.249
  BouncingBall free-run (stop=5.0s)             |         19.770 |         14.753 |         17.166
  Model description load                        |          6.932 |          3.062 |          1.956
  Rapid-fire streaming simulation               |         15.517 |         11.309 |          7.582
  Simulink instant eval (start==stop)           |         19.467 |         12.428 |          7.676
  Simulink time-series (10 points)              |         14.205 |         10.926 |         10.572
  Simulink time-series (100 points)             |         15.716 |         10.559 |          7.792
  Simulink time-series (1000 points)            |         22.941 |          7.911 |          9.652
  --------------------------------------------- | -------------- | -------------- | --------------
  TOTAL (sum)                                   |        159.575 |        129.669 |        120.617
  AVERAGE                                       |         17.731 |         12.967 |         12.062
  BEST (min)                                    |          6.932 |          3.062 |          1.956
  WORST (max)                                   |         29.923 |         26.668 |         24.249

  Total results collected: 29  (10 scenarios x 3 configs)


=====================================================================================================
  CPU / Sim-Type Comparison
=====================================================================================================

  Mean Latency (ms)
  Benchmark                                     |       cpu-1000 |       cpu-4000 |       cpu-2000
  --------------------------------------------- | -------------- | -------------- | --------------
  BouncingBall free-run (stop=1.0s)             |         11.545 |          7.783 |          8.990
  BouncingBall free-run (stop=10.0s)            |         24.480 |         20.540 |         16.286
  BouncingBall free-run (stop=20.0s)            |         24.101 |         17.187 |         17.060
  BouncingBall free-run (stop=5.0s)             |         16.459 |         11.735 |         12.413
  Model description load                        |          3.186 |          2.109 |          1.734
  Rapid-fire streaming simulation               |         11.356 |          8.675 |          6.582
  Simulink instant eval (start==stop)           |         10.367 |          7.829 |          6.758
  Simulink time-series (10 points)              |         10.612 |          8.262 |          7.989
  Simulink time-series (100 points)             |         11.423 |          7.816 |          6.905
  Simulink time-series (1000 points)            |         13.441 |          6.688 |          6.884
  --------------------------------------------- | -------------- | -------------- | --------------
  TOTAL (sum)                                   |        136.970 |         98.625 |         91.600
  AVERAGE                                       |         13.697 |          9.863 |          9.160
  BEST (min)                                    |          3.186 |          2.109 |          1.734
  WORST (max)                                   |         24.480 |         20.540 |         17.060

  Throughput (ops/s)
  Benchmark                                     |       cpu-1000 |       cpu-4000 |       cpu-2000
  --------------------------------------------- | -------------- | -------------- | --------------
  BouncingBall free-run (stop=1.0s)             |           86.6 |          128.5 |          111.2
  BouncingBall free-run (stop=10.0s)            |           40.9 |           48.7 |           61.4
  BouncingBall free-run (stop=20.0s)            |           41.5 |           58.2 |           58.6
  BouncingBall free-run (stop=5.0s)             |           60.8 |           85.2 |           80.6
  Model description load                        |          313.9 |          474.1 |          576.8
  Rapid-fire streaming simulation               |           88.1 |          115.3 |          151.9
  Simulink instant eval (start==stop)           |           96.5 |          127.7 |          148.0
  Simulink time-series (10 points)              |           94.2 |          121.0 |          125.2
  Simulink time-series (100 points)             |           87.5 |          127.9 |          144.8
  Simulink time-series (1000 points)            |           74.4 |          149.5 |          145.3
  --------------------------------------------- | -------------- | -------------- | --------------
  TOTAL (sum)                                   |          984.3 |         1436.2 |         1603.7
  AVERAGE                                       |           98.4 |          143.6 |          160.4
  BEST (min)                                    |           40.9 |           48.7 |           58.6
  WORST (max)                                   |          313.9 |          474.1 |          576.8

  P95 Latency (ms)
  Benchmark                                     |       cpu-1000 |       cpu-4000 |       cpu-2000
  --------------------------------------------- | -------------- | -------------- | --------------
  BouncingBall free-run (stop=1.0s)             |         15.104 |          9.090 |         11.475
  BouncingBall free-run (stop=10.0s)            |         29.923 |         26.668 |         22.498
  BouncingBall free-run (stop=20.0s)            |         30.056 |         22.963 |         24.249
  BouncingBall free-run (stop=5.0s)             |         19.770 |         14.753 |         17.166
  Model description load                        |          6.932 |          3.062 |          1.956
  Rapid-fire streaming simulation               |         15.517 |         11.309 |          7.582
  Simulink instant eval (start==stop)           |         19.467 |         12.428 |          7.676
  Simulink time-series (10 points)              |         14.205 |         10.926 |         10.572
  Simulink time-series (100 points)             |         15.716 |         10.559 |          7.792
  Simulink time-series (1000 points)            |         22.941 |          7.911 |          9.652
  --------------------------------------------- | -------------- | -------------- | --------------
  TOTAL (sum)                                   |        189.631 |        129.669 |        120.617
  AVERAGE                                       |         18.963 |         12.967 |         12.062
  BEST (min)                                    |          6.932 |          3.062 |          1.956
  WORST (max)                                   |         30.056 |         26.668 |         24.249

  Total results collected: 30  (10 scenarios x 3 configs)


==========================================================================================================================
  CPU / Sim-Type Comparison
==========================================================================================================================

  Mean Latency (ms)
  Benchmark                                     |        cpu-1000 |        cpu-4000 |        cpu-2000 | matlab-cpu-2000
  --------------------------------------------- | --------------- | --------------- | --------------- | ---------------
  BouncingBall free-run (stop=1.0s)             |          11.545 |           7.783 |           8.990 |               —
  BouncingBall free-run (stop=10.0s)            |          24.480 |          20.540 |          16.286 |               —
  BouncingBall free-run (stop=20.0s)            |          24.101 |          17.187 |          17.060 |               —
  BouncingBall free-run (stop=5.0s)             |          16.459 |          11.735 |          12.413 |               —
  FMU BouncingBall (stop=1.0s)                  |               — |               — |               — |          10.103
  Model description load                        |           3.186 |           2.109 |           1.734 |               —
  Rapid-fire streaming simulation               |          11.356 |           8.675 |           6.582 |               —
  Simulink instant eval (start==stop)           |          10.367 |           7.829 |           6.758 |               —
  Simulink time-series (10 points)              |          10.612 |           8.262 |           7.989 |               —
  Simulink time-series (100 points)             |          11.423 |           7.816 |           6.905 |               —
  Simulink time-series (1000 points)            |          13.441 |           6.688 |           6.884 |               —
  --------------------------------------------- | --------------- | --------------- | --------------- | ---------------
  TOTAL (sum)                                   |         136.970 |          98.625 |          91.600 |          10.103
  AVERAGE                                       |          13.697 |           9.863 |           9.160 |          10.103
  BEST (min)                                    |           3.186 |           2.109 |           1.734 |          10.103
  WORST (max)                                   |          24.480 |          20.540 |          17.060 |          10.103

  Throughput (ops/s)
  Benchmark                                     |        cpu-1000 |        cpu-4000 |        cpu-2000 | matlab-cpu-2000
  --------------------------------------------- | --------------- | --------------- | --------------- | ---------------
  BouncingBall free-run (stop=1.0s)             |            86.6 |           128.5 |           111.2 |               —
  BouncingBall free-run (stop=10.0s)            |            40.9 |            48.7 |            61.4 |               —
  BouncingBall free-run (stop=20.0s)            |            41.5 |            58.2 |            58.6 |               —
  BouncingBall free-run (stop=5.0s)             |            60.8 |            85.2 |            80.6 |               —
  FMU BouncingBall (stop=1.0s)                  |               — |               — |               — |            99.0
  Model description load                        |           313.9 |           474.1 |           576.8 |               —
  Rapid-fire streaming simulation               |            88.1 |           115.3 |           151.9 |               —
  Simulink instant eval (start==stop)           |            96.5 |           127.7 |           148.0 |               —
  Simulink time-series (10 points)              |            94.2 |           121.0 |           125.2 |               —
  Simulink time-series (100 points)             |            87.5 |           127.9 |           144.8 |               —
  Simulink time-series (1000 points)            |            74.4 |           149.5 |           145.3 |               —
  --------------------------------------------- | --------------- | --------------- | --------------- | ---------------
  TOTAL (sum)                                   |           984.3 |          1436.2 |          1603.7 |            99.0
  AVERAGE                                       |            98.4 |           143.6 |           160.4 |            99.0
  BEST (min)                                    |            40.9 |            48.7 |            58.6 |            99.0
  WORST (max)                                   |           313.9 |           474.1 |           576.8 |            99.0

  P95 Latency (ms)
  Benchmark                                     |        cpu-1000 |        cpu-4000 |        cpu-2000 | matlab-cpu-2000
  --------------------------------------------- | --------------- | --------------- | --------------- | ---------------
  BouncingBall free-run (stop=1.0s)             |          15.104 |           9.090 |          11.475 |               —
  BouncingBall free-run (stop=10.0s)            |          29.923 |          26.668 |          22.498 |               —
  BouncingBall free-run (stop=20.0s)            |          30.056 |          22.963 |          24.249 |               —
  BouncingBall free-run (stop=5.0s)             |          19.770 |          14.753 |          17.166 |               —
  FMU BouncingBall (stop=1.0s)                  |               — |               — |               — |          11.970
  Model description load                        |           6.932 |           3.062 |           1.956 |               —
  Rapid-fire streaming simulation               |          15.517 |          11.309 |           7.582 |               —
  Simulink instant eval (start==stop)           |          19.467 |          12.428 |           7.676 |               —
  Simulink time-series (10 points)              |          14.205 |          10.926 |          10.572 |               —
  Simulink time-series (100 points)             |          15.716 |          10.559 |           7.792 |               —
  Simulink time-series (1000 points)            |          22.941 |           7.911 |           9.652 |               —
  --------------------------------------------- | --------------- | --------------- | --------------- | ---------------
  TOTAL (sum)                                   |         189.631 |         129.669 |         120.617 |          11.970
  AVERAGE                                       |          18.963 |          12.967 |          12.062 |          11.970
  BEST (min)                                    |           6.932 |           3.062 |           1.956 |          11.970
  WORST (max)                                   |          30.056 |          26.668 |          24.249 |          11.970

  Total results collected: 31  (11 scenarios x 4 configs)


==========================================================================================================================
  CPU / Sim-Type Comparison
==========================================================================================================================

  Mean Latency (ms)
  Benchmark                                     |        cpu-1000 |        cpu-4000 |        cpu-2000 | matlab-cpu-2000
  --------------------------------------------- | --------------- | --------------- | --------------- | ---------------
  BouncingBall free-run (stop=1.0s)             |          11.545 |           7.783 |           8.990 |               —
  BouncingBall free-run (stop=10.0s)            |          24.480 |          20.540 |          16.286 |               —
  BouncingBall free-run (stop=20.0s)            |          24.101 |          17.187 |          17.060 |               —
  BouncingBall free-run (stop=5.0s)             |          16.459 |          11.735 |          12.413 |               —
  FMU BouncingBall (stop=1.0s)                  |               — |               — |               — |          10.103
  FMU BouncingBall (stop=5.0s)                  |               — |               — |               — |          12.425
  Model description load                        |           3.186 |           2.109 |           1.734 |               —
  Rapid-fire streaming simulation               |          11.356 |           8.675 |           6.582 |               —
  Simulink instant eval (start==stop)           |          10.367 |           7.829 |           6.758 |               —
  Simulink time-series (10 points)              |          10.612 |           8.262 |           7.989 |               —
  Simulink time-series (100 points)             |          11.423 |           7.816 |           6.905 |               —
  Simulink time-series (1000 points)            |          13.441 |           6.688 |           6.884 |               —
  --------------------------------------------- | --------------- | --------------- | --------------- | ---------------
  TOTAL (sum)                                   |         136.970 |          98.625 |          91.600 |          22.528
  AVERAGE                                       |          13.697 |           9.863 |           9.160 |          11.264
  BEST (min)                                    |           3.186 |           2.109 |           1.734 |          10.103
  WORST (max)                                   |          24.480 |          20.540 |          17.060 |          12.425

  Throughput (ops/s)
  Benchmark                                     |        cpu-1000 |        cpu-4000 |        cpu-2000 | matlab-cpu-2000
  --------------------------------------------- | --------------- | --------------- | --------------- | ---------------
  BouncingBall free-run (stop=1.0s)             |            86.6 |           128.5 |           111.2 |               —
  BouncingBall free-run (stop=10.0s)            |            40.9 |            48.7 |            61.4 |               —
  BouncingBall free-run (stop=20.0s)            |            41.5 |            58.2 |            58.6 |               —
  BouncingBall free-run (stop=5.0s)             |            60.8 |            85.2 |            80.6 |               —
  FMU BouncingBall (stop=1.0s)                  |               — |               — |               — |            99.0
  FMU BouncingBall (stop=5.0s)                  |               — |               — |               — |            80.5
  Model description load                        |           313.9 |           474.1 |           576.8 |               —
  Rapid-fire streaming simulation               |            88.1 |           115.3 |           151.9 |               —
  Simulink instant eval (start==stop)           |            96.5 |           127.7 |           148.0 |               —
  Simulink time-series (10 points)              |            94.2 |           121.0 |           125.2 |               —
  Simulink time-series (100 points)             |            87.5 |           127.9 |           144.8 |               —
  Simulink time-series (1000 points)            |            74.4 |           149.5 |           145.3 |               —
  --------------------------------------------- | --------------- | --------------- | --------------- | ---------------
  TOTAL (sum)                                   |           984.3 |          1436.2 |          1603.7 |           179.5
  AVERAGE                                       |            98.4 |           143.6 |           160.4 |            89.7
  BEST (min)                                    |            40.9 |            48.7 |            58.6 |            80.5
  WORST (max)                                   |           313.9 |           474.1 |           576.8 |            99.0

  P95 Latency (ms)
  Benchmark                                     |        cpu-1000 |        cpu-4000 |        cpu-2000 | matlab-cpu-2000
  --------------------------------------------- | --------------- | --------------- | --------------- | ---------------
  BouncingBall free-run (stop=1.0s)             |          15.104 |           9.090 |          11.475 |               —
  BouncingBall free-run (stop=10.0s)            |          29.923 |          26.668 |          22.498 |               —
  BouncingBall free-run (stop=20.0s)            |          30.056 |          22.963 |          24.249 |               —
  BouncingBall free-run (stop=5.0s)             |          19.770 |          14.753 |          17.166 |               —
  FMU BouncingBall (stop=1.0s)                  |               — |               — |               — |          11.970
  FMU BouncingBall (stop=5.0s)                  |               — |               — |               — |          16.633
  Model description load                        |           6.932 |           3.062 |           1.956 |               —
  Rapid-fire streaming simulation               |          15.517 |          11.309 |           7.582 |               —
  Simulink instant eval (start==stop)           |          19.467 |          12.428 |           7.676 |               —
  Simulink time-series (10 points)              |          14.205 |          10.926 |          10.572 |               —
  Simulink time-series (100 points)             |          15.716 |          10.559 |           7.792 |               —
  Simulink time-series (1000 points)            |          22.941 |           7.911 |           9.652 |               —
  --------------------------------------------- | --------------- | --------------- | --------------- | ---------------
  TOTAL (sum)                                   |         189.631 |         129.669 |         120.617 |          28.604
  AVERAGE                                       |          18.963 |          12.967 |          12.062 |          14.302
  BEST (min)                                    |           6.932 |           3.062 |           1.956 |          11.970
  WORST (max)                                   |          30.056 |          26.668 |          24.249 |          16.633

  Total results collected: 32  (12 scenarios x 4 configs)


==========================================================================================================================
  CPU / Sim-Type Comparison
==========================================================================================================================

  Mean Latency (ms)
  Benchmark                                     |        cpu-1000 |        cpu-4000 |        cpu-2000 | matlab-cpu-2000
  --------------------------------------------- | --------------- | --------------- | --------------- | ---------------
  BouncingBall free-run (stop=1.0s)             |          11.545 |           7.783 |           8.990 |               —
  BouncingBall free-run (stop=10.0s)            |          24.480 |          20.540 |          16.286 |               —
  BouncingBall free-run (stop=20.0s)            |          24.101 |          17.187 |          17.060 |               —
  BouncingBall free-run (stop=5.0s)             |          16.459 |          11.735 |          12.413 |               —
  FMU BouncingBall (stop=1.0s)                  |               — |               — |               — |          10.103
  FMU BouncingBall (stop=10.0s)                 |               — |               — |               — |          17.081
  FMU BouncingBall (stop=5.0s)                  |               — |               — |               — |          12.425
  Model description load                        |           3.186 |           2.109 |           1.734 |               —
  Rapid-fire streaming simulation               |          11.356 |           8.675 |           6.582 |               —
  Simulink instant eval (start==stop)           |          10.367 |           7.829 |           6.758 |               —
  Simulink time-series (10 points)              |          10.612 |           8.262 |           7.989 |               —
  Simulink time-series (100 points)             |          11.423 |           7.816 |           6.905 |               —
  Simulink time-series (1000 points)            |          13.441 |           6.688 |           6.884 |               —
  --------------------------------------------- | --------------- | --------------- | --------------- | ---------------
  TOTAL (sum)                                   |         136.970 |          98.625 |          91.600 |          39.609
  AVERAGE                                       |          13.697 |           9.863 |           9.160 |          13.203
  BEST (min)                                    |           3.186 |           2.109 |           1.734 |          10.103
  WORST (max)                                   |          24.480 |          20.540 |          17.060 |          17.081

  Throughput (ops/s)
  Benchmark                                     |        cpu-1000 |        cpu-4000 |        cpu-2000 | matlab-cpu-2000
  --------------------------------------------- | --------------- | --------------- | --------------- | ---------------
  BouncingBall free-run (stop=1.0s)             |            86.6 |           128.5 |           111.2 |               —
  BouncingBall free-run (stop=10.0s)            |            40.9 |            48.7 |            61.4 |               —
  BouncingBall free-run (stop=20.0s)            |            41.5 |            58.2 |            58.6 |               —
  BouncingBall free-run (stop=5.0s)             |            60.8 |            85.2 |            80.6 |               —
  FMU BouncingBall (stop=1.0s)                  |               — |               — |               — |            99.0
  FMU BouncingBall (stop=10.0s)                 |               — |               — |               — |            58.5
  FMU BouncingBall (stop=5.0s)                  |               — |               — |               — |            80.5
  Model description load                        |           313.9 |           474.1 |           576.8 |               —
  Rapid-fire streaming simulation               |            88.1 |           115.3 |           151.9 |               —
  Simulink instant eval (start==stop)           |            96.5 |           127.7 |           148.0 |               —
  Simulink time-series (10 points)              |            94.2 |           121.0 |           125.2 |               —
  Simulink time-series (100 points)             |            87.5 |           127.9 |           144.8 |               —
  Simulink time-series (1000 points)            |            74.4 |           149.5 |           145.3 |               —
  --------------------------------------------- | --------------- | --------------- | --------------- | ---------------
  TOTAL (sum)                                   |           984.3 |          1436.2 |          1603.7 |           238.0
  AVERAGE                                       |            98.4 |           143.6 |           160.4 |            79.3
  BEST (min)                                    |            40.9 |            48.7 |            58.6 |            58.5
  WORST (max)                                   |           313.9 |           474.1 |           576.8 |            99.0

  P95 Latency (ms)
  Benchmark                                     |        cpu-1000 |        cpu-4000 |        cpu-2000 | matlab-cpu-2000
  --------------------------------------------- | --------------- | --------------- | --------------- | ---------------
  BouncingBall free-run (stop=1.0s)             |          15.104 |           9.090 |          11.475 |               —
  BouncingBall free-run (stop=10.0s)            |          29.923 |          26.668 |          22.498 |               —
  BouncingBall free-run (stop=20.0s)            |          30.056 |          22.963 |          24.249 |               —
  BouncingBall free-run (stop=5.0s)             |          19.770 |          14.753 |          17.166 |               —
  FMU BouncingBall (stop=1.0s)                  |               — |               — |               — |          11.970
  FMU BouncingBall (stop=10.0s)                 |               — |               — |               — |          24.520
  FMU BouncingBall (stop=5.0s)                  |               — |               — |               — |          16.633
  Model description load                        |           6.932 |           3.062 |           1.956 |               —
  Rapid-fire streaming simulation               |          15.517 |          11.309 |           7.582 |               —
  Simulink instant eval (start==stop)           |          19.467 |          12.428 |           7.676 |               —
  Simulink time-series (10 points)              |          14.205 |          10.926 |          10.572 |               —
  Simulink time-series (100 points)             |          15.716 |          10.559 |           7.792 |               —
  Simulink time-series (1000 points)            |          22.941 |           7.911 |           9.652 |               —
  --------------------------------------------- | --------------- | --------------- | --------------- | ---------------
  TOTAL (sum)                                   |         189.631 |         129.669 |         120.617 |          53.124
  AVERAGE                                       |          18.963 |          12.967 |          12.062 |          17.708
  BEST (min)                                    |           6.932 |           3.062 |           1.956 |          11.970
  WORST (max)                                   |          30.056 |          26.668 |          24.249 |          24.520

  Total results collected: 33  (13 scenarios x 4 configs)


==========================================================================================================================
  CPU / Sim-Type Comparison
==========================================================================================================================

  Mean Latency (ms)
  Benchmark                                     |        cpu-1000 |        cpu-4000 |        cpu-2000 | matlab-cpu-2000
  --------------------------------------------- | --------------- | --------------- | --------------- | ---------------
  BouncingBall free-run (stop=1.0s)             |          11.545 |           7.783 |           8.990 |               —
  BouncingBall free-run (stop=10.0s)            |          24.480 |          20.540 |          16.286 |               —
  BouncingBall free-run (stop=20.0s)            |          24.101 |          17.187 |          17.060 |               —
  BouncingBall free-run (stop=5.0s)             |          16.459 |          11.735 |          12.413 |               —
  FMU BouncingBall (stop=1.0s)                  |               — |               — |               — |          10.103
  FMU BouncingBall (stop=10.0s)                 |               — |               — |               — |          17.081
  FMU BouncingBall (stop=20.0s)                 |               — |               — |               — |          13.042
  FMU BouncingBall (stop=5.0s)                  |               — |               — |               — |          12.425
  Model description load                        |           3.186 |           2.109 |           1.734 |               —
  Rapid-fire streaming simulation               |          11.356 |           8.675 |           6.582 |               —
  Simulink instant eval (start==stop)           |          10.367 |           7.829 |           6.758 |               —
  Simulink time-series (10 points)              |          10.612 |           8.262 |           7.989 |               —
  Simulink time-series (100 points)             |          11.423 |           7.816 |           6.905 |               —
  Simulink time-series (1000 points)            |          13.441 |           6.688 |           6.884 |               —
  --------------------------------------------- | --------------- | --------------- | --------------- | ---------------
  TOTAL (sum)                                   |         136.970 |          98.625 |          91.600 |          52.651
  AVERAGE                                       |          13.697 |           9.863 |           9.160 |          13.163
  BEST (min)                                    |           3.186 |           2.109 |           1.734 |          10.103
  WORST (max)                                   |          24.480 |          20.540 |          17.060 |          17.081

  Throughput (ops/s)
  Benchmark                                     |        cpu-1000 |        cpu-4000 |        cpu-2000 | matlab-cpu-2000
  --------------------------------------------- | --------------- | --------------- | --------------- | ---------------
  BouncingBall free-run (stop=1.0s)             |            86.6 |           128.5 |           111.2 |               —
  BouncingBall free-run (stop=10.0s)            |            40.9 |            48.7 |            61.4 |               —
  BouncingBall free-run (stop=20.0s)            |            41.5 |            58.2 |            58.6 |               —
  BouncingBall free-run (stop=5.0s)             |            60.8 |            85.2 |            80.6 |               —
  FMU BouncingBall (stop=1.0s)                  |               — |               — |               — |            99.0
  FMU BouncingBall (stop=10.0s)                 |               — |               — |               — |            58.5
  FMU BouncingBall (stop=20.0s)                 |               — |               — |               — |            76.7
  FMU BouncingBall (stop=5.0s)                  |               — |               — |               — |            80.5
  Model description load                        |           313.9 |           474.1 |           576.8 |               —
  Rapid-fire streaming simulation               |            88.1 |           115.3 |           151.9 |               —
  Simulink instant eval (start==stop)           |            96.5 |           127.7 |           148.0 |               —
  Simulink time-series (10 points)              |            94.2 |           121.0 |           125.2 |               —
  Simulink time-series (100 points)             |            87.5 |           127.9 |           144.8 |               —
  Simulink time-series (1000 points)            |            74.4 |           149.5 |           145.3 |               —
  --------------------------------------------- | --------------- | --------------- | --------------- | ---------------
  TOTAL (sum)                                   |           984.3 |          1436.2 |          1603.7 |           314.7
  AVERAGE                                       |            98.4 |           143.6 |           160.4 |            78.7
  BEST (min)                                    |            40.9 |            48.7 |            58.6 |            58.5
  WORST (max)                                   |           313.9 |           474.1 |           576.8 |            99.0

  P95 Latency (ms)
  Benchmark                                     |        cpu-1000 |        cpu-4000 |        cpu-2000 | matlab-cpu-2000
  --------------------------------------------- | --------------- | --------------- | --------------- | ---------------
  BouncingBall free-run (stop=1.0s)             |          15.104 |           9.090 |          11.475 |               —
  BouncingBall free-run (stop=10.0s)            |          29.923 |          26.668 |          22.498 |               —
  BouncingBall free-run (stop=20.0s)            |          30.056 |          22.963 |          24.249 |               —
  BouncingBall free-run (stop=5.0s)             |          19.770 |          14.753 |          17.166 |               —
  FMU BouncingBall (stop=1.0s)                  |               — |               — |               — |          11.970
  FMU BouncingBall (stop=10.0s)                 |               — |               — |               — |          24.520
  FMU BouncingBall (stop=20.0s)                 |               — |               — |               — |          18.240
  FMU BouncingBall (stop=5.0s)                  |               — |               — |               — |          16.633
  Model description load                        |           6.932 |           3.062 |           1.956 |               —
  Rapid-fire streaming simulation               |          15.517 |          11.309 |           7.582 |               —
  Simulink instant eval (start==stop)           |          19.467 |          12.428 |           7.676 |               —
  Simulink time-series (10 points)              |          14.205 |          10.926 |          10.572 |               —
  Simulink time-series (100 points)             |          15.716 |          10.559 |           7.792 |               —
  Simulink time-series (1000 points)            |          22.941 |           7.911 |           9.652 |               —
  --------------------------------------------- | --------------- | --------------- | --------------- | ---------------
  TOTAL (sum)                                   |         189.631 |         129.669 |         120.617 |          71.363
  AVERAGE                                       |          18.963 |          12.967 |          12.062 |          17.841
  BEST (min)                                    |           6.932 |           3.062 |           1.956 |          11.970
  WORST (max)                                   |          30.056 |          26.668 |          24.249 |          24.520

  Total results collected: 34  (14 scenarios x 4 configs)


=======================================================================================================================================================================================================================
  CPU / Sim-Type Comparison
=======================================================================================================================================================================================================================

  Mean Latency (ms)
  Benchmark                                     |                       cpu-1000 |                       cpu-4000 |                       cpu-2000 |                matlab-cpu-2000 | matlab-cpu-2000 (matlab_wheel)
  --------------------------------------------- | ------------------------------ | ------------------------------ | ------------------------------ | ------------------------------ | ------------------------------
  BouncingBall free-run (stop=1.0s)             |                         11.545 |                          7.783 |                          8.990 |                              — |                              —
  BouncingBall free-run (stop=10.0s)            |                         24.480 |                         20.540 |                         16.286 |                              — |                              —
  BouncingBall free-run (stop=20.0s)            |                         24.101 |                         17.187 |                         17.060 |                              — |                              —
  BouncingBall free-run (stop=5.0s)             |                         16.459 |                         11.735 |                         12.413 |                              — |                              —
  FMU BouncingBall (stop=1.0s)                  |                              — |                              — |                              — |                         10.103 |                              —
  FMU BouncingBall (stop=10.0s)                 |                              — |                              — |                              — |                         17.081 |                              —
  FMU BouncingBall (stop=20.0s)                 |                              — |                              — |                              — |                         13.042 |                              —
  FMU BouncingBall (stop=5.0s)                  |                              — |                              — |                              — |                         12.425 |                              —
  MATLAB package init+terminate                 |                              — |                              — |                              — |                              — |                        720.059
  Model description load                        |                          3.186 |                          2.109 |                          1.734 |                              — |                              —
  Rapid-fire streaming simulation               |                         11.356 |                          8.675 |                          6.582 |                              — |                              —
  Simulink instant eval (start==stop)           |                         10.367 |                          7.829 |                          6.758 |                              — |                              —
  Simulink time-series (10 points)              |                         10.612 |                          8.262 |                          7.989 |                              — |                              —
  Simulink time-series (100 points)             |                         11.423 |                          7.816 |                          6.905 |                              — |                              —
  Simulink time-series (1000 points)            |                         13.441 |                          6.688 |                          6.884 |                              — |                              —
  --------------------------------------------- | ------------------------------ | ------------------------------ | ------------------------------ | ------------------------------ | ------------------------------
  TOTAL (sum)                                   |                        136.970 |                         98.625 |                         91.600 |                         52.651 |                        720.059
  AVERAGE                                       |                         13.697 |                          9.863 |                          9.160 |                         13.163 |                        720.059
  BEST (min)                                    |                          3.186 |                          2.109 |                          1.734 |                         10.103 |                        720.059
  WORST (max)                                   |                         24.480 |                         20.540 |                         17.060 |                         17.081 |                        720.059

  Throughput (ops/s)
  Benchmark                                     |                       cpu-1000 |                       cpu-4000 |                       cpu-2000 |                matlab-cpu-2000 | matlab-cpu-2000 (matlab_wheel)
  --------------------------------------------- | ------------------------------ | ------------------------------ | ------------------------------ | ------------------------------ | ------------------------------
  BouncingBall free-run (stop=1.0s)             |                           86.6 |                          128.5 |                          111.2 |                              — |                              —
  BouncingBall free-run (stop=10.0s)            |                           40.9 |                           48.7 |                           61.4 |                              — |                              —
  BouncingBall free-run (stop=20.0s)            |                           41.5 |                           58.2 |                           58.6 |                              — |                              —
  BouncingBall free-run (stop=5.0s)             |                           60.8 |                           85.2 |                           80.6 |                              — |                              —
  FMU BouncingBall (stop=1.0s)                  |                              — |                              — |                              — |                           99.0 |                              —
  FMU BouncingBall (stop=10.0s)                 |                              — |                              — |                              — |                           58.5 |                              —
  FMU BouncingBall (stop=20.0s)                 |                              — |                              — |                              — |                           76.7 |                              —
  FMU BouncingBall (stop=5.0s)                  |                              — |                              — |                              — |                           80.5 |                              —
  MATLAB package init+terminate                 |                              — |                              — |                              — |                              — |                            1.4
  Model description load                        |                          313.9 |                          474.1 |                          576.8 |                              — |                              —
  Rapid-fire streaming simulation               |                           88.1 |                          115.3 |                          151.9 |                              — |                              —
  Simulink instant eval (start==stop)           |                           96.5 |                          127.7 |                          148.0 |                              — |                              —
  Simulink time-series (10 points)              |                           94.2 |                          121.0 |                          125.2 |                              — |                              —
  Simulink time-series (100 points)             |                           87.5 |                          127.9 |                          144.8 |                              — |                              —
  Simulink time-series (1000 points)            |                           74.4 |                          149.5 |                          145.3 |                              — |                              —
  --------------------------------------------- | ------------------------------ | ------------------------------ | ------------------------------ | ------------------------------ | ------------------------------
  TOTAL (sum)                                   |                          984.3 |                         1436.2 |                         1603.7 |                          314.7 |                            1.4
  AVERAGE                                       |                           98.4 |                          143.6 |                          160.4 |                           78.7 |                            1.4
  BEST (min)                                    |                           40.9 |                           48.7 |                           58.6 |                           58.5 |                            1.4
  WORST (max)                                   |                          313.9 |                          474.1 |                          576.8 |                           99.0 |                            1.4

  P95 Latency (ms)
  Benchmark                                     |                       cpu-1000 |                       cpu-4000 |                       cpu-2000 |                matlab-cpu-2000 | matlab-cpu-2000 (matlab_wheel)
  --------------------------------------------- | ------------------------------ | ------------------------------ | ------------------------------ | ------------------------------ | ------------------------------
  BouncingBall free-run (stop=1.0s)             |                         15.104 |                          9.090 |                         11.475 |                              — |                              —
  BouncingBall free-run (stop=10.0s)            |                         29.923 |                         26.668 |                         22.498 |                              — |                              —
  BouncingBall free-run (stop=20.0s)            |                         30.056 |                         22.963 |                         24.249 |                              — |                              —
  BouncingBall free-run (stop=5.0s)             |                         19.770 |                         14.753 |                         17.166 |                              — |                              —
  FMU BouncingBall (stop=1.0s)                  |                              — |                              — |                              — |                         11.970 |                              —
  FMU BouncingBall (stop=10.0s)                 |                              — |                              — |                              — |                         24.520 |                              —
  FMU BouncingBall (stop=20.0s)                 |                              — |                              — |                              — |                         18.240 |                              —
  FMU BouncingBall (stop=5.0s)                  |                              — |                              — |                              — |                         16.633 |                              —
  MATLAB package init+terminate                 |                              — |                              — |                              — |                              — |                        801.655
  Model description load                        |                          6.932 |                          3.062 |                          1.956 |                              — |                              —
  Rapid-fire streaming simulation               |                         15.517 |                         11.309 |                          7.582 |                              — |                              —
  Simulink instant eval (start==stop)           |                         19.467 |                         12.428 |                          7.676 |                              — |                              —
  Simulink time-series (10 points)              |                         14.205 |                         10.926 |                         10.572 |                              — |                              —
  Simulink time-series (100 points)             |                         15.716 |                         10.559 |                          7.792 |                              — |                              —
  Simulink time-series (1000 points)            |                         22.941 |                          7.911 |                          9.652 |                              — |                              —
  --------------------------------------------- | ------------------------------ | ------------------------------ | ------------------------------ | ------------------------------ | ------------------------------
  TOTAL (sum)                                   |                        189.631 |                        129.669 |                        120.617 |                         71.363 |                        801.655
  AVERAGE                                       |                         18.963 |                         12.967 |                         12.062 |                         17.841 |                        801.655
  BEST (min)                                    |                          6.932 |                          3.062 |                          1.956 |                         11.970 |                        801.655
  WORST (max)                                   |                         30.056 |                         26.668 |                         24.249 |                         24.520 |                        801.655

  Total results collected: 35  (15 scenarios x 5 configs)


========================================================================================================================================================================================================================================================
  CPU / Sim-Type Comparison
========================================================================================================================================================================================================================================================

  Mean Latency (ms)
  Benchmark                                     |                       cpu-1000 |                       cpu-4000 |                       cpu-2000 |                matlab-cpu-2000 | matlab-cpu-2000 (matlab_wheel) |                matlab-cpu-4000
  --------------------------------------------- | ------------------------------ | ------------------------------ | ------------------------------ | ------------------------------ | ------------------------------ | ------------------------------
  BouncingBall free-run (stop=1.0s)             |                         11.545 |                          7.783 |                          8.990 |                              — |                              — |                              —
  BouncingBall free-run (stop=10.0s)            |                         24.480 |                         20.540 |                         16.286 |                              — |                              — |                              —
  BouncingBall free-run (stop=20.0s)            |                         24.101 |                         17.187 |                         17.060 |                              — |                              — |                              —
  BouncingBall free-run (stop=5.0s)             |                         16.459 |                         11.735 |                         12.413 |                              — |                              — |                              —
  FMU BouncingBall (stop=1.0s)                  |                              — |                              — |                              — |                         10.103 |                              — |                          8.874
  FMU BouncingBall (stop=10.0s)                 |                              — |                              — |                              — |                         17.081 |                              — |                              —
  FMU BouncingBall (stop=20.0s)                 |                              — |                              — |                              — |                         13.042 |                              — |                              —
  FMU BouncingBall (stop=5.0s)                  |                              — |                              — |                              — |                         12.425 |                              — |                              —
  MATLAB package init+terminate                 |                              — |                              — |                              — |                              — |                        720.059 |                              —
  Model description load                        |                          3.186 |                          2.109 |                          1.734 |                              — |                              — |                              —
  Rapid-fire streaming simulation               |                         11.356 |                          8.675 |                          6.582 |                              — |                              — |                              —
  Simulink instant eval (start==stop)           |                         10.367 |                          7.829 |                          6.758 |                              — |                              — |                              —
  Simulink time-series (10 points)              |                         10.612 |                          8.262 |                          7.989 |                              — |                              — |                              —
  Simulink time-series (100 points)             |                         11.423 |                          7.816 |                          6.905 |                              — |                              — |                              —
  Simulink time-series (1000 points)            |                         13.441 |                          6.688 |                          6.884 |                              — |                              — |                              —
  --------------------------------------------- | ------------------------------ | ------------------------------ | ------------------------------ | ------------------------------ | ------------------------------ | ------------------------------
  TOTAL (sum)                                   |                        136.970 |                         98.625 |                         91.600 |                         52.651 |                        720.059 |                          8.874
  AVERAGE                                       |                         13.697 |                          9.863 |                          9.160 |                         13.163 |                        720.059 |                          8.874
  BEST (min)                                    |                          3.186 |                          2.109 |                          1.734 |                         10.103 |                        720.059 |                          8.874
  WORST (max)                                   |                         24.480 |                         20.540 |                         17.060 |                         17.081 |                        720.059 |                          8.874

  Throughput (ops/s)
  Benchmark                                     |                       cpu-1000 |                       cpu-4000 |                       cpu-2000 |                matlab-cpu-2000 | matlab-cpu-2000 (matlab_wheel) |                matlab-cpu-4000
  --------------------------------------------- | ------------------------------ | ------------------------------ | ------------------------------ | ------------------------------ | ------------------------------ | ------------------------------
  BouncingBall free-run (stop=1.0s)             |                           86.6 |                          128.5 |                          111.2 |                              — |                              — |                              —
  BouncingBall free-run (stop=10.0s)            |                           40.9 |                           48.7 |                           61.4 |                              — |                              — |                              —
  BouncingBall free-run (stop=20.0s)            |                           41.5 |                           58.2 |                           58.6 |                              — |                              — |                              —
  BouncingBall free-run (stop=5.0s)             |                           60.8 |                           85.2 |                           80.6 |                              — |                              — |                              —
  FMU BouncingBall (stop=1.0s)                  |                              — |                              — |                              — |                           99.0 |                              — |                          112.7
  FMU BouncingBall (stop=10.0s)                 |                              — |                              — |                              — |                           58.5 |                              — |                              —
  FMU BouncingBall (stop=20.0s)                 |                              — |                              — |                              — |                           76.7 |                              — |                              —
  FMU BouncingBall (stop=5.0s)                  |                              — |                              — |                              — |                           80.5 |                              — |                              —
  MATLAB package init+terminate                 |                              — |                              — |                              — |                              — |                            1.4 |                              —
  Model description load                        |                          313.9 |                          474.1 |                          576.8 |                              — |                              — |                              —
  Rapid-fire streaming simulation               |                           88.1 |                          115.3 |                          151.9 |                              — |                              — |                              —
  Simulink instant eval (start==stop)           |                           96.5 |                          127.7 |                          148.0 |                              — |                              — |                              —
  Simulink time-series (10 points)              |                           94.2 |                          121.0 |                          125.2 |                              — |                              — |                              —
  Simulink time-series (100 points)             |                           87.5 |                          127.9 |                          144.8 |                              — |                              — |                              —
  Simulink time-series (1000 points)            |                           74.4 |                          149.5 |                          145.3 |                              — |                              — |                              —
  --------------------------------------------- | ------------------------------ | ------------------------------ | ------------------------------ | ------------------------------ | ------------------------------ | ------------------------------
  TOTAL (sum)                                   |                          984.3 |                         1436.2 |                         1603.7 |                          314.7 |                            1.4 |                          112.7
  AVERAGE                                       |                           98.4 |                          143.6 |                          160.4 |                           78.7 |                            1.4 |                          112.7
  BEST (min)                                    |                           40.9 |                           48.7 |                           58.6 |                           58.5 |                            1.4 |                          112.7
  WORST (max)                                   |                          313.9 |                          474.1 |                          576.8 |                           99.0 |                            1.4 |                          112.7

  P95 Latency (ms)
  Benchmark                                     |                       cpu-1000 |                       cpu-4000 |                       cpu-2000 |                matlab-cpu-2000 | matlab-cpu-2000 (matlab_wheel) |                matlab-cpu-4000
  --------------------------------------------- | ------------------------------ | ------------------------------ | ------------------------------ | ------------------------------ | ------------------------------ | ------------------------------
  BouncingBall free-run (stop=1.0s)             |                         15.104 |                          9.090 |                         11.475 |                              — |                              — |                              —
  BouncingBall free-run (stop=10.0s)            |                         29.923 |                         26.668 |                         22.498 |                              — |                              — |                              —
  BouncingBall free-run (stop=20.0s)            |                         30.056 |                         22.963 |                         24.249 |                              — |                              — |                              —
  BouncingBall free-run (stop=5.0s)             |                         19.770 |                         14.753 |                         17.166 |                              — |                              — |                              —
  FMU BouncingBall (stop=1.0s)                  |                              — |                              — |                              — |                         11.970 |                              — |                         11.116
  FMU BouncingBall (stop=10.0s)                 |                              — |                              — |                              — |                         24.520 |                              — |                              —
  FMU BouncingBall (stop=20.0s)                 |                              — |                              — |                              — |                         18.240 |                              — |                              —
  FMU BouncingBall (stop=5.0s)                  |                              — |                              — |                              — |                         16.633 |                              — |                              —
  MATLAB package init+terminate                 |                              — |                              — |                              — |                              — |                        801.655 |                              —
  Model description load                        |                          6.932 |                          3.062 |                          1.956 |                              — |                              — |                              —
  Rapid-fire streaming simulation               |                         15.517 |                         11.309 |                          7.582 |                              — |                              — |                              —
  Simulink instant eval (start==stop)           |                         19.467 |                         12.428 |                          7.676 |                              — |                              — |                              —
  Simulink time-series (10 points)              |                         14.205 |                         10.926 |                         10.572 |                              — |                              — |                              —
  Simulink time-series (100 points)             |                         15.716 |                         10.559 |                          7.792 |                              — |                              — |                              —
  Simulink time-series (1000 points)            |                         22.941 |                          7.911 |                          9.652 |                              — |                              — |                              —
  --------------------------------------------- | ------------------------------ | ------------------------------ | ------------------------------ | ------------------------------ | ------------------------------ | ------------------------------
  TOTAL (sum)                                   |                        189.631 |                        129.669 |                        120.617 |                         71.363 |                        801.655 |                         11.116
  AVERAGE                                       |                         18.963 |                         12.967 |                         12.062 |                         17.841 |                        801.655 |                         11.116
  BEST (min)                                    |                          6.932 |                          3.062 |                          1.956 |                         11.970 |                        801.655 |                         11.116
  WORST (max)                                   |                         30.056 |                         26.668 |                         24.249 |                         24.520 |                        801.655 |                         11.116

  Total results collected: 36  (15 scenarios x 6 configs)


=========================================================================================================================================================================================================================================================================================
  CPU / Sim-Type Comparison
=========================================================================================================================================================================================================================================================================================

  Mean Latency (ms)
  Benchmark                                     |                       cpu-1000 |                       cpu-4000 |                       cpu-2000 |                matlab-cpu-2000 | matlab-cpu-2000 (matlab_wheel) |                matlab-cpu-4000 |                matlab-cpu-1000
  --------------------------------------------- | ------------------------------ | ------------------------------ | ------------------------------ | ------------------------------ | ------------------------------ | ------------------------------ | ------------------------------
  BouncingBall free-run (stop=1.0s)             |                         11.545 |                          7.783 |                          8.990 |                              — |                              — |                              — |                              —
  BouncingBall free-run (stop=10.0s)            |                         24.480 |                         20.540 |                         16.286 |                              — |                              — |                              — |                              —
  BouncingBall free-run (stop=20.0s)            |                         24.101 |                         17.187 |                         17.060 |                              — |                              — |                              — |                              —
  BouncingBall free-run (stop=5.0s)             |                         16.459 |                         11.735 |                         12.413 |                              — |                              — |                              — |                              —
  FMU BouncingBall (stop=1.0s)                  |                              — |                              — |                              — |                         10.103 |                              — |                          8.874 |                          8.010
  FMU BouncingBall (stop=10.0s)                 |                              — |                              — |                              — |                         17.081 |                              — |                              — |                              —
  FMU BouncingBall (stop=20.0s)                 |                              — |                              — |                              — |                         13.042 |                              — |                              — |                              —
  FMU BouncingBall (stop=5.0s)                  |                              — |                              — |                              — |                         12.425 |                              — |                              — |                              —
  MATLAB package init+terminate                 |                              — |                              — |                              — |                              — |                        720.059 |                              — |                              —
  Model description load                        |                          3.186 |                          2.109 |                          1.734 |                              — |                              — |                              — |                              —
  Rapid-fire streaming simulation               |                         11.356 |                          8.675 |                          6.582 |                              — |                              — |                              — |                              —
  Simulink instant eval (start==stop)           |                         10.367 |                          7.829 |                          6.758 |                              — |                              — |                              — |                              —
  Simulink time-series (10 points)              |                         10.612 |                          8.262 |                          7.989 |                              — |                              — |                              — |                              —
  Simulink time-series (100 points)             |                         11.423 |                          7.816 |                          6.905 |                              — |                              — |                              — |                              —
  Simulink time-series (1000 points)            |                         13.441 |                          6.688 |                          6.884 |                              — |                              — |                              — |                              —
  --------------------------------------------- | ------------------------------ | ------------------------------ | ------------------------------ | ------------------------------ | ------------------------------ | ------------------------------ | ------------------------------
  TOTAL (sum)                                   |                        136.970 |                         98.625 |                         91.600 |                         52.651 |                        720.059 |                          8.874 |                          8.010
  AVERAGE                                       |                         13.697 |                          9.863 |                          9.160 |                         13.163 |                        720.059 |                          8.874 |                          8.010
  BEST (min)                                    |                          3.186 |                          2.109 |                          1.734 |                         10.103 |                        720.059 |                          8.874 |                          8.010
  WORST (max)                                   |                         24.480 |                         20.540 |                         17.060 |                         17.081 |                        720.059 |                          8.874 |                          8.010

  Throughput (ops/s)
  Benchmark                                     |                       cpu-1000 |                       cpu-4000 |                       cpu-2000 |                matlab-cpu-2000 | matlab-cpu-2000 (matlab_wheel) |                matlab-cpu-4000 |                matlab-cpu-1000
  --------------------------------------------- | ------------------------------ | ------------------------------ | ------------------------------ | ------------------------------ | ------------------------------ | ------------------------------ | ------------------------------
  BouncingBall free-run (stop=1.0s)             |                           86.6 |                          128.5 |                          111.2 |                              — |                              — |                              — |                              —
  BouncingBall free-run (stop=10.0s)            |                           40.9 |                           48.7 |                           61.4 |                              — |                              — |                              — |                              —
  BouncingBall free-run (stop=20.0s)            |                           41.5 |                           58.2 |                           58.6 |                              — |                              — |                              — |                              —
  BouncingBall free-run (stop=5.0s)             |                           60.8 |                           85.2 |                           80.6 |                              — |                              — |                              — |                              —
  FMU BouncingBall (stop=1.0s)                  |                              — |                              — |                              — |                           99.0 |                              — |                          112.7 |                          124.8
  FMU BouncingBall (stop=10.0s)                 |                              — |                              — |                              — |                           58.5 |                              — |                              — |                              —
  FMU BouncingBall (stop=20.0s)                 |                              — |                              — |                              — |                           76.7 |                              — |                              — |                              —
  FMU BouncingBall (stop=5.0s)                  |                              — |                              — |                              — |                           80.5 |                              — |                              — |                              —
  MATLAB package init+terminate                 |                              — |                              — |                              — |                              — |                            1.4 |                              — |                              —
  Model description load                        |                          313.9 |                          474.1 |                          576.8 |                              — |                              — |                              — |                              —
  Rapid-fire streaming simulation               |                           88.1 |                          115.3 |                          151.9 |                              — |                              — |                              — |                              —
  Simulink instant eval (start==stop)           |                           96.5 |                          127.7 |                          148.0 |                              — |                              — |                              — |                              —
  Simulink time-series (10 points)              |                           94.2 |                          121.0 |                          125.2 |                              — |                              — |                              — |                              —
  Simulink time-series (100 points)             |                           87.5 |                          127.9 |                          144.8 |                              — |                              — |                              — |                              —
  Simulink time-series (1000 points)            |                           74.4 |                          149.5 |                          145.3 |                              — |                              — |                              — |                              —
  --------------------------------------------- | ------------------------------ | ------------------------------ | ------------------------------ | ------------------------------ | ------------------------------ | ------------------------------ | ------------------------------
  TOTAL (sum)                                   |                          984.3 |                         1436.2 |                         1603.7 |                          314.7 |                            1.4 |                          112.7 |                          124.8
  AVERAGE                                       |                           98.4 |                          143.6 |                          160.4 |                           78.7 |                            1.4 |                          112.7 |                          124.8
  BEST (min)                                    |                           40.9 |                           48.7 |                           58.6 |                           58.5 |                            1.4 |                          112.7 |                          124.8
  WORST (max)                                   |                          313.9 |                          474.1 |                          576.8 |                           99.0 |                            1.4 |                          112.7 |                          124.8

  P95 Latency (ms)
  Benchmark                                     |                       cpu-1000 |                       cpu-4000 |                       cpu-2000 |                matlab-cpu-2000 | matlab-cpu-2000 (matlab_wheel) |                matlab-cpu-4000 |                matlab-cpu-1000
  --------------------------------------------- | ------------------------------ | ------------------------------ | ------------------------------ | ------------------------------ | ------------------------------ | ------------------------------ | ------------------------------
  BouncingBall free-run (stop=1.0s)             |                         15.104 |                          9.090 |                         11.475 |                              — |                              — |                              — |                              —
  BouncingBall free-run (stop=10.0s)            |                         29.923 |                         26.668 |                         22.498 |                              — |                              — |                              — |                              —
  BouncingBall free-run (stop=20.0s)            |                         30.056 |                         22.963 |                         24.249 |                              — |                              — |                              — |                              —
  BouncingBall free-run (stop=5.0s)             |                         19.770 |                         14.753 |                         17.166 |                              — |                              — |                              — |                              —
  FMU BouncingBall (stop=1.0s)                  |                              — |                              — |                              — |                         11.970 |                              — |                         11.116 |                         10.680
  FMU BouncingBall (stop=10.0s)                 |                              — |                              — |                              — |                         24.520 |                              — |                              — |                              —
  FMU BouncingBall (stop=20.0s)                 |                              — |                              — |                              — |                         18.240 |                              — |                              — |                              —
  FMU BouncingBall (stop=5.0s)                  |                              — |                              — |                              — |                         16.633 |                              — |                              — |                              —
  MATLAB package init+terminate                 |                              — |                              — |                              — |                              — |                        801.655 |                              — |                              —
  Model description load                        |                          6.932 |                          3.062 |                          1.956 |                              — |                              — |                              — |                              —
  Rapid-fire streaming simulation               |                         15.517 |                         11.309 |                          7.582 |                              — |                              — |                              — |                              —
  Simulink instant eval (start==stop)           |                         19.467 |                         12.428 |                          7.676 |                              — |                              — |                              — |                              —
  Simulink time-series (10 points)              |                         14.205 |                         10.926 |                         10.572 |                              — |                              — |                              — |                              —
  Simulink time-series (100 points)             |                         15.716 |                         10.559 |                          7.792 |                              — |                              — |                              — |                              —
  Simulink time-series (1000 points)            |                         22.941 |                          7.911 |                          9.652 |                              — |                              — |                              — |                              —
  --------------------------------------------- | ------------------------------ | ------------------------------ | ------------------------------ | ------------------------------ | ------------------------------ | ------------------------------ | ------------------------------
  TOTAL (sum)                                   |                        189.631 |                        129.669 |                        120.617 |                         71.363 |                        801.655 |                         11.116 |                         10.680
  AVERAGE                                       |                         18.963 |                         12.967 |                         12.062 |                         17.841 |                        801.655 |                         11.116 |                         10.680
  BEST (min)                                    |                          6.932 |                          3.062 |                          1.956 |                         11.970 |                        801.655 |                         11.116 |                         10.680
  WORST (max)                                   |                         30.056 |                         26.668 |                         24.249 |                         24.520 |                        801.655 |                         11.116 |                         10.680

  Total results collected: 37  (15 scenarios x 7 configs)


=========================================================================================================================================================================================================================================================================================
  CPU / Sim-Type Comparison
=========================================================================================================================================================================================================================================================================================

  Mean Latency (ms)
  Benchmark                                     |                       cpu-1000 |                       cpu-4000 |                       cpu-2000 |                matlab-cpu-2000 | matlab-cpu-2000 (matlab_wheel) |                matlab-cpu-4000 |                matlab-cpu-1000
  --------------------------------------------- | ------------------------------ | ------------------------------ | ------------------------------ | ------------------------------ | ------------------------------ | ------------------------------ | ------------------------------
  BouncingBall free-run (stop=1.0s)             |                         11.545 |                          7.783 |                          8.990 |                              — |                              — |                              — |                              —
  BouncingBall free-run (stop=10.0s)            |                         24.480 |                         20.540 |                         16.286 |                              — |                              — |                              — |                              —
  BouncingBall free-run (stop=20.0s)            |                         24.101 |                         17.187 |                         17.060 |                              — |                              — |                              — |                              —
  BouncingBall free-run (stop=5.0s)             |                         16.459 |                         11.735 |                         12.413 |                              — |                              — |                              — |                              —
  FMU BouncingBall (stop=1.0s)                  |                              — |                              — |                              — |                         10.103 |                              — |                          8.874 |                          8.010
  FMU BouncingBall (stop=10.0s)                 |                              — |                              — |                              — |                         17.081 |                              — |                              — |                              —
  FMU BouncingBall (stop=20.0s)                 |                              — |                              — |                              — |                         13.042 |                              — |                              — |                              —
  FMU BouncingBall (stop=5.0s)                  |                              — |                              — |                              — |                         12.425 |                              — |                         10.445 |                              —
  MATLAB package init+terminate                 |                              — |                              — |                              — |                              — |                        720.059 |                              — |                              —
  Model description load                        |                          3.186 |                          2.109 |                          1.734 |                              — |                              — |                              — |                              —
  Rapid-fire streaming simulation               |                         11.356 |                          8.675 |                          6.582 |                              — |                              — |                              — |                              —
  Simulink instant eval (start==stop)           |                         10.367 |                          7.829 |                          6.758 |                              — |                              — |                              — |                              —
  Simulink time-series (10 points)              |                         10.612 |                          8.262 |                          7.989 |                              — |                              — |                              — |                              —
  Simulink time-series (100 points)             |                         11.423 |                          7.816 |                          6.905 |                              — |                              — |                              — |                              —
  Simulink time-series (1000 points)            |                         13.441 |                          6.688 |                          6.884 |                              — |                              — |                              — |                              —
  --------------------------------------------- | ------------------------------ | ------------------------------ | ------------------------------ | ------------------------------ | ------------------------------ | ------------------------------ | ------------------------------
  TOTAL (sum)                                   |                        136.970 |                         98.625 |                         91.600 |                         52.651 |                        720.059 |                         19.319 |                          8.010
  AVERAGE                                       |                         13.697 |                          9.863 |                          9.160 |                         13.163 |                        720.059 |                          9.659 |                          8.010
  BEST (min)                                    |                          3.186 |                          2.109 |                          1.734 |                         10.103 |                        720.059 |                          8.874 |                          8.010
  WORST (max)                                   |                         24.480 |                         20.540 |                         17.060 |                         17.081 |                        720.059 |                         10.445 |                          8.010

  Throughput (ops/s)
  Benchmark                                     |                       cpu-1000 |                       cpu-4000 |                       cpu-2000 |                matlab-cpu-2000 | matlab-cpu-2000 (matlab_wheel) |                matlab-cpu-4000 |                matlab-cpu-1000
  --------------------------------------------- | ------------------------------ | ------------------------------ | ------------------------------ | ------------------------------ | ------------------------------ | ------------------------------ | ------------------------------
  BouncingBall free-run (stop=1.0s)             |                           86.6 |                          128.5 |                          111.2 |                              — |                              — |                              — |                              —
  BouncingBall free-run (stop=10.0s)            |                           40.9 |                           48.7 |                           61.4 |                              — |                              — |                              — |                              —
  BouncingBall free-run (stop=20.0s)            |                           41.5 |                           58.2 |                           58.6 |                              — |                              — |                              — |                              —
  BouncingBall free-run (stop=5.0s)             |                           60.8 |                           85.2 |                           80.6 |                              — |                              — |                              — |                              —
  FMU BouncingBall (stop=1.0s)                  |                              — |                              — |                              — |                           99.0 |                              — |                          112.7 |                          124.8
  FMU BouncingBall (stop=10.0s)                 |                              — |                              — |                              — |                           58.5 |                              — |                              — |                              —
  FMU BouncingBall (stop=20.0s)                 |                              — |                              — |                              — |                           76.7 |                              — |                              — |                              —
  FMU BouncingBall (stop=5.0s)                  |                              — |                              — |                              — |                           80.5 |                              — |                           95.7 |                              —
  MATLAB package init+terminate                 |                              — |                              — |                              — |                              — |                            1.4 |                              — |                              —
  Model description load                        |                          313.9 |                          474.1 |                          576.8 |                              — |                              — |                              — |                              —
  Rapid-fire streaming simulation               |                           88.1 |                          115.3 |                          151.9 |                              — |                              — |                              — |                              —
  Simulink instant eval (start==stop)           |                           96.5 |                          127.7 |                          148.0 |                              — |                              — |                              — |                              —
  Simulink time-series (10 points)              |                           94.2 |                          121.0 |                          125.2 |                              — |                              — |                              — |                              —
  Simulink time-series (100 points)             |                           87.5 |                          127.9 |                          144.8 |                              — |                              — |                              — |                              —
  Simulink time-series (1000 points)            |                           74.4 |                          149.5 |                          145.3 |                              — |                              — |                              — |                              —
  --------------------------------------------- | ------------------------------ | ------------------------------ | ------------------------------ | ------------------------------ | ------------------------------ | ------------------------------ | ------------------------------
  TOTAL (sum)                                   |                          984.3 |                         1436.2 |                         1603.7 |                          314.7 |                            1.4 |                          208.4 |                          124.8
  AVERAGE                                       |                           98.4 |                          143.6 |                          160.4 |                           78.7 |                            1.4 |                          104.2 |                          124.8
  BEST (min)                                    |                           40.9 |                           48.7 |                           58.6 |                           58.5 |                            1.4 |                           95.7 |                          124.8
  WORST (max)                                   |                          313.9 |                          474.1 |                          576.8 |                           99.0 |                            1.4 |                          112.7 |                          124.8

  P95 Latency (ms)
  Benchmark                                     |                       cpu-1000 |                       cpu-4000 |                       cpu-2000 |                matlab-cpu-2000 | matlab-cpu-2000 (matlab_wheel) |                matlab-cpu-4000 |                matlab-cpu-1000
  --------------------------------------------- | ------------------------------ | ------------------------------ | ------------------------------ | ------------------------------ | ------------------------------ | ------------------------------ | ------------------------------
  BouncingBall free-run (stop=1.0s)             |                         15.104 |                          9.090 |                         11.475 |                              — |                              — |                              — |                              —
  BouncingBall free-run (stop=10.0s)            |                         29.923 |                         26.668 |                         22.498 |                              — |                              — |                              — |                              —
  BouncingBall free-run (stop=20.0s)            |                         30.056 |                         22.963 |                         24.249 |                              — |                              — |                              — |                              —
  BouncingBall free-run (stop=5.0s)             |                         19.770 |                         14.753 |                         17.166 |                              — |                              — |                              — |                              —
  FMU BouncingBall (stop=1.0s)                  |                              — |                              — |                              — |                         11.970 |                              — |                         11.116 |                         10.680
  FMU BouncingBall (stop=10.0s)                 |                              — |                              — |                              — |                         24.520 |                              — |                              — |                              —
  FMU BouncingBall (stop=20.0s)                 |                              — |                              — |                              — |                         18.240 |                              — |                              — |                              —
  FMU BouncingBall (stop=5.0s)                  |                              — |                              — |                              — |                         16.633 |                              — |                         13.600 |                              —
  MATLAB package init+terminate                 |                              — |                              — |                              — |                              — |                        801.655 |                              — |                              —
  Model description load                        |                          6.932 |                          3.062 |                          1.956 |                              — |                              — |                              — |                              —
  Rapid-fire streaming simulation               |                         15.517 |                         11.309 |                          7.582 |                              — |                              — |                              — |                              —
  Simulink instant eval (start==stop)           |                         19.467 |                         12.428 |                          7.676 |                              — |                              — |                              — |                              —
  Simulink time-series (10 points)              |                         14.205 |                         10.926 |                         10.572 |                              — |                              — |                              — |                              —
  Simulink time-series (100 points)             |                         15.716 |                         10.559 |                          7.792 |                              — |                              — |                              — |                              —
  Simulink time-series (1000 points)            |                         22.941 |                          7.911 |                          9.652 |                              — |                              — |                              — |                              —
  --------------------------------------------- | ------------------------------ | ------------------------------ | ------------------------------ | ------------------------------ | ------------------------------ | ------------------------------ | ------------------------------
  TOTAL (sum)                                   |                        189.631 |                        129.669 |                        120.617 |                         71.363 |                        801.655 |                         24.716 |                         10.680
  AVERAGE                                       |                         18.963 |                         12.967 |                         12.062 |                         17.841 |                        801.655 |                         12.358 |                         10.680
  BEST (min)                                    |                          6.932 |                          3.062 |                          1.956 |                         11.970 |                        801.655 |                         11.116 |                         10.680
  WORST (max)                                   |                         30.056 |                         26.668 |                         24.249 |                         24.520 |                        801.655 |                         13.600 |                         10.680

  Total results collected: 38  (15 scenarios x 7 configs)


=========================================================================================================================================================================================================================================================================================
  CPU / Sim-Type Comparison
=========================================================================================================================================================================================================================================================================================

  Mean Latency (ms)
  Benchmark                                     |                       cpu-1000 |                       cpu-4000 |                       cpu-2000 |                matlab-cpu-2000 | matlab-cpu-2000 (matlab_wheel) |                matlab-cpu-4000 |                matlab-cpu-1000
  --------------------------------------------- | ------------------------------ | ------------------------------ | ------------------------------ | ------------------------------ | ------------------------------ | ------------------------------ | ------------------------------
  BouncingBall free-run (stop=1.0s)             |                         11.545 |                          7.783 |                          8.990 |                              — |                              — |                              — |                              —
  BouncingBall free-run (stop=10.0s)            |                         24.480 |                         20.540 |                         16.286 |                              — |                              — |                              — |                              —
  BouncingBall free-run (stop=20.0s)            |                         24.101 |                         17.187 |                         17.060 |                              — |                              — |                              — |                              —
  BouncingBall free-run (stop=5.0s)             |                         16.459 |                         11.735 |                         12.413 |                              — |                              — |                              — |                              —
  FMU BouncingBall (stop=1.0s)                  |                              — |                              — |                              — |                         10.103 |                              — |                          8.874 |                          8.010
  FMU BouncingBall (stop=10.0s)                 |                              — |                              — |                              — |                         17.081 |                              — |                              — |                              —
  FMU BouncingBall (stop=20.0s)                 |                              — |                              — |                              — |                         13.042 |                              — |                              — |                              —
  FMU BouncingBall (stop=5.0s)                  |                              — |                              — |                              — |                         12.425 |                              — |                         10.445 |                         10.801
  MATLAB package init+terminate                 |                              — |                              — |                              — |                              — |                        720.059 |                              — |                              —
  Model description load                        |                          3.186 |                          2.109 |                          1.734 |                              — |                              — |                              — |                              —
  Rapid-fire streaming simulation               |                         11.356 |                          8.675 |                          6.582 |                              — |                              — |                              — |                              —
  Simulink instant eval (start==stop)           |                         10.367 |                          7.829 |                          6.758 |                              — |                              — |                              — |                              —
  Simulink time-series (10 points)              |                         10.612 |                          8.262 |                          7.989 |                              — |                              — |                              — |                              —
  Simulink time-series (100 points)             |                         11.423 |                          7.816 |                          6.905 |                              — |                              — |                              — |                              —
  Simulink time-series (1000 points)            |                         13.441 |                          6.688 |                          6.884 |                              — |                              — |                              — |                              —
  --------------------------------------------- | ------------------------------ | ------------------------------ | ------------------------------ | ------------------------------ | ------------------------------ | ------------------------------ | ------------------------------
  TOTAL (sum)                                   |                        136.970 |                         98.625 |                         91.600 |                         52.651 |                        720.059 |                         19.319 |                         18.811
  AVERAGE                                       |                         13.697 |                          9.863 |                          9.160 |                         13.163 |                        720.059 |                          9.659 |                          9.405
  BEST (min)                                    |                          3.186 |                          2.109 |                          1.734 |                         10.103 |                        720.059 |                          8.874 |                          8.010
  WORST (max)                                   |                         24.480 |                         20.540 |                         17.060 |                         17.081 |                        720.059 |                         10.445 |                         10.801

  Throughput (ops/s)
  Benchmark                                     |                       cpu-1000 |                       cpu-4000 |                       cpu-2000 |                matlab-cpu-2000 | matlab-cpu-2000 (matlab_wheel) |                matlab-cpu-4000 |                matlab-cpu-1000
  --------------------------------------------- | ------------------------------ | ------------------------------ | ------------------------------ | ------------------------------ | ------------------------------ | ------------------------------ | ------------------------------
  BouncingBall free-run (stop=1.0s)             |                           86.6 |                          128.5 |                          111.2 |                              — |                              — |                              — |                              —
  BouncingBall free-run (stop=10.0s)            |                           40.9 |                           48.7 |                           61.4 |                              — |                              — |                              — |                              —
  BouncingBall free-run (stop=20.0s)            |                           41.5 |                           58.2 |                           58.6 |                              — |                              — |                              — |                              —
  BouncingBall free-run (stop=5.0s)             |                           60.8 |                           85.2 |                           80.6 |                              — |                              — |                              — |                              —
  FMU BouncingBall (stop=1.0s)                  |                              — |                              — |                              — |                           99.0 |                              — |                          112.7 |                          124.8
  FMU BouncingBall (stop=10.0s)                 |                              — |                              — |                              — |                           58.5 |                              — |                              — |                              —
  FMU BouncingBall (stop=20.0s)                 |                              — |                              — |                              — |                           76.7 |                              — |                              — |                              —
  FMU BouncingBall (stop=5.0s)                  |                              — |                              — |                              — |                           80.5 |                              — |                           95.7 |                           92.6
  MATLAB package init+terminate                 |                              — |                              — |                              — |                              — |                            1.4 |                              — |                              —
  Model description load                        |                          313.9 |                          474.1 |                          576.8 |                              — |                              — |                              — |                              —
  Rapid-fire streaming simulation               |                           88.1 |                          115.3 |                          151.9 |                              — |                              — |                              — |                              —
  Simulink instant eval (start==stop)           |                           96.5 |                          127.7 |                          148.0 |                              — |                              — |                              — |                              —
  Simulink time-series (10 points)              |                           94.2 |                          121.0 |                          125.2 |                              — |                              — |                              — |                              —
  Simulink time-series (100 points)             |                           87.5 |                          127.9 |                          144.8 |                              — |                              — |                              — |                              —
  Simulink time-series (1000 points)            |                           74.4 |                          149.5 |                          145.3 |                              — |                              — |                              — |                              —
  --------------------------------------------- | ------------------------------ | ------------------------------ | ------------------------------ | ------------------------------ | ------------------------------ | ------------------------------ | ------------------------------
  TOTAL (sum)                                   |                          984.3 |                         1436.2 |                         1603.7 |                          314.7 |                            1.4 |                          208.4 |                          217.4
  AVERAGE                                       |                           98.4 |                          143.6 |                          160.4 |                           78.7 |                            1.4 |                          104.2 |                          108.7
  BEST (min)                                    |                           40.9 |                           48.7 |                           58.6 |                           58.5 |                            1.4 |                           95.7 |                           92.6
  WORST (max)                                   |                          313.9 |                          474.1 |                          576.8 |                           99.0 |                            1.4 |                          112.7 |                          124.8

  P95 Latency (ms)
  Benchmark                                     |                       cpu-1000 |                       cpu-4000 |                       cpu-2000 |                matlab-cpu-2000 | matlab-cpu-2000 (matlab_wheel) |                matlab-cpu-4000 |                matlab-cpu-1000
  --------------------------------------------- | ------------------------------ | ------------------------------ | ------------------------------ | ------------------------------ | ------------------------------ | ------------------------------ | ------------------------------
  BouncingBall free-run (stop=1.0s)             |                         15.104 |                          9.090 |                         11.475 |                              — |                              — |                              — |                              —
  BouncingBall free-run (stop=10.0s)            |                         29.923 |                         26.668 |                         22.498 |                              — |                              — |                              — |                              —
  BouncingBall free-run (stop=20.0s)            |                         30.056 |                         22.963 |                         24.249 |                              — |                              — |                              — |                              —
  BouncingBall free-run (stop=5.0s)             |                         19.770 |                         14.753 |                         17.166 |                              — |                              — |                              — |                              —
  FMU BouncingBall (stop=1.0s)                  |                              — |                              — |                              — |                         11.970 |                              — |                         11.116 |                         10.680
  FMU BouncingBall (stop=10.0s)                 |                              — |                              — |                              — |                         24.520 |                              — |                              — |                              —
  FMU BouncingBall (stop=20.0s)                 |                              — |                              — |                              — |                         18.240 |                              — |                              — |                              —
  FMU BouncingBall (stop=5.0s)                  |                              — |                              — |                              — |                         16.633 |                              — |                         13.600 |                         17.084
  MATLAB package init+terminate                 |                              — |                              — |                              — |                              — |                        801.655 |                              — |                              —
  Model description load                        |                          6.932 |                          3.062 |                          1.956 |                              — |                              — |                              — |                              —
  Rapid-fire streaming simulation               |                         15.517 |                         11.309 |                          7.582 |                              — |                              — |                              — |                              —
  Simulink instant eval (start==stop)           |                         19.467 |                         12.428 |                          7.676 |                              — |                              — |                              — |                              —
  Simulink time-series (10 points)              |                         14.205 |                         10.926 |                         10.572 |                              — |                              — |                              — |                              —
  Simulink time-series (100 points)             |                         15.716 |                         10.559 |                          7.792 |                              — |                              — |                              — |                              —
  Simulink time-series (1000 points)            |                         22.941 |                          7.911 |                          9.652 |                              — |                              — |                              — |                              —
  --------------------------------------------- | ------------------------------ | ------------------------------ | ------------------------------ | ------------------------------ | ------------------------------ | ------------------------------ | ------------------------------
  TOTAL (sum)                                   |                        189.631 |                        129.669 |                        120.617 |                         71.363 |                        801.655 |                         24.716 |                         27.763
  AVERAGE                                       |                         18.963 |                         12.967 |                         12.062 |                         17.841 |                        801.655 |                         12.358 |                         13.882
  BEST (min)                                    |                          6.932 |                          3.062 |                          1.956 |                         11.970 |                        801.655 |                         11.116 |                         10.680
  WORST (max)                                   |                         30.056 |                         26.668 |                         24.249 |                         24.520 |                        801.655 |                         13.600 |                         17.084

  Total results collected: 39  (15 scenarios x 7 configs)


=========================================================================================================================================================================================================================================================================================
  CPU / Sim-Type Comparison
=========================================================================================================================================================================================================================================================================================

  Mean Latency (ms)
  Benchmark                                     |                       cpu-1000 |                       cpu-4000 |                       cpu-2000 |                matlab-cpu-2000 | matlab-cpu-2000 (matlab_wheel) |                matlab-cpu-4000 |                matlab-cpu-1000
  --------------------------------------------- | ------------------------------ | ------------------------------ | ------------------------------ | ------------------------------ | ------------------------------ | ------------------------------ | ------------------------------
  BouncingBall free-run (stop=1.0s)             |                         11.545 |                          7.783 |                          8.990 |                              — |                              — |                              — |                              —
  BouncingBall free-run (stop=10.0s)            |                         24.480 |                         20.540 |                         16.286 |                              — |                              — |                              — |                              —
  BouncingBall free-run (stop=20.0s)            |                         24.101 |                         17.187 |                         17.060 |                              — |                              — |                              — |                              —
  BouncingBall free-run (stop=5.0s)             |                         16.459 |                         11.735 |                         12.413 |                              — |                              — |                              — |                              —
  FMU BouncingBall (stop=1.0s)                  |                              — |                              — |                              — |                         10.103 |                              — |                          8.874 |                          8.010
  FMU BouncingBall (stop=10.0s)                 |                              — |                              — |                              — |                         17.081 |                              — |                         14.927 |                              —
  FMU BouncingBall (stop=20.0s)                 |                              — |                              — |                              — |                         13.042 |                              — |                              — |                              —
  FMU BouncingBall (stop=5.0s)                  |                              — |                              — |                              — |                         12.425 |                              — |                         10.445 |                         10.801
  MATLAB package init+terminate                 |                              — |                              — |                              — |                              — |                        720.059 |                              — |                              —
  Model description load                        |                          3.186 |                          2.109 |                          1.734 |                              — |                              — |                              — |                              —
  Rapid-fire streaming simulation               |                         11.356 |                          8.675 |                          6.582 |                              — |                              — |                              — |                              —
  Simulink instant eval (start==stop)           |                         10.367 |                          7.829 |                          6.758 |                              — |                              — |                              — |                              —
  Simulink time-series (10 points)              |                         10.612 |                          8.262 |                          7.989 |                              — |                              — |                              — |                              —
  Simulink time-series (100 points)             |                         11.423 |                          7.816 |                          6.905 |                              — |                              — |                              — |                              —
  Simulink time-series (1000 points)            |                         13.441 |                          6.688 |                          6.884 |                              — |                              — |                              — |                              —
  --------------------------------------------- | ------------------------------ | ------------------------------ | ------------------------------ | ------------------------------ | ------------------------------ | ------------------------------ | ------------------------------
  TOTAL (sum)                                   |                        136.970 |                         98.625 |                         91.600 |                         52.651 |                        720.059 |                         34.246 |                         18.811
  AVERAGE                                       |                         13.697 |                          9.863 |                          9.160 |                         13.163 |                        720.059 |                         11.415 |                          9.405
  BEST (min)                                    |                          3.186 |                          2.109 |                          1.734 |                         10.103 |                        720.059 |                          8.874 |                          8.010
  WORST (max)                                   |                         24.480 |                         20.540 |                         17.060 |                         17.081 |                        720.059 |                         14.927 |                         10.801

  Throughput (ops/s)
  Benchmark                                     |                       cpu-1000 |                       cpu-4000 |                       cpu-2000 |                matlab-cpu-2000 | matlab-cpu-2000 (matlab_wheel) |                matlab-cpu-4000 |                matlab-cpu-1000
  --------------------------------------------- | ------------------------------ | ------------------------------ | ------------------------------ | ------------------------------ | ------------------------------ | ------------------------------ | ------------------------------
  BouncingBall free-run (stop=1.0s)             |                           86.6 |                          128.5 |                          111.2 |                              — |                              — |                              — |                              —
  BouncingBall free-run (stop=10.0s)            |                           40.9 |                           48.7 |                           61.4 |                              — |                              — |                              — |                              —
  BouncingBall free-run (stop=20.0s)            |                           41.5 |                           58.2 |                           58.6 |                              — |                              — |                              — |                              —
  BouncingBall free-run (stop=5.0s)             |                           60.8 |                           85.2 |                           80.6 |                              — |                              — |                              — |                              —
  FMU BouncingBall (stop=1.0s)                  |                              — |                              — |                              — |                           99.0 |                              — |                          112.7 |                          124.8
  FMU BouncingBall (stop=10.0s)                 |                              — |                              — |                              — |                           58.5 |                              — |                           67.0 |                              —
  FMU BouncingBall (stop=20.0s)                 |                              — |                              — |                              — |                           76.7 |                              — |                              — |                              —
  FMU BouncingBall (stop=5.0s)                  |                              — |                              — |                              — |                           80.5 |                              — |                           95.7 |                           92.6
  MATLAB package init+terminate                 |                              — |                              — |                              — |                              — |                            1.4 |                              — |                              —
  Model description load                        |                          313.9 |                          474.1 |                          576.8 |                              — |                              — |                              — |                              —
  Rapid-fire streaming simulation               |                           88.1 |                          115.3 |                          151.9 |                              — |                              — |                              — |                              —
  Simulink instant eval (start==stop)           |                           96.5 |                          127.7 |                          148.0 |                              — |                              — |                              — |                              —
  Simulink time-series (10 points)              |                           94.2 |                          121.0 |                          125.2 |                              — |                              — |                              — |                              —
  Simulink time-series (100 points)             |                           87.5 |                          127.9 |                          144.8 |                              — |                              — |                              — |                              —
  Simulink time-series (1000 points)            |                           74.4 |                          149.5 |                          145.3 |                              — |                              — |                              — |                              —
  --------------------------------------------- | ------------------------------ | ------------------------------ | ------------------------------ | ------------------------------ | ------------------------------ | ------------------------------ | ------------------------------
  TOTAL (sum)                                   |                          984.3 |                         1436.2 |                         1603.7 |                          314.7 |                            1.4 |                          275.4 |                          217.4
  AVERAGE                                       |                           98.4 |                          143.6 |                          160.4 |                           78.7 |                            1.4 |                           91.8 |                          108.7
  BEST (min)                                    |                           40.9 |                           48.7 |                           58.6 |                           58.5 |                            1.4 |                           67.0 |                           92.6
  WORST (max)                                   |                          313.9 |                          474.1 |                          576.8 |                           99.0 |                            1.4 |                          112.7 |                          124.8

  P95 Latency (ms)
  Benchmark                                     |                       cpu-1000 |                       cpu-4000 |                       cpu-2000 |                matlab-cpu-2000 | matlab-cpu-2000 (matlab_wheel) |                matlab-cpu-4000 |                matlab-cpu-1000
  --------------------------------------------- | ------------------------------ | ------------------------------ | ------------------------------ | ------------------------------ | ------------------------------ | ------------------------------ | ------------------------------
  BouncingBall free-run (stop=1.0s)             |                         15.104 |                          9.090 |                         11.475 |                              — |                              — |                              — |                              —
  BouncingBall free-run (stop=10.0s)            |                         29.923 |                         26.668 |                         22.498 |                              — |                              — |                              — |                              —
  BouncingBall free-run (stop=20.0s)            |                         30.056 |                         22.963 |                         24.249 |                              — |                              — |                              — |                              —
  BouncingBall free-run (stop=5.0s)             |                         19.770 |                         14.753 |                         17.166 |                              — |                              — |                              — |                              —
  FMU BouncingBall (stop=1.0s)                  |                              — |                              — |                              — |                         11.970 |                              — |                         11.116 |                         10.680
  FMU BouncingBall (stop=10.0s)                 |                              — |                              — |                              — |                         24.520 |                              — |                         18.754 |                              —
  FMU BouncingBall (stop=20.0s)                 |                              — |                              — |                              — |                         18.240 |                              — |                              — |                              —
  FMU BouncingBall (stop=5.0s)                  |                              — |                              — |                              — |                         16.633 |                              — |                         13.600 |                         17.084
  MATLAB package init+terminate                 |                              — |                              — |                              — |                              — |                        801.655 |                              — |                              —
  Model description load                        |                          6.932 |                          3.062 |                          1.956 |                              — |                              — |                              — |                              —
  Rapid-fire streaming simulation               |                         15.517 |                         11.309 |                          7.582 |                              — |                              — |                              — |                              —
  Simulink instant eval (start==stop)           |                         19.467 |                         12.428 |                          7.676 |                              — |                              — |                              — |                              —
  Simulink time-series (10 points)              |                         14.205 |                         10.926 |                         10.572 |                              — |                              — |                              — |                              —
  Simulink time-series (100 points)             |                         15.716 |                         10.559 |                          7.792 |                              — |                              — |                              — |                              —
  Simulink time-series (1000 points)            |                         22.941 |                          7.911 |                          9.652 |                              — |                              — |                              — |                              —
  --------------------------------------------- | ------------------------------ | ------------------------------ | ------------------------------ | ------------------------------ | ------------------------------ | ------------------------------ | ------------------------------
  TOTAL (sum)                                   |                        189.631 |                        129.669 |                        120.617 |                         71.363 |                        801.655 |                         43.470 |                         27.763
  AVERAGE                                       |                         18.963 |                         12.967 |                         12.062 |                         17.841 |                        801.655 |                         14.490 |                         13.882
  BEST (min)                                    |                          6.932 |                          3.062 |                          1.956 |                         11.970 |                        801.655 |                         11.116 |                         10.680
  WORST (max)                                   |                         30.056 |                         26.668 |                         24.249 |                         24.520 |                        801.655 |                         18.754 |                         17.084

  Total results collected: 40  (15 scenarios x 7 configs)


=========================================================================================================================================================================================================================================================================================
  CPU / Sim-Type Comparison
=========================================================================================================================================================================================================================================================================================

  Mean Latency (ms)
  Benchmark                                     |                       cpu-1000 |                       cpu-4000 |                       cpu-2000 |                matlab-cpu-2000 | matlab-cpu-2000 (matlab_wheel) |                matlab-cpu-4000 |                matlab-cpu-1000
  --------------------------------------------- | ------------------------------ | ------------------------------ | ------------------------------ | ------------------------------ | ------------------------------ | ------------------------------ | ------------------------------
  BouncingBall free-run (stop=1.0s)             |                         11.545 |                          7.783 |                          8.990 |                              — |                              — |                              — |                              —
  BouncingBall free-run (stop=10.0s)            |                         24.480 |                         20.540 |                         16.286 |                              — |                              — |                              — |                              —
  BouncingBall free-run (stop=20.0s)            |                         24.101 |                         17.187 |                         17.060 |                              — |                              — |                              — |                              —
  BouncingBall free-run (stop=5.0s)             |                         16.459 |                         11.735 |                         12.413 |                              — |                              — |                              — |                              —
  FMU BouncingBall (stop=1.0s)                  |                              — |                              — |                              — |                         10.103 |                              — |                          8.874 |                          8.010
  FMU BouncingBall (stop=10.0s)                 |                              — |                              — |                              — |                         17.081 |                              — |                         14.927 |                         15.312
  FMU BouncingBall (stop=20.0s)                 |                              — |                              — |                              — |                         13.042 |                              — |                              — |                              —
  FMU BouncingBall (stop=5.0s)                  |                              — |                              — |                              — |                         12.425 |                              — |                         10.445 |                         10.801
  MATLAB package init+terminate                 |                              — |                              — |                              — |                              — |                        720.059 |                              — |                              —
  Model description load                        |                          3.186 |                          2.109 |                          1.734 |                              — |                              — |                              — |                              —
  Rapid-fire streaming simulation               |                         11.356 |                          8.675 |                          6.582 |                              — |                              — |                              — |                              —
  Simulink instant eval (start==stop)           |                         10.367 |                          7.829 |                          6.758 |                              — |                              — |                              — |                              —
  Simulink time-series (10 points)              |                         10.612 |                          8.262 |                          7.989 |                              — |                              — |                              — |                              —
  Simulink time-series (100 points)             |                         11.423 |                          7.816 |                          6.905 |                              — |                              — |                              — |                              —
  Simulink time-series (1000 points)            |                         13.441 |                          6.688 |                          6.884 |                              — |                              — |                              — |                              —
  --------------------------------------------- | ------------------------------ | ------------------------------ | ------------------------------ | ------------------------------ | ------------------------------ | ------------------------------ | ------------------------------
  TOTAL (sum)                                   |                        136.970 |                         98.625 |                         91.600 |                         52.651 |                        720.059 |                         34.246 |                         34.123
  AVERAGE                                       |                         13.697 |                          9.863 |                          9.160 |                         13.163 |                        720.059 |                         11.415 |                         11.374
  BEST (min)                                    |                          3.186 |                          2.109 |                          1.734 |                         10.103 |                        720.059 |                          8.874 |                          8.010
  WORST (max)                                   |                         24.480 |                         20.540 |                         17.060 |                         17.081 |                        720.059 |                         14.927 |                         15.312

  Throughput (ops/s)
  Benchmark                                     |                       cpu-1000 |                       cpu-4000 |                       cpu-2000 |                matlab-cpu-2000 | matlab-cpu-2000 (matlab_wheel) |                matlab-cpu-4000 |                matlab-cpu-1000
  --------------------------------------------- | ------------------------------ | ------------------------------ | ------------------------------ | ------------------------------ | ------------------------------ | ------------------------------ | ------------------------------
  BouncingBall free-run (stop=1.0s)             |                           86.6 |                          128.5 |                          111.2 |                              — |                              — |                              — |                              —
  BouncingBall free-run (stop=10.0s)            |                           40.9 |                           48.7 |                           61.4 |                              — |                              — |                              — |                              —
  BouncingBall free-run (stop=20.0s)            |                           41.5 |                           58.2 |                           58.6 |                              — |                              — |                              — |                              —
  BouncingBall free-run (stop=5.0s)             |                           60.8 |                           85.2 |                           80.6 |                              — |                              — |                              — |                              —
  FMU BouncingBall (stop=1.0s)                  |                              — |                              — |                              — |                           99.0 |                              — |                          112.7 |                          124.8
  FMU BouncingBall (stop=10.0s)                 |                              — |                              — |                              — |                           58.5 |                              — |                           67.0 |                           65.3
  FMU BouncingBall (stop=20.0s)                 |                              — |                              — |                              — |                           76.7 |                              — |                              — |                              —
  FMU BouncingBall (stop=5.0s)                  |                              — |                              — |                              — |                           80.5 |                              — |                           95.7 |                           92.6
  MATLAB package init+terminate                 |                              — |                              — |                              — |                              — |                            1.4 |                              — |                              —
  Model description load                        |                          313.9 |                          474.1 |                          576.8 |                              — |                              — |                              — |                              —
  Rapid-fire streaming simulation               |                           88.1 |                          115.3 |                          151.9 |                              — |                              — |                              — |                              —
  Simulink instant eval (start==stop)           |                           96.5 |                          127.7 |                          148.0 |                              — |                              — |                              — |                              —
  Simulink time-series (10 points)              |                           94.2 |                          121.0 |                          125.2 |                              — |                              — |                              — |                              —
  Simulink time-series (100 points)             |                           87.5 |                          127.9 |                          144.8 |                              — |                              — |                              — |                              —
  Simulink time-series (1000 points)            |                           74.4 |                          149.5 |                          145.3 |                              — |                              — |                              — |                              —
  --------------------------------------------- | ------------------------------ | ------------------------------ | ------------------------------ | ------------------------------ | ------------------------------ | ------------------------------ | ------------------------------
  TOTAL (sum)                                   |                          984.3 |                         1436.2 |                         1603.7 |                          314.7 |                            1.4 |                          275.4 |                          282.7
  AVERAGE                                       |                           98.4 |                          143.6 |                          160.4 |                           78.7 |                            1.4 |                           91.8 |                           94.2
  BEST (min)                                    |                           40.9 |                           48.7 |                           58.6 |                           58.5 |                            1.4 |                           67.0 |                           65.3
  WORST (max)                                   |                          313.9 |                          474.1 |                          576.8 |                           99.0 |                            1.4 |                          112.7 |                          124.8

  P95 Latency (ms)
  Benchmark                                     |                       cpu-1000 |                       cpu-4000 |                       cpu-2000 |                matlab-cpu-2000 | matlab-cpu-2000 (matlab_wheel) |                matlab-cpu-4000 |                matlab-cpu-1000
  --------------------------------------------- | ------------------------------ | ------------------------------ | ------------------------------ | ------------------------------ | ------------------------------ | ------------------------------ | ------------------------------
  BouncingBall free-run (stop=1.0s)             |                         15.104 |                          9.090 |                         11.475 |                              — |                              — |                              — |                              —
  BouncingBall free-run (stop=10.0s)            |                         29.923 |                         26.668 |                         22.498 |                              — |                              — |                              — |                              —
  BouncingBall free-run (stop=20.0s)            |                         30.056 |                         22.963 |                         24.249 |                              — |                              — |                              — |                              —
  BouncingBall free-run (stop=5.0s)             |                         19.770 |                         14.753 |                         17.166 |                              — |                              — |                              — |                              —
  FMU BouncingBall (stop=1.0s)                  |                              — |                              — |                              — |                         11.970 |                              — |                         11.116 |                         10.680
  FMU BouncingBall (stop=10.0s)                 |                              — |                              — |                              — |                         24.520 |                              — |                         18.754 |                         22.394
  FMU BouncingBall (stop=20.0s)                 |                              — |                              — |                              — |                         18.240 |                              — |                              — |                              —
  FMU BouncingBall (stop=5.0s)                  |                              — |                              — |                              — |                         16.633 |                              — |                         13.600 |                         17.084
  MATLAB package init+terminate                 |                              — |                              — |                              — |                              — |                        801.655 |                              — |                              —
  Model description load                        |                          6.932 |                          3.062 |                          1.956 |                              — |                              — |                              — |                              —
  Rapid-fire streaming simulation               |                         15.517 |                         11.309 |                          7.582 |                              — |                              — |                              — |                              —
  Simulink instant eval (start==stop)           |                         19.467 |                         12.428 |                          7.676 |                              — |                              — |                              — |                              —
  Simulink time-series (10 points)              |                         14.205 |                         10.926 |                         10.572 |                              — |                              — |                              — |                              —
  Simulink time-series (100 points)             |                         15.716 |                         10.559 |                          7.792 |                              — |                              — |                              — |                              —
  Simulink time-series (1000 points)            |                         22.941 |                          7.911 |                          9.652 |                              — |                              — |                              — |                              —
  --------------------------------------------- | ------------------------------ | ------------------------------ | ------------------------------ | ------------------------------ | ------------------------------ | ------------------------------ | ------------------------------
  TOTAL (sum)                                   |                        189.631 |                        129.669 |                        120.617 |                         71.363 |                        801.655 |                         43.470 |                         50.157
  AVERAGE                                       |                         18.963 |                         12.967 |                         12.062 |                         17.841 |                        801.655 |                         14.490 |                         16.719
  BEST (min)                                    |                          6.932 |                          3.062 |                          1.956 |                         11.970 |                        801.655 |                         11.116 |                         10.680
  WORST (max)                                   |                         30.056 |                         26.668 |                         24.249 |                         24.520 |                        801.655 |                         18.754 |                         22.394

  Total results collected: 41  (15 scenarios x 7 configs)


=========================================================================================================================================================================================================================================================================================
  CPU / Sim-Type Comparison
=========================================================================================================================================================================================================================================================================================

  Mean Latency (ms)
  Benchmark                                     |                       cpu-1000 |                       cpu-4000 |                       cpu-2000 |                matlab-cpu-2000 | matlab-cpu-2000 (matlab_wheel) |                matlab-cpu-4000 |                matlab-cpu-1000
  --------------------------------------------- | ------------------------------ | ------------------------------ | ------------------------------ | ------------------------------ | ------------------------------ | ------------------------------ | ------------------------------
  BouncingBall free-run (stop=1.0s)             |                         11.545 |                          7.783 |                          8.990 |                              — |                              — |                              — |                              —
  BouncingBall free-run (stop=10.0s)            |                         24.480 |                         20.540 |                         16.286 |                              — |                              — |                              — |                              —
  BouncingBall free-run (stop=20.0s)            |                         24.101 |                         17.187 |                         17.060 |                              — |                              — |                              — |                              —
  BouncingBall free-run (stop=5.0s)             |                         16.459 |                         11.735 |                         12.413 |                              — |                              — |                              — |                              —
  FMU BouncingBall (stop=1.0s)                  |                              — |                              — |                              — |                         10.103 |                              — |                          8.874 |                          8.010
  FMU BouncingBall (stop=10.0s)                 |                              — |                              — |                              — |                         17.081 |                              — |                         14.927 |                         15.312
  FMU BouncingBall (stop=20.0s)                 |                              — |                              — |                              — |                         13.042 |                              — |                         12.875 |                              —
  FMU BouncingBall (stop=5.0s)                  |                              — |                              — |                              — |                         12.425 |                              — |                         10.445 |                         10.801
  MATLAB package init+terminate                 |                              — |                              — |                              — |                              — |                        720.059 |                              — |                              —
  Model description load                        |                          3.186 |                          2.109 |                          1.734 |                              — |                              — |                              — |                              —
  Rapid-fire streaming simulation               |                         11.356 |                          8.675 |                          6.582 |                              — |                              — |                              — |                              —
  Simulink instant eval (start==stop)           |                         10.367 |                          7.829 |                          6.758 |                              — |                              — |                              — |                              —
  Simulink time-series (10 points)              |                         10.612 |                          8.262 |                          7.989 |                              — |                              — |                              — |                              —
  Simulink time-series (100 points)             |                         11.423 |                          7.816 |                          6.905 |                              — |                              — |                              — |                              —
  Simulink time-series (1000 points)            |                         13.441 |                          6.688 |                          6.884 |                              — |                              — |                              — |                              —
  --------------------------------------------- | ------------------------------ | ------------------------------ | ------------------------------ | ------------------------------ | ------------------------------ | ------------------------------ | ------------------------------
  TOTAL (sum)                                   |                        136.970 |                         98.625 |                         91.600 |                         52.651 |                        720.059 |                         47.121 |                         34.123
  AVERAGE                                       |                         13.697 |                          9.863 |                          9.160 |                         13.163 |                        720.059 |                         11.780 |                         11.374
  BEST (min)                                    |                          3.186 |                          2.109 |                          1.734 |                         10.103 |                        720.059 |                          8.874 |                          8.010
  WORST (max)                                   |                         24.480 |                         20.540 |                         17.060 |                         17.081 |                        720.059 |                         14.927 |                         15.312

  Throughput (ops/s)
  Benchmark                                     |                       cpu-1000 |                       cpu-4000 |                       cpu-2000 |                matlab-cpu-2000 | matlab-cpu-2000 (matlab_wheel) |                matlab-cpu-4000 |                matlab-cpu-1000
  --------------------------------------------- | ------------------------------ | ------------------------------ | ------------------------------ | ------------------------------ | ------------------------------ | ------------------------------ | ------------------------------
  BouncingBall free-run (stop=1.0s)             |                           86.6 |                          128.5 |                          111.2 |                              — |                              — |                              — |                              —
  BouncingBall free-run (stop=10.0s)            |                           40.9 |                           48.7 |                           61.4 |                              — |                              — |                              — |                              —
  BouncingBall free-run (stop=20.0s)            |                           41.5 |                           58.2 |                           58.6 |                              — |                              — |                              — |                              —
  BouncingBall free-run (stop=5.0s)             |                           60.8 |                           85.2 |                           80.6 |                              — |                              — |                              — |                              —
  FMU BouncingBall (stop=1.0s)                  |                              — |                              — |                              — |                           99.0 |                              — |                          112.7 |                          124.8
  FMU BouncingBall (stop=10.0s)                 |                              — |                              — |                              — |                           58.5 |                              — |                           67.0 |                           65.3
  FMU BouncingBall (stop=20.0s)                 |                              — |                              — |                              — |                           76.7 |                              — |                           77.7 |                              —
  FMU BouncingBall (stop=5.0s)                  |                              — |                              — |                              — |                           80.5 |                              — |                           95.7 |                           92.6
  MATLAB package init+terminate                 |                              — |                              — |                              — |                              — |                            1.4 |                              — |                              —
  Model description load                        |                          313.9 |                          474.1 |                          576.8 |                              — |                              — |                              — |                              —
  Rapid-fire streaming simulation               |                           88.1 |                          115.3 |                          151.9 |                              — |                              — |                              — |                              —
  Simulink instant eval (start==stop)           |                           96.5 |                          127.7 |                          148.0 |                              — |                              — |                              — |                              —
  Simulink time-series (10 points)              |                           94.2 |                          121.0 |                          125.2 |                              — |                              — |                              — |                              —
  Simulink time-series (100 points)             |                           87.5 |                          127.9 |                          144.8 |                              — |                              — |                              — |                              —
  Simulink time-series (1000 points)            |                           74.4 |                          149.5 |                          145.3 |                              — |                              — |                              — |                              —
  --------------------------------------------- | ------------------------------ | ------------------------------ | ------------------------------ | ------------------------------ | ------------------------------ | ------------------------------ | ------------------------------
  TOTAL (sum)                                   |                          984.3 |                         1436.2 |                         1603.7 |                          314.7 |                            1.4 |                          353.1 |                          282.7
  AVERAGE                                       |                           98.4 |                          143.6 |                          160.4 |                           78.7 |                            1.4 |                           88.3 |                           94.2
  BEST (min)                                    |                           40.9 |                           48.7 |                           58.6 |                           58.5 |                            1.4 |                           67.0 |                           65.3
  WORST (max)                                   |                          313.9 |                          474.1 |                          576.8 |                           99.0 |                            1.4 |                          112.7 |                          124.8

  P95 Latency (ms)
  Benchmark                                     |                       cpu-1000 |                       cpu-4000 |                       cpu-2000 |                matlab-cpu-2000 | matlab-cpu-2000 (matlab_wheel) |                matlab-cpu-4000 |                matlab-cpu-1000
  --------------------------------------------- | ------------------------------ | ------------------------------ | ------------------------------ | ------------------------------ | ------------------------------ | ------------------------------ | ------------------------------
  BouncingBall free-run (stop=1.0s)             |                         15.104 |                          9.090 |                         11.475 |                              — |                              — |                              — |                              —
  BouncingBall free-run (stop=10.0s)            |                         29.923 |                         26.668 |                         22.498 |                              — |                              — |                              — |                              —
  BouncingBall free-run (stop=20.0s)            |                         30.056 |                         22.963 |                         24.249 |                              — |                              — |                              — |                              —
  BouncingBall free-run (stop=5.0s)             |                         19.770 |                         14.753 |                         17.166 |                              — |                              — |                              — |                              —
  FMU BouncingBall (stop=1.0s)                  |                              — |                              — |                              — |                         11.970 |                              — |                         11.116 |                         10.680
  FMU BouncingBall (stop=10.0s)                 |                              — |                              — |                              — |                         24.520 |                              — |                         18.754 |                         22.394
  FMU BouncingBall (stop=20.0s)                 |                              — |                              — |                              — |                         18.240 |                              — |                         17.692 |                              —
  FMU BouncingBall (stop=5.0s)                  |                              — |                              — |                              — |                         16.633 |                              — |                         13.600 |                         17.084
  MATLAB package init+terminate                 |                              — |                              — |                              — |                              — |                        801.655 |                              — |                              —
  Model description load                        |                          6.932 |                          3.062 |                          1.956 |                              — |                              — |                              — |                              —
  Rapid-fire streaming simulation               |                         15.517 |                         11.309 |                          7.582 |                              — |                              — |                              — |                              —
  Simulink instant eval (start==stop)           |                         19.467 |                         12.428 |                          7.676 |                              — |                              — |                              — |                              —
  Simulink time-series (10 points)              |                         14.205 |                         10.926 |                         10.572 |                              — |                              — |                              — |                              —
  Simulink time-series (100 points)             |                         15.716 |                         10.559 |                          7.792 |                              — |                              — |                              — |                              —
  Simulink time-series (1000 points)            |                         22.941 |                          7.911 |                          9.652 |                              — |                              — |                              — |                              —
  --------------------------------------------- | ------------------------------ | ------------------------------ | ------------------------------ | ------------------------------ | ------------------------------ | ------------------------------ | ------------------------------
  TOTAL (sum)                                   |                        189.631 |                        129.669 |                        120.617 |                         71.363 |                        801.655 |                         61.162 |                         50.157
  AVERAGE                                       |                         18.963 |                         12.967 |                         12.062 |                         17.841 |                        801.655 |                         15.291 |                         16.719
  BEST (min)                                    |                          6.932 |                          3.062 |                          1.956 |                         11.970 |                        801.655 |                         11.116 |                         10.680
  WORST (max)                                   |                         30.056 |                         26.668 |                         24.249 |                         24.520 |                        801.655 |                         18.754 |                         22.394

  Total results collected: 42  (15 scenarios x 7 configs)


=========================================================================================================================================================================================================================================================================================
  CPU / Sim-Type Comparison
=========================================================================================================================================================================================================================================================================================

  Mean Latency (ms)
  Benchmark                                     |                       cpu-1000 |                       cpu-4000 |                       cpu-2000 |                matlab-cpu-2000 | matlab-cpu-2000 (matlab_wheel) |                matlab-cpu-4000 |                matlab-cpu-1000
  --------------------------------------------- | ------------------------------ | ------------------------------ | ------------------------------ | ------------------------------ | ------------------------------ | ------------------------------ | ------------------------------
  BouncingBall free-run (stop=1.0s)             |                         11.545 |                          7.783 |                          8.990 |                              — |                              — |                              — |                              —
  BouncingBall free-run (stop=10.0s)            |                         24.480 |                         20.540 |                         16.286 |                              — |                              — |                              — |                              —
  BouncingBall free-run (stop=20.0s)            |                         24.101 |                         17.187 |                         17.060 |                              — |                              — |                              — |                              —
  BouncingBall free-run (stop=5.0s)             |                         16.459 |                         11.735 |                         12.413 |                              — |                              — |                              — |                              —
  FMU BouncingBall (stop=1.0s)                  |                              — |                              — |                              — |                         10.103 |                              — |                          8.874 |                          8.010
  FMU BouncingBall (stop=10.0s)                 |                              — |                              — |                              — |                         17.081 |                              — |                         14.927 |                         15.312
  FMU BouncingBall (stop=20.0s)                 |                              — |                              — |                              — |                         13.042 |                              — |                         12.875 |                         13.245
  FMU BouncingBall (stop=5.0s)                  |                              — |                              — |                              — |                         12.425 |                              — |                         10.445 |                         10.801
  MATLAB package init+terminate                 |                              — |                              — |                              — |                              — |                        720.059 |                              — |                              —
  Model description load                        |                          3.186 |                          2.109 |                          1.734 |                              — |                              — |                              — |                              —
  Rapid-fire streaming simulation               |                         11.356 |                          8.675 |                          6.582 |                              — |                              — |                              — |                              —
  Simulink instant eval (start==stop)           |                         10.367 |                          7.829 |                          6.758 |                              — |                              — |                              — |                              —
  Simulink time-series (10 points)              |                         10.612 |                          8.262 |                          7.989 |                              — |                              — |                              — |                              —
  Simulink time-series (100 points)             |                         11.423 |                          7.816 |                          6.905 |                              — |                              — |                              — |                              —
  Simulink time-series (1000 points)            |                         13.441 |                          6.688 |                          6.884 |                              — |                              — |                              — |                              —
  --------------------------------------------- | ------------------------------ | ------------------------------ | ------------------------------ | ------------------------------ | ------------------------------ | ------------------------------ | ------------------------------
  TOTAL (sum)                                   |                        136.970 |                         98.625 |                         91.600 |                         52.651 |                        720.059 |                         47.121 |                         47.368
  AVERAGE                                       |                         13.697 |                          9.863 |                          9.160 |                         13.163 |                        720.059 |                         11.780 |                         11.842
  BEST (min)                                    |                          3.186 |                          2.109 |                          1.734 |                         10.103 |                        720.059 |                          8.874 |                          8.010
  WORST (max)                                   |                         24.480 |                         20.540 |                         17.060 |                         17.081 |                        720.059 |                         14.927 |                         15.312

  Throughput (ops/s)
  Benchmark                                     |                       cpu-1000 |                       cpu-4000 |                       cpu-2000 |                matlab-cpu-2000 | matlab-cpu-2000 (matlab_wheel) |                matlab-cpu-4000 |                matlab-cpu-1000
  --------------------------------------------- | ------------------------------ | ------------------------------ | ------------------------------ | ------------------------------ | ------------------------------ | ------------------------------ | ------------------------------
  BouncingBall free-run (stop=1.0s)             |                           86.6 |                          128.5 |                          111.2 |                              — |                              — |                              — |                              —
  BouncingBall free-run (stop=10.0s)            |                           40.9 |                           48.7 |                           61.4 |                              — |                              — |                              — |                              —
  BouncingBall free-run (stop=20.0s)            |                           41.5 |                           58.2 |                           58.6 |                              — |                              — |                              — |                              —
  BouncingBall free-run (stop=5.0s)             |                           60.8 |                           85.2 |                           80.6 |                              — |                              — |                              — |                              —
  FMU BouncingBall (stop=1.0s)                  |                              — |                              — |                              — |                           99.0 |                              — |                          112.7 |                          124.8
  FMU BouncingBall (stop=10.0s)                 |                              — |                              — |                              — |                           58.5 |                              — |                           67.0 |                           65.3
  FMU BouncingBall (stop=20.0s)                 |                              — |                              — |                              — |                           76.7 |                              — |                           77.7 |                           75.5
  FMU BouncingBall (stop=5.0s)                  |                              — |                              — |                              — |                           80.5 |                              — |                           95.7 |                           92.6
  MATLAB package init+terminate                 |                              — |                              — |                              — |                              — |                            1.4 |                              — |                              —
  Model description load                        |                          313.9 |                          474.1 |                          576.8 |                              — |                              — |                              — |                              —
  Rapid-fire streaming simulation               |                           88.1 |                          115.3 |                          151.9 |                              — |                              — |                              — |                              —
  Simulink instant eval (start==stop)           |                           96.5 |                          127.7 |                          148.0 |                              — |                              — |                              — |                              —
  Simulink time-series (10 points)              |                           94.2 |                          121.0 |                          125.2 |                              — |                              — |                              — |                              —
  Simulink time-series (100 points)             |                           87.5 |                          127.9 |                          144.8 |                              — |                              — |                              — |                              —
  Simulink time-series (1000 points)            |                           74.4 |                          149.5 |                          145.3 |                              — |                              — |                              — |                              —
  --------------------------------------------- | ------------------------------ | ------------------------------ | ------------------------------ | ------------------------------ | ------------------------------ | ------------------------------ | ------------------------------
  TOTAL (sum)                                   |                          984.3 |                         1436.2 |                         1603.7 |                          314.7 |                            1.4 |                          353.1 |                          358.2
  AVERAGE                                       |                           98.4 |                          143.6 |                          160.4 |                           78.7 |                            1.4 |                           88.3 |                           89.6
  BEST (min)                                    |                           40.9 |                           48.7 |                           58.6 |                           58.5 |                            1.4 |                           67.0 |                           65.3
  WORST (max)                                   |                          313.9 |                          474.1 |                          576.8 |                           99.0 |                            1.4 |                          112.7 |                          124.8

  P95 Latency (ms)
  Benchmark                                     |                       cpu-1000 |                       cpu-4000 |                       cpu-2000 |                matlab-cpu-2000 | matlab-cpu-2000 (matlab_wheel) |                matlab-cpu-4000 |                matlab-cpu-1000
  --------------------------------------------- | ------------------------------ | ------------------------------ | ------------------------------ | ------------------------------ | ------------------------------ | ------------------------------ | ------------------------------
  BouncingBall free-run (stop=1.0s)             |                         15.104 |                          9.090 |                         11.475 |                              — |                              — |                              — |                              —
  BouncingBall free-run (stop=10.0s)            |                         29.923 |                         26.668 |                         22.498 |                              — |                              — |                              — |                              —
  BouncingBall free-run (stop=20.0s)            |                         30.056 |                         22.963 |                         24.249 |                              — |                              — |                              — |                              —
  BouncingBall free-run (stop=5.0s)             |                         19.770 |                         14.753 |                         17.166 |                              — |                              — |                              — |                              —
  FMU BouncingBall (stop=1.0s)                  |                              — |                              — |                              — |                         11.970 |                              — |                         11.116 |                         10.680
  FMU BouncingBall (stop=10.0s)                 |                              — |                              — |                              — |                         24.520 |                              — |                         18.754 |                         22.394
  FMU BouncingBall (stop=20.0s)                 |                              — |                              — |                              — |                         18.240 |                              — |                         17.692 |                         20.090
  FMU BouncingBall (stop=5.0s)                  |                              — |                              — |                              — |                         16.633 |                              — |                         13.600 |                         17.084
  MATLAB package init+terminate                 |                              — |                              — |                              — |                              — |                        801.655 |                              — |                              —
  Model description load                        |                          6.932 |                          3.062 |                          1.956 |                              — |                              — |                              — |                              —
  Rapid-fire streaming simulation               |                         15.517 |                         11.309 |                          7.582 |                              — |                              — |                              — |                              —
  Simulink instant eval (start==stop)           |                         19.467 |                         12.428 |                          7.676 |                              — |                              — |                              — |                              —
  Simulink time-series (10 points)              |                         14.205 |                         10.926 |                         10.572 |                              — |                              — |                              — |                              —
  Simulink time-series (100 points)             |                         15.716 |                         10.559 |                          7.792 |                              — |                              — |                              — |                              —
  Simulink time-series (1000 points)            |                         22.941 |                          7.911 |                          9.652 |                              — |                              — |                              — |                              —
  --------------------------------------------- | ------------------------------ | ------------------------------ | ------------------------------ | ------------------------------ | ------------------------------ | ------------------------------ | ------------------------------
  TOTAL (sum)                                   |                        189.631 |                        129.669 |                        120.617 |                         71.363 |                        801.655 |                         61.162 |                         70.247
  AVERAGE                                       |                         18.963 |                         12.967 |                         12.062 |                         17.841 |                        801.655 |                         15.291 |                         17.562
  BEST (min)                                    |                          6.932 |                          3.062 |                          1.956 |                         11.970 |                        801.655 |                         11.116 |                         10.680
  WORST (max)                                   |                         30.056 |                         26.668 |                         24.249 |                         24.520 |                        801.655 |                         18.754 |                         22.394

  Total results collected: 43  (15 scenarios x 7 configs)


==========================================================================================================================================================================================================================================================================================================================
  CPU / Sim-Type Comparison
==========================================================================================================================================================================================================================================================================================================================

  Mean Latency (ms)
  Benchmark                                     |                       cpu-1000 |                       cpu-4000 |                       cpu-2000 |                matlab-cpu-2000 | matlab-cpu-2000 (matlab_wheel) |                matlab-cpu-4000 |                matlab-cpu-1000 | matlab-cpu-4000 (matlab_wheel)
  --------------------------------------------- | ------------------------------ | ------------------------------ | ------------------------------ | ------------------------------ | ------------------------------ | ------------------------------ | ------------------------------ | ------------------------------
  BouncingBall free-run (stop=1.0s)             |                         11.545 |                          7.783 |                          8.990 |                              — |                              — |                              — |                              — |                              —
  BouncingBall free-run (stop=10.0s)            |                         24.480 |                         20.540 |                         16.286 |                              — |                              — |                              — |                              — |                              —
  BouncingBall free-run (stop=20.0s)            |                         24.101 |                         17.187 |                         17.060 |                              — |                              — |                              — |                              — |                              —
  BouncingBall free-run (stop=5.0s)             |                         16.459 |                         11.735 |                         12.413 |                              — |                              — |                              — |                              — |                              —
  FMU BouncingBall (stop=1.0s)                  |                              — |                              — |                              — |                         10.103 |                              — |                          8.874 |                          8.010 |                              —
  FMU BouncingBall (stop=10.0s)                 |                              — |                              — |                              — |                         17.081 |                              — |                         14.927 |                         15.312 |                              —
  FMU BouncingBall (stop=20.0s)                 |                              — |                              — |                              — |                         13.042 |                              — |                         12.875 |                         13.245 |                              —
  FMU BouncingBall (stop=5.0s)                  |                              — |                              — |                              — |                         12.425 |                              — |                         10.445 |                         10.801 |                              —
  MATLAB package init+terminate                 |                              — |                              — |                              — |                              — |                        720.059 |                              — |                              — |                        868.825
  Model description load                        |                          3.186 |                          2.109 |                          1.734 |                              — |                              — |                              — |                              — |                              —
  Rapid-fire streaming simulation               |                         11.356 |                          8.675 |                          6.582 |                              — |                              — |                              — |                              — |                              —
  Simulink instant eval (start==stop)           |                         10.367 |                          7.829 |                          6.758 |                              — |                              — |                              — |                              — |                              —
  Simulink time-series (10 points)              |                         10.612 |                          8.262 |                          7.989 |                              — |                              — |                              — |                              — |                              —
  Simulink time-series (100 points)             |                         11.423 |                          7.816 |                          6.905 |                              — |                              — |                              — |                              — |                              —
  Simulink time-series (1000 points)            |                         13.441 |                          6.688 |                          6.884 |                              — |                              — |                              — |                              — |                              —
  --------------------------------------------- | ------------------------------ | ------------------------------ | ------------------------------ | ------------------------------ | ------------------------------ | ------------------------------ | ------------------------------ | ------------------------------
  TOTAL (sum)                                   |                        136.970 |                         98.625 |                         91.600 |                         52.651 |                        720.059 |                         47.121 |                         47.368 |                        868.825
  AVERAGE                                       |                         13.697 |                          9.863 |                          9.160 |                         13.163 |                        720.059 |                         11.780 |                         11.842 |                        868.825
  BEST (min)                                    |                          3.186 |                          2.109 |                          1.734 |                         10.103 |                        720.059 |                          8.874 |                          8.010 |                        868.825
  WORST (max)                                   |                         24.480 |                         20.540 |                         17.060 |                         17.081 |                        720.059 |                         14.927 |                         15.312 |                        868.825

  Throughput (ops/s)
  Benchmark                                     |                       cpu-1000 |                       cpu-4000 |                       cpu-2000 |                matlab-cpu-2000 | matlab-cpu-2000 (matlab_wheel) |                matlab-cpu-4000 |                matlab-cpu-1000 | matlab-cpu-4000 (matlab_wheel)
  --------------------------------------------- | ------------------------------ | ------------------------------ | ------------------------------ | ------------------------------ | ------------------------------ | ------------------------------ | ------------------------------ | ------------------------------
  BouncingBall free-run (stop=1.0s)             |                           86.6 |                          128.5 |                          111.2 |                              — |                              — |                              — |                              — |                              —
  BouncingBall free-run (stop=10.0s)            |                           40.9 |                           48.7 |                           61.4 |                              — |                              — |                              — |                              — |                              —
  BouncingBall free-run (stop=20.0s)            |                           41.5 |                           58.2 |                           58.6 |                              — |                              — |                              — |                              — |                              —
  BouncingBall free-run (stop=5.0s)             |                           60.8 |                           85.2 |                           80.6 |                              — |                              — |                              — |                              — |                              —
  FMU BouncingBall (stop=1.0s)                  |                              — |                              — |                              — |                           99.0 |                              — |                          112.7 |                          124.8 |                              —
  FMU BouncingBall (stop=10.0s)                 |                              — |                              — |                              — |                           58.5 |                              — |                           67.0 |                           65.3 |                              —
  FMU BouncingBall (stop=20.0s)                 |                              — |                              — |                              — |                           76.7 |                              — |                           77.7 |                           75.5 |                              —
  FMU BouncingBall (stop=5.0s)                  |                              — |                              — |                              — |                           80.5 |                              — |                           95.7 |                           92.6 |                              —
  MATLAB package init+terminate                 |                              — |                              — |                              — |                              — |                            1.4 |                              — |                              — |                            1.2
  Model description load                        |                          313.9 |                          474.1 |                          576.8 |                              — |                              — |                              — |                              — |                              —
  Rapid-fire streaming simulation               |                           88.1 |                          115.3 |                          151.9 |                              — |                              — |                              — |                              — |                              —
  Simulink instant eval (start==stop)           |                           96.5 |                          127.7 |                          148.0 |                              — |                              — |                              — |                              — |                              —
  Simulink time-series (10 points)              |                           94.2 |                          121.0 |                          125.2 |                              — |                              — |                              — |                              — |                              —
  Simulink time-series (100 points)             |                           87.5 |                          127.9 |                          144.8 |                              — |                              — |                              — |                              — |                              —
  Simulink time-series (1000 points)            |                           74.4 |                          149.5 |                          145.3 |                              — |                              — |                              — |                              — |                              —
  --------------------------------------------- | ------------------------------ | ------------------------------ | ------------------------------ | ------------------------------ | ------------------------------ | ------------------------------ | ------------------------------ | ------------------------------
  TOTAL (sum)                                   |                          984.3 |                         1436.2 |                         1603.7 |                          314.7 |                            1.4 |                          353.1 |                          358.2 |                            1.2
  AVERAGE                                       |                           98.4 |                          143.6 |                          160.4 |                           78.7 |                            1.4 |                           88.3 |                           89.6 |                            1.2
  BEST (min)                                    |                           40.9 |                           48.7 |                           58.6 |                           58.5 |                            1.4 |                           67.0 |                           65.3 |                            1.2
  WORST (max)                                   |                          313.9 |                          474.1 |                          576.8 |                           99.0 |                            1.4 |                          112.7 |                          124.8 |                            1.2

  P95 Latency (ms)
  Benchmark                                     |                       cpu-1000 |                       cpu-4000 |                       cpu-2000 |                matlab-cpu-2000 | matlab-cpu-2000 (matlab_wheel) |                matlab-cpu-4000 |                matlab-cpu-1000 | matlab-cpu-4000 (matlab_wheel)
  --------------------------------------------- | ------------------------------ | ------------------------------ | ------------------------------ | ------------------------------ | ------------------------------ | ------------------------------ | ------------------------------ | ------------------------------
  BouncingBall free-run (stop=1.0s)             |                         15.104 |                          9.090 |                         11.475 |                              — |                              — |                              — |                              — |                              —
  BouncingBall free-run (stop=10.0s)            |                         29.923 |                         26.668 |                         22.498 |                              — |                              — |                              — |                              — |                              —
  BouncingBall free-run (stop=20.0s)            |                         30.056 |                         22.963 |                         24.249 |                              — |                              — |                              — |                              — |                              —
  BouncingBall free-run (stop=5.0s)             |                         19.770 |                         14.753 |                         17.166 |                              — |                              — |                              — |                              — |                              —
  FMU BouncingBall (stop=1.0s)                  |                              — |                              — |                              — |                         11.970 |                              — |                         11.116 |                         10.680 |                              —
  FMU BouncingBall (stop=10.0s)                 |                              — |                              — |                              — |                         24.520 |                              — |                         18.754 |                         22.394 |                              —
  FMU BouncingBall (stop=20.0s)                 |                              — |                              — |                              — |                         18.240 |                              — |                         17.692 |                         20.090 |                              —
  FMU BouncingBall (stop=5.0s)                  |                              — |                              — |                              — |                         16.633 |                              — |                         13.600 |                         17.084 |                              —
  MATLAB package init+terminate                 |                              — |                              — |                              — |                              — |                        801.655 |                              — |                              — |                       1116.446
  Model description load                        |                          6.932 |                          3.062 |                          1.956 |                              — |                              — |                              — |                              — |                              —
  Rapid-fire streaming simulation               |                         15.517 |                         11.309 |                          7.582 |                              — |                              — |                              — |                              — |                              —
  Simulink instant eval (start==stop)           |                         19.467 |                         12.428 |                          7.676 |                              — |                              — |                              — |                              — |                              —
  Simulink time-series (10 points)              |                         14.205 |                         10.926 |                         10.572 |                              — |                              — |                              — |                              — |                              —
  Simulink time-series (100 points)             |                         15.716 |                         10.559 |                          7.792 |                              — |                              — |                              — |                              — |                              —
  Simulink time-series (1000 points)            |                         22.941 |                          7.911 |                          9.652 |                              — |                              — |                              — |                              — |                              —
  --------------------------------------------- | ------------------------------ | ------------------------------ | ------------------------------ | ------------------------------ | ------------------------------ | ------------------------------ | ------------------------------ | ------------------------------
  TOTAL (sum)                                   |                        189.631 |                        129.669 |                        120.617 |                         71.363 |                        801.655 |                         61.162 |                         70.247 |                       1116.446
  AVERAGE                                       |                         18.963 |                         12.967 |                         12.062 |                         17.841 |                        801.655 |                         15.291 |                         17.562 |                       1116.446
  BEST (min)                                    |                          6.932 |                          3.062 |                          1.956 |                         11.970 |                        801.655 |                         11.116 |                         10.680 |                       1116.446
  WORST (max)                                   |                         30.056 |                         26.668 |                         24.249 |                         24.520 |                        801.655 |                         18.754 |                         22.394 |                       1116.446

  Total results collected: 44  (15 scenarios x 8 configs)


===========================================================================================================================================================================================================================================================================================================================================================
  CPU / Sim-Type Comparison
===========================================================================================================================================================================================================================================================================================================================================================

  Mean Latency (ms)
  Benchmark                                     |                       cpu-1000 |                       cpu-4000 |                       cpu-2000 |                matlab-cpu-2000 | matlab-cpu-2000 (matlab_wheel) |                matlab-cpu-4000 |                matlab-cpu-1000 | matlab-cpu-4000 (matlab_wheel) | matlab-cpu-1000 (matlab_wheel)
  --------------------------------------------- | ------------------------------ | ------------------------------ | ------------------------------ | ------------------------------ | ------------------------------ | ------------------------------ | ------------------------------ | ------------------------------ | ------------------------------
  BouncingBall free-run (stop=1.0s)             |                         11.545 |                          7.783 |                          8.990 |                              — |                              — |                              — |                              — |                              — |                              —
  BouncingBall free-run (stop=10.0s)            |                         24.480 |                         20.540 |                         16.286 |                              — |                              — |                              — |                              — |                              — |                              —
  BouncingBall free-run (stop=20.0s)            |                         24.101 |                         17.187 |                         17.060 |                              — |                              — |                              — |                              — |                              — |                              —
  BouncingBall free-run (stop=5.0s)             |                         16.459 |                         11.735 |                         12.413 |                              — |                              — |                              — |                              — |                              — |                              —
  FMU BouncingBall (stop=1.0s)                  |                              — |                              — |                              — |                         10.103 |                              — |                          8.874 |                          8.010 |                              — |                              —
  FMU BouncingBall (stop=10.0s)                 |                              — |                              — |                              — |                         17.081 |                              — |                         14.927 |                         15.312 |                              — |                              —
  FMU BouncingBall (stop=20.0s)                 |                              — |                              — |                              — |                         13.042 |                              — |                         12.875 |                         13.245 |                              — |                              —
  FMU BouncingBall (stop=5.0s)                  |                              — |                              — |                              — |                         12.425 |                              — |                         10.445 |                         10.801 |                              — |                              —
  MATLAB package init+terminate                 |                              — |                              — |                              — |                              — |                        720.059 |                              — |                              — |                        868.825 |                        965.048
  Model description load                        |                          3.186 |                          2.109 |                          1.734 |                              — |                              — |                              — |                              — |                              — |                              —
  Rapid-fire streaming simulation               |                         11.356 |                          8.675 |                          6.582 |                              — |                              — |                              — |                              — |                              — |                              —
  Simulink instant eval (start==stop)           |                         10.367 |                          7.829 |                          6.758 |                              — |                              — |                              — |                              — |                              — |                              —
  Simulink time-series (10 points)              |                         10.612 |                          8.262 |                          7.989 |                              — |                              — |                              — |                              — |                              — |                              —
  Simulink time-series (100 points)             |                         11.423 |                          7.816 |                          6.905 |                              — |                              — |                              — |                              — |                              — |                              —
  Simulink time-series (1000 points)            |                         13.441 |                          6.688 |                          6.884 |                              — |                              — |                              — |                              — |                              — |                              —
  --------------------------------------------- | ------------------------------ | ------------------------------ | ------------------------------ | ------------------------------ | ------------------------------ | ------------------------------ | ------------------------------ | ------------------------------ | ------------------------------
  TOTAL (sum)                                   |                        136.970 |                         98.625 |                         91.600 |                         52.651 |                        720.059 |                         47.121 |                         47.368 |                        868.825 |                        965.048
  AVERAGE                                       |                         13.697 |                          9.863 |                          9.160 |                         13.163 |                        720.059 |                         11.780 |                         11.842 |                        868.825 |                        965.048
  BEST (min)                                    |                          3.186 |                          2.109 |                          1.734 |                         10.103 |                        720.059 |                          8.874 |                          8.010 |                        868.825 |                        965.048
  WORST (max)                                   |                         24.480 |                         20.540 |                         17.060 |                         17.081 |                        720.059 |                         14.927 |                         15.312 |                        868.825 |                        965.048

  Throughput (ops/s)
  Benchmark                                     |                       cpu-1000 |                       cpu-4000 |                       cpu-2000 |                matlab-cpu-2000 | matlab-cpu-2000 (matlab_wheel) |                matlab-cpu-4000 |                matlab-cpu-1000 | matlab-cpu-4000 (matlab_wheel) | matlab-cpu-1000 (matlab_wheel)
  --------------------------------------------- | ------------------------------ | ------------------------------ | ------------------------------ | ------------------------------ | ------------------------------ | ------------------------------ | ------------------------------ | ------------------------------ | ------------------------------
  BouncingBall free-run (stop=1.0s)             |                           86.6 |                          128.5 |                          111.2 |                              — |                              — |                              — |                              — |                              — |                              —
  BouncingBall free-run (stop=10.0s)            |                           40.9 |                           48.7 |                           61.4 |                              — |                              — |                              — |                              — |                              — |                              —
  BouncingBall free-run (stop=20.0s)            |                           41.5 |                           58.2 |                           58.6 |                              — |                              — |                              — |                              — |                              — |                              —
  BouncingBall free-run (stop=5.0s)             |                           60.8 |                           85.2 |                           80.6 |                              — |                              — |                              — |                              — |                              — |                              —
  FMU BouncingBall (stop=1.0s)                  |                              — |                              — |                              — |                           99.0 |                              — |                          112.7 |                          124.8 |                              — |                              —
  FMU BouncingBall (stop=10.0s)                 |                              — |                              — |                              — |                           58.5 |                              — |                           67.0 |                           65.3 |                              — |                              —
  FMU BouncingBall (stop=20.0s)                 |                              — |                              — |                              — |                           76.7 |                              — |                           77.7 |                           75.5 |                              — |                              —
  FMU BouncingBall (stop=5.0s)                  |                              — |                              — |                              — |                           80.5 |                              — |                           95.7 |                           92.6 |                              — |                              —
  MATLAB package init+terminate                 |                              — |                              — |                              — |                              — |                            1.4 |                              — |                              — |                            1.2 |                            1.0
  Model description load                        |                          313.9 |                          474.1 |                          576.8 |                              — |                              — |                              — |                              — |                              — |                              —
  Rapid-fire streaming simulation               |                           88.1 |                          115.3 |                          151.9 |                              — |                              — |                              — |                              — |                              — |                              —
  Simulink instant eval (start==stop)           |                           96.5 |                          127.7 |                          148.0 |                              — |                              — |                              — |                              — |                              — |                              —
  Simulink time-series (10 points)              |                           94.2 |                          121.0 |                          125.2 |                              — |                              — |                              — |                              — |                              — |                              —
  Simulink time-series (100 points)             |                           87.5 |                          127.9 |                          144.8 |                              — |                              — |                              — |                              — |                              — |                              —
  Simulink time-series (1000 points)            |                           74.4 |                          149.5 |                          145.3 |                              — |                              — |                              — |                              — |                              — |                              —
  --------------------------------------------- | ------------------------------ | ------------------------------ | ------------------------------ | ------------------------------ | ------------------------------ | ------------------------------ | ------------------------------ | ------------------------------ | ------------------------------
  TOTAL (sum)                                   |                          984.3 |                         1436.2 |                         1603.7 |                          314.7 |                            1.4 |                          353.1 |                          358.2 |                            1.2 |                            1.0
  AVERAGE                                       |                           98.4 |                          143.6 |                          160.4 |                           78.7 |                            1.4 |                           88.3 |                           89.6 |                            1.2 |                            1.0
  BEST (min)                                    |                           40.9 |                           48.7 |                           58.6 |                           58.5 |                            1.4 |                           67.0 |                           65.3 |                            1.2 |                            1.0
  WORST (max)                                   |                          313.9 |                          474.1 |                          576.8 |                           99.0 |                            1.4 |                          112.7 |                          124.8 |                            1.2 |                            1.0

  P95 Latency (ms)
  Benchmark                                     |                       cpu-1000 |                       cpu-4000 |                       cpu-2000 |                matlab-cpu-2000 | matlab-cpu-2000 (matlab_wheel) |                matlab-cpu-4000 |                matlab-cpu-1000 | matlab-cpu-4000 (matlab_wheel) | matlab-cpu-1000 (matlab_wheel)
  --------------------------------------------- | ------------------------------ | ------------------------------ | ------------------------------ | ------------------------------ | ------------------------------ | ------------------------------ | ------------------------------ | ------------------------------ | ------------------------------
  BouncingBall free-run (stop=1.0s)             |                         15.104 |                          9.090 |                         11.475 |                              — |                              — |                              — |                              — |                              — |                              —
  BouncingBall free-run (stop=10.0s)            |                         29.923 |                         26.668 |                         22.498 |                              — |                              — |                              — |                              — |                              — |                              —
  BouncingBall free-run (stop=20.0s)            |                         30.056 |                         22.963 |                         24.249 |                              — |                              — |                              — |                              — |                              — |                              —
  BouncingBall free-run (stop=5.0s)             |                         19.770 |                         14.753 |                         17.166 |                              — |                              — |                              — |                              — |                              — |                              —
  FMU BouncingBall (stop=1.0s)                  |                              — |                              — |                              — |                         11.970 |                              — |                         11.116 |                         10.680 |                              — |                              —
  FMU BouncingBall (stop=10.0s)                 |                              — |                              — |                              — |                         24.520 |                              — |                         18.754 |                         22.394 |                              — |                              —
  FMU BouncingBall (stop=20.0s)                 |                              — |                              — |                              — |                         18.240 |                              — |                         17.692 |                         20.090 |                              — |                              —
  FMU BouncingBall (stop=5.0s)                  |                              — |                              — |                              — |                         16.633 |                              — |                         13.600 |                         17.084 |                              — |                              —
  MATLAB package init+terminate                 |                              — |                              — |                              — |                              — |                        801.655 |                              — |                              — |                       1116.446 |                       1286.050
  Model description load                        |                          6.932 |                          3.062 |                          1.956 |                              — |                              — |                              — |                              — |                              — |                              —
  Rapid-fire streaming simulation               |                         15.517 |                         11.309 |                          7.582 |                              — |                              — |                              — |                              — |                              — |                              —
  Simulink instant eval (start==stop)           |                         19.467 |                         12.428 |                          7.676 |                              — |                              — |                              — |                              — |                              — |                              —
  Simulink time-series (10 points)              |                         14.205 |                         10.926 |                         10.572 |                              — |                              — |                              — |                              — |                              — |                              —
  Simulink time-series (100 points)             |                         15.716 |                         10.559 |                          7.792 |                              — |                              — |                              — |                              — |                              — |                              —
  Simulink time-series (1000 points)            |                         22.941 |                          7.911 |                          9.652 |                              — |                              — |                              — |                              — |                              — |                              —
  --------------------------------------------- | ------------------------------ | ------------------------------ | ------------------------------ | ------------------------------ | ------------------------------ | ------------------------------ | ------------------------------ | ------------------------------ | ------------------------------
  TOTAL (sum)                                   |                        189.631 |                        129.669 |                        120.617 |                         71.363 |                        801.655 |                         61.162 |                         70.247 |                       1116.446 |                       1286.050
  AVERAGE                                       |                         18.963 |                         12.967 |                         12.062 |                         17.841 |                        801.655 |                         15.291 |                         17.562 |                       1116.446 |                       1286.050
  BEST (min)                                    |                          6.932 |                          3.062 |                          1.956 |                         11.970 |                        801.655 |                         11.116 |                         10.680 |                       1116.446 |                       1286.050
  WORST (max)                                   |                         30.056 |                         26.668 |                         24.249 |                         24.520 |                        801.655 |                         18.754 |                         22.394 |                       1116.446 |                       1286.050

  Total results collected: 45  (15 scenarios x 9 configs)


===========================================================================================================================================================================================================================================================================================================================================================
  CPU / Sim-Type Comparison
===========================================================================================================================================================================================================================================================================================================================================================

  Mean Latency (ms)
  Benchmark                                     |                       cpu-1000 |                       cpu-4000 |                       cpu-2000 |                matlab-cpu-2000 | matlab-cpu-2000 (matlab_wheel) |                matlab-cpu-4000 |                matlab-cpu-1000 | matlab-cpu-4000 (matlab_wheel) | matlab-cpu-1000 (matlab_wheel)
  --------------------------------------------- | ------------------------------ | ------------------------------ | ------------------------------ | ------------------------------ | ------------------------------ | ------------------------------ | ------------------------------ | ------------------------------ | ------------------------------
  BouncingBall free-run (stop=1.0s)             |                         11.545 |                          7.783 |                          8.990 |                              — |                              — |                              — |                              — |                              — |                              —
  BouncingBall free-run (stop=10.0s)            |                         24.480 |                         20.540 |                         16.286 |                              — |                              — |                              — |                              — |                              — |                              —
  BouncingBall free-run (stop=20.0s)            |                         24.101 |                         17.187 |                         17.060 |                              — |                              — |                              — |                              — |                              — |                              —
  BouncingBall free-run (stop=5.0s)             |                         16.459 |                         11.735 |                         12.413 |                              — |                              — |                              — |                              — |                              — |                              —
  FMU BouncingBall (stop=1.0s)                  |                              — |                              — |                              — |                         10.103 |                              — |                          8.874 |                          7.159 |                              — |                              —
  FMU BouncingBall (stop=10.0s)                 |                              — |                              — |                              — |                         17.081 |                              — |                         14.927 |                         15.312 |                              — |                              —
  FMU BouncingBall (stop=20.0s)                 |                              — |                              — |                              — |                         13.042 |                              — |                         12.875 |                         13.245 |                              — |                              —
  FMU BouncingBall (stop=5.0s)                  |                              — |                              — |                              — |                         12.425 |                              — |                         10.445 |                         10.801 |                              — |                              —
  MATLAB package init+terminate                 |                              — |                              — |                              — |                              — |                        720.059 |                              — |                              — |                        868.825 |                        965.048
  Model description load                        |                          3.186 |                          2.109 |                          1.734 |                              — |                              — |                              — |                              — |                              — |                              —
  Rapid-fire streaming simulation               |                         11.356 |                          8.675 |                          6.582 |                              — |                              — |                              — |                              — |                              — |                              —
  Simulink instant eval (start==stop)           |                         10.367 |                          7.829 |                          6.758 |                              — |                              — |                              — |                              — |                              — |                              —
  Simulink time-series (10 points)              |                         10.612 |                          8.262 |                          7.989 |                              — |                              — |                              — |                              — |                              — |                              —
  Simulink time-series (100 points)             |                         11.423 |                          7.816 |                          6.905 |                              — |                              — |                              — |                              — |                              — |                              —
  Simulink time-series (1000 points)            |                         13.441 |                          6.688 |                          6.884 |                              — |                              — |                              — |                              — |                              — |                              —
  --------------------------------------------- | ------------------------------ | ------------------------------ | ------------------------------ | ------------------------------ | ------------------------------ | ------------------------------ | ------------------------------ | ------------------------------ | ------------------------------
  TOTAL (sum)                                   |                        136.970 |                         98.625 |                         91.600 |                         52.651 |                        720.059 |                         47.121 |                         46.516 |                        868.825 |                        965.048
  AVERAGE                                       |                         13.697 |                          9.863 |                          9.160 |                         13.163 |                        720.059 |                         11.780 |                         11.629 |                        868.825 |                        965.048
  BEST (min)                                    |                          3.186 |                          2.109 |                          1.734 |                         10.103 |                        720.059 |                          8.874 |                          7.159 |                        868.825 |                        965.048
  WORST (max)                                   |                         24.480 |                         20.540 |                         17.060 |                         17.081 |                        720.059 |                         14.927 |                         15.312 |                        868.825 |                        965.048

  Throughput (ops/s)
  Benchmark                                     |                       cpu-1000 |                       cpu-4000 |                       cpu-2000 |                matlab-cpu-2000 | matlab-cpu-2000 (matlab_wheel) |                matlab-cpu-4000 |                matlab-cpu-1000 | matlab-cpu-4000 (matlab_wheel) | matlab-cpu-1000 (matlab_wheel)
  --------------------------------------------- | ------------------------------ | ------------------------------ | ------------------------------ | ------------------------------ | ------------------------------ | ------------------------------ | ------------------------------ | ------------------------------ | ------------------------------
  BouncingBall free-run (stop=1.0s)             |                           86.6 |                          128.5 |                          111.2 |                              — |                              — |                              — |                              — |                              — |                              —
  BouncingBall free-run (stop=10.0s)            |                           40.9 |                           48.7 |                           61.4 |                              — |                              — |                              — |                              — |                              — |                              —
  BouncingBall free-run (stop=20.0s)            |                           41.5 |                           58.2 |                           58.6 |                              — |                              — |                              — |                              — |                              — |                              —
  BouncingBall free-run (stop=5.0s)             |                           60.8 |                           85.2 |                           80.6 |                              — |                              — |                              — |                              — |                              — |                              —
  FMU BouncingBall (stop=1.0s)                  |                              — |                              — |                              — |                           99.0 |                              — |                          112.7 |                          139.7 |                              — |                              —
  FMU BouncingBall (stop=10.0s)                 |                              — |                              — |                              — |                           58.5 |                              — |                           67.0 |                           65.3 |                              — |                              —
  FMU BouncingBall (stop=20.0s)                 |                              — |                              — |                              — |                           76.7 |                              — |                           77.7 |                           75.5 |                              — |                              —
  FMU BouncingBall (stop=5.0s)                  |                              — |                              — |                              — |                           80.5 |                              — |                           95.7 |                           92.6 |                              — |                              —
  MATLAB package init+terminate                 |                              — |                              — |                              — |                              — |                            1.4 |                              — |                              — |                            1.2 |                            1.0
  Model description load                        |                          313.9 |                          474.1 |                          576.8 |                              — |                              — |                              — |                              — |                              — |                              —
  Rapid-fire streaming simulation               |                           88.1 |                          115.3 |                          151.9 |                              — |                              — |                              — |                              — |                              — |                              —
  Simulink instant eval (start==stop)           |                           96.5 |                          127.7 |                          148.0 |                              — |                              — |                              — |                              — |                              — |                              —
  Simulink time-series (10 points)              |                           94.2 |                          121.0 |                          125.2 |                              — |                              — |                              — |                              — |                              — |                              —
  Simulink time-series (100 points)             |                           87.5 |                          127.9 |                          144.8 |                              — |                              — |                              — |                              — |                              — |                              —
  Simulink time-series (1000 points)            |                           74.4 |                          149.5 |                          145.3 |                              — |                              — |                              — |                              — |                              — |                              —
  --------------------------------------------- | ------------------------------ | ------------------------------ | ------------------------------ | ------------------------------ | ------------------------------ | ------------------------------ | ------------------------------ | ------------------------------ | ------------------------------
  TOTAL (sum)                                   |                          984.3 |                         1436.2 |                         1603.7 |                          314.7 |                            1.4 |                          353.1 |                          373.1 |                            1.2 |                            1.0
  AVERAGE                                       |                           98.4 |                          143.6 |                          160.4 |                           78.7 |                            1.4 |                           88.3 |                           93.3 |                            1.2 |                            1.0
  BEST (min)                                    |                           40.9 |                           48.7 |                           58.6 |                           58.5 |                            1.4 |                           67.0 |                           65.3 |                            1.2 |                            1.0
  WORST (max)                                   |                          313.9 |                          474.1 |                          576.8 |                           99.0 |                            1.4 |                          112.7 |                          139.7 |                            1.2 |                            1.0

  P95 Latency (ms)
  Benchmark                                     |                       cpu-1000 |                       cpu-4000 |                       cpu-2000 |                matlab-cpu-2000 | matlab-cpu-2000 (matlab_wheel) |                matlab-cpu-4000 |                matlab-cpu-1000 | matlab-cpu-4000 (matlab_wheel) | matlab-cpu-1000 (matlab_wheel)
  --------------------------------------------- | ------------------------------ | ------------------------------ | ------------------------------ | ------------------------------ | ------------------------------ | ------------------------------ | ------------------------------ | ------------------------------ | ------------------------------
  BouncingBall free-run (stop=1.0s)             |                         15.104 |                          9.090 |                         11.475 |                              — |                              — |                              — |                              — |                              — |                              —
  BouncingBall free-run (stop=10.0s)            |                         29.923 |                         26.668 |                         22.498 |                              — |                              — |                              — |                              — |                              — |                              —
  BouncingBall free-run (stop=20.0s)            |                         30.056 |                         22.963 |                         24.249 |                              — |                              — |                              — |                              — |                              — |                              —
  BouncingBall free-run (stop=5.0s)             |                         19.770 |                         14.753 |                         17.166 |                              — |                              — |                              — |                              — |                              — |                              —
  FMU BouncingBall (stop=1.0s)                  |                              — |                              — |                              — |                         11.970 |                              — |                         11.116 |                          9.365 |                              — |                              —
  FMU BouncingBall (stop=10.0s)                 |                              — |                              — |                              — |                         24.520 |                              — |                         18.754 |                         22.394 |                              — |                              —
  FMU BouncingBall (stop=20.0s)                 |                              — |                              — |                              — |                         18.240 |                              — |                         17.692 |                         20.090 |                              — |                              —
  FMU BouncingBall (stop=5.0s)                  |                              — |                              — |                              — |                         16.633 |                              — |                         13.600 |                         17.084 |                              — |                              —
  MATLAB package init+terminate                 |                              — |                              — |                              — |                              — |                        801.655 |                              — |                              — |                       1116.446 |                       1286.050
  Model description load                        |                          6.932 |                          3.062 |                          1.956 |                              — |                              — |                              — |                              — |                              — |                              —
  Rapid-fire streaming simulation               |                         15.517 |                         11.309 |                          7.582 |                              — |                              — |                              — |                              — |                              — |                              —
  Simulink instant eval (start==stop)           |                         19.467 |                         12.428 |                          7.676 |                              — |                              — |                              — |                              — |                              — |                              —
  Simulink time-series (10 points)              |                         14.205 |                         10.926 |                         10.572 |                              — |                              — |                              — |                              — |                              — |                              —
  Simulink time-series (100 points)             |                         15.716 |                         10.559 |                          7.792 |                              — |                              — |                              — |                              — |                              — |                              —
  Simulink time-series (1000 points)            |                         22.941 |                          7.911 |                          9.652 |                              — |                              — |                              — |                              — |                              — |                              —
  --------------------------------------------- | ------------------------------ | ------------------------------ | ------------------------------ | ------------------------------ | ------------------------------ | ------------------------------ | ------------------------------ | ------------------------------ | ------------------------------
  TOTAL (sum)                                   |                        189.631 |                        129.669 |                        120.617 |                         71.363 |                        801.655 |                         61.162 |                         68.933 |                       1116.446 |                       1286.050
  AVERAGE                                       |                         18.963 |                         12.967 |                         12.062 |                         17.841 |                        801.655 |                         15.291 |                         17.233 |                       1116.446 |                       1286.050
  BEST (min)                                    |                          6.932 |                          3.062 |                          1.956 |                         11.970 |                        801.655 |                         11.116 |                          9.365 |                       1116.446 |                       1286.050
  WORST (max)                                   |                         30.056 |                         26.668 |                         24.249 |                         24.520 |                        801.655 |                         18.754 |                         22.394 |                       1116.446 |                       1286.050

  Total results collected: 45  (15 scenarios x 9 configs)


===========================================================================================================================================================================================================================================================================================================================================================
  CPU / Sim-Type Comparison
===========================================================================================================================================================================================================================================================================================================================================================

  Mean Latency (ms)
  Benchmark                                     |                       cpu-1000 |                       cpu-4000 |                       cpu-2000 |                matlab-cpu-2000 | matlab-cpu-2000 (matlab_wheel) |                matlab-cpu-4000 |                matlab-cpu-1000 | matlab-cpu-4000 (matlab_wheel) | matlab-cpu-1000 (matlab_wheel)
  --------------------------------------------- | ------------------------------ | ------------------------------ | ------------------------------ | ------------------------------ | ------------------------------ | ------------------------------ | ------------------------------ | ------------------------------ | ------------------------------
  BouncingBall free-run (stop=1.0s)             |                         11.545 |                          7.783 |                          8.990 |                              — |                              — |                              — |                              — |                              — |                              —
  BouncingBall free-run (stop=10.0s)            |                         24.480 |                         20.540 |                         16.286 |                              — |                              — |                              — |                              — |                              — |                              —
  BouncingBall free-run (stop=20.0s)            |                         24.101 |                         17.187 |                         17.060 |                              — |                              — |                              — |                              — |                              — |                              —
  BouncingBall free-run (stop=5.0s)             |                         16.459 |                         11.735 |                         12.413 |                              — |                              — |                              — |                              — |                              — |                              —
  FMU BouncingBall (stop=1.0s)                  |                              — |                              — |                              — |                         10.103 |                              — |                          8.874 |                          7.159 |                              — |                              —
  FMU BouncingBall (stop=10.0s)                 |                              — |                              — |                              — |                         17.081 |                              — |                         14.927 |                         15.312 |                              — |                              —
  FMU BouncingBall (stop=20.0s)                 |                              — |                              — |                              — |                         13.042 |                              — |                         12.875 |                         13.245 |                              — |                              —
  FMU BouncingBall (stop=5.0s)                  |                              — |                              — |                              — |                         12.425 |                              — |                         10.445 |                          9.983 |                              — |                              —
  MATLAB package init+terminate                 |                              — |                              — |                              — |                              — |                        720.059 |                              — |                              — |                        868.825 |                        965.048
  Model description load                        |                          3.186 |                          2.109 |                          1.734 |                              — |                              — |                              — |                              — |                              — |                              —
  Rapid-fire streaming simulation               |                         11.356 |                          8.675 |                          6.582 |                              — |                              — |                              — |                              — |                              — |                              —
  Simulink instant eval (start==stop)           |                         10.367 |                          7.829 |                          6.758 |                              — |                              — |                              — |                              — |                              — |                              —
  Simulink time-series (10 points)              |                         10.612 |                          8.262 |                          7.989 |                              — |                              — |                              — |                              — |                              — |                              —
  Simulink time-series (100 points)             |                         11.423 |                          7.816 |                          6.905 |                              — |                              — |                              — |                              — |                              — |                              —
  Simulink time-series (1000 points)            |                         13.441 |                          6.688 |                          6.884 |                              — |                              — |                              — |                              — |                              — |                              —
  --------------------------------------------- | ------------------------------ | ------------------------------ | ------------------------------ | ------------------------------ | ------------------------------ | ------------------------------ | ------------------------------ | ------------------------------ | ------------------------------
  TOTAL (sum)                                   |                        136.970 |                         98.625 |                         91.600 |                         52.651 |                        720.059 |                         47.121 |                         45.698 |                        868.825 |                        965.048
  AVERAGE                                       |                         13.697 |                          9.863 |                          9.160 |                         13.163 |                        720.059 |                         11.780 |                         11.425 |                        868.825 |                        965.048
  BEST (min)                                    |                          3.186 |                          2.109 |                          1.734 |                         10.103 |                        720.059 |                          8.874 |                          7.159 |                        868.825 |                        965.048
  WORST (max)                                   |                         24.480 |                         20.540 |                         17.060 |                         17.081 |                        720.059 |                         14.927 |                         15.312 |                        868.825 |                        965.048

  Throughput (ops/s)
  Benchmark                                     |                       cpu-1000 |                       cpu-4000 |                       cpu-2000 |                matlab-cpu-2000 | matlab-cpu-2000 (matlab_wheel) |                matlab-cpu-4000 |                matlab-cpu-1000 | matlab-cpu-4000 (matlab_wheel) | matlab-cpu-1000 (matlab_wheel)
  --------------------------------------------- | ------------------------------ | ------------------------------ | ------------------------------ | ------------------------------ | ------------------------------ | ------------------------------ | ------------------------------ | ------------------------------ | ------------------------------
  BouncingBall free-run (stop=1.0s)             |                           86.6 |                          128.5 |                          111.2 |                              — |                              — |                              — |                              — |                              — |                              —
  BouncingBall free-run (stop=10.0s)            |                           40.9 |                           48.7 |                           61.4 |                              — |                              — |                              — |                              — |                              — |                              —
  BouncingBall free-run (stop=20.0s)            |                           41.5 |                           58.2 |                           58.6 |                              — |                              — |                              — |                              — |                              — |                              —
  BouncingBall free-run (stop=5.0s)             |                           60.8 |                           85.2 |                           80.6 |                              — |                              — |                              — |                              — |                              — |                              —
  FMU BouncingBall (stop=1.0s)                  |                              — |                              — |                              — |                           99.0 |                              — |                          112.7 |                          139.7 |                              — |                              —
  FMU BouncingBall (stop=10.0s)                 |                              — |                              — |                              — |                           58.5 |                              — |                           67.0 |                           65.3 |                              — |                              —
  FMU BouncingBall (stop=20.0s)                 |                              — |                              — |                              — |                           76.7 |                              — |                           77.7 |                           75.5 |                              — |                              —
  FMU BouncingBall (stop=5.0s)                  |                              — |                              — |                              — |                           80.5 |                              — |                           95.7 |                          100.2 |                              — |                              —
  MATLAB package init+terminate                 |                              — |                              — |                              — |                              — |                            1.4 |                              — |                              — |                            1.2 |                            1.0
  Model description load                        |                          313.9 |                          474.1 |                          576.8 |                              — |                              — |                              — |                              — |                              — |                              —
  Rapid-fire streaming simulation               |                           88.1 |                          115.3 |                          151.9 |                              — |                              — |                              — |                              — |                              — |                              —
  Simulink instant eval (start==stop)           |                           96.5 |                          127.7 |                          148.0 |                              — |                              — |                              — |                              — |                              — |                              —
  Simulink time-series (10 points)              |                           94.2 |                          121.0 |                          125.2 |                              — |                              — |                              — |                              — |                              — |                              —
  Simulink time-series (100 points)             |                           87.5 |                          127.9 |                          144.8 |                              — |                              — |                              — |                              — |                              — |                              —
  Simulink time-series (1000 points)            |                           74.4 |                          149.5 |                          145.3 |                              — |                              — |                              — |                              — |                              — |                              —
  --------------------------------------------- | ------------------------------ | ------------------------------ | ------------------------------ | ------------------------------ | ------------------------------ | ------------------------------ | ------------------------------ | ------------------------------ | ------------------------------
  TOTAL (sum)                                   |                          984.3 |                         1436.2 |                         1603.7 |                          314.7 |                            1.4 |                          353.1 |                          380.7 |                            1.2 |                            1.0
  AVERAGE                                       |                           98.4 |                          143.6 |                          160.4 |                           78.7 |                            1.4 |                           88.3 |                           95.2 |                            1.2 |                            1.0
  BEST (min)                                    |                           40.9 |                           48.7 |                           58.6 |                           58.5 |                            1.4 |                           67.0 |                           65.3 |                            1.2 |                            1.0
  WORST (max)                                   |                          313.9 |                          474.1 |                          576.8 |                           99.0 |                            1.4 |                          112.7 |                          139.7 |                            1.2 |                            1.0

  P95 Latency (ms)
  Benchmark                                     |                       cpu-1000 |                       cpu-4000 |                       cpu-2000 |                matlab-cpu-2000 | matlab-cpu-2000 (matlab_wheel) |                matlab-cpu-4000 |                matlab-cpu-1000 | matlab-cpu-4000 (matlab_wheel) | matlab-cpu-1000 (matlab_wheel)
  --------------------------------------------- | ------------------------------ | ------------------------------ | ------------------------------ | ------------------------------ | ------------------------------ | ------------------------------ | ------------------------------ | ------------------------------ | ------------------------------
  BouncingBall free-run (stop=1.0s)             |                         15.104 |                          9.090 |                         11.475 |                              — |                              — |                              — |                              — |                              — |                              —
  BouncingBall free-run (stop=10.0s)            |                         29.923 |                         26.668 |                         22.498 |                              — |                              — |                              — |                              — |                              — |                              —
  BouncingBall free-run (stop=20.0s)            |                         30.056 |                         22.963 |                         24.249 |                              — |                              — |                              — |                              — |                              — |                              —
  BouncingBall free-run (stop=5.0s)             |                         19.770 |                         14.753 |                         17.166 |                              — |                              — |                              — |                              — |                              — |                              —
  FMU BouncingBall (stop=1.0s)                  |                              — |                              — |                              — |                         11.970 |                              — |                         11.116 |                          9.365 |                              — |                              —
  FMU BouncingBall (stop=10.0s)                 |                              — |                              — |                              — |                         24.520 |                              — |                         18.754 |                         22.394 |                              — |                              —
  FMU BouncingBall (stop=20.0s)                 |                              — |                              — |                              — |                         18.240 |                              — |                         17.692 |                         20.090 |                              — |                              —
  FMU BouncingBall (stop=5.0s)                  |                              — |                              — |                              — |                         16.633 |                              — |                         13.600 |                         13.513 |                              — |                              —
  MATLAB package init+terminate                 |                              — |                              — |                              — |                              — |                        801.655 |                              — |                              — |                       1116.446 |                       1286.050
  Model description load                        |                          6.932 |                          3.062 |                          1.956 |                              — |                              — |                              — |                              — |                              — |                              —
  Rapid-fire streaming simulation               |                         15.517 |                         11.309 |                          7.582 |                              — |                              — |                              — |                              — |                              — |                              —
  Simulink instant eval (start==stop)           |                         19.467 |                         12.428 |                          7.676 |                              — |                              — |                              — |                              — |                              — |                              —
  Simulink time-series (10 points)              |                         14.205 |                         10.926 |                         10.572 |                              — |                              — |                              — |                              — |                              — |                              —
  Simulink time-series (100 points)             |                         15.716 |                         10.559 |                          7.792 |                              — |                              — |                              — |                              — |                              — |                              —
  Simulink time-series (1000 points)            |                         22.941 |                          7.911 |                          9.652 |                              — |                              — |                              — |                              — |                              — |                              —
  --------------------------------------------- | ------------------------------ | ------------------------------ | ------------------------------ | ------------------------------ | ------------------------------ | ------------------------------ | ------------------------------ | ------------------------------ | ------------------------------
  TOTAL (sum)                                   |                        189.631 |                        129.669 |                        120.617 |                         71.363 |                        801.655 |                         61.162 |                         65.362 |                       1116.446 |                       1286.050
  AVERAGE                                       |                         18.963 |                         12.967 |                         12.062 |                         17.841 |                        801.655 |                         15.291 |                         16.340 |                       1116.446 |                       1286.050
  BEST (min)                                    |                          6.932 |                          3.062 |                          1.956 |                         11.970 |                        801.655 |                         11.116 |                          9.365 |                       1116.446 |                       1286.050
  WORST (max)                                   |                         30.056 |                         26.668 |                         24.249 |                         24.520 |                        801.655 |                         18.754 |                         22.394 |                       1116.446 |                       1286.050

  Total results collected: 45  (15 scenarios x 9 configs)


===========================================================================================================================================================================================================================================================================================================================================================
  CPU / Sim-Type Comparison
===========================================================================================================================================================================================================================================================================================================================================================

  Mean Latency (ms)
  Benchmark                                     |                       cpu-1000 |                       cpu-4000 |                       cpu-2000 |                matlab-cpu-2000 | matlab-cpu-2000 (matlab_wheel) |                matlab-cpu-4000 |                matlab-cpu-1000 | matlab-cpu-4000 (matlab_wheel) | matlab-cpu-1000 (matlab_wheel)
  --------------------------------------------- | ------------------------------ | ------------------------------ | ------------------------------ | ------------------------------ | ------------------------------ | ------------------------------ | ------------------------------ | ------------------------------ | ------------------------------
  BouncingBall free-run (stop=1.0s)             |                         11.545 |                          7.783 |                          8.990 |                              — |                              — |                              — |                              — |                              — |                              —
  BouncingBall free-run (stop=10.0s)            |                         24.480 |                         20.540 |                         16.286 |                              — |                              — |                              — |                              — |                              — |                              —
  BouncingBall free-run (stop=20.0s)            |                         24.101 |                         17.187 |                         17.060 |                              — |                              — |                              — |                              — |                              — |                              —
  BouncingBall free-run (stop=5.0s)             |                         16.459 |                         11.735 |                         12.413 |                              — |                              — |                              — |                              — |                              — |                              —
  FMU BouncingBall (stop=1.0s)                  |                              — |                              — |                              — |                         10.103 |                              — |                          8.874 |                          7.159 |                              — |                              —
  FMU BouncingBall (stop=10.0s)                 |                              — |                              — |                              — |                         17.081 |                              — |                         14.927 |                         13.435 |                              — |                              —
  FMU BouncingBall (stop=20.0s)                 |                              — |                              — |                              — |                         13.042 |                              — |                         12.875 |                         13.245 |                              — |                              —
  FMU BouncingBall (stop=5.0s)                  |                              — |                              — |                              — |                         12.425 |                              — |                         10.445 |                          9.983 |                              — |                              —
  MATLAB package init+terminate                 |                              — |                              — |                              — |                              — |                        720.059 |                              — |                              — |                        868.825 |                        965.048
  Model description load                        |                          3.186 |                          2.109 |                          1.734 |                              — |                              — |                              — |                              — |                              — |                              —
  Rapid-fire streaming simulation               |                         11.356 |                          8.675 |                          6.582 |                              — |                              — |                              — |                              — |                              — |                              —
  Simulink instant eval (start==stop)           |                         10.367 |                          7.829 |                          6.758 |                              — |                              — |                              — |                              — |                              — |                              —
  Simulink time-series (10 points)              |                         10.612 |                          8.262 |                          7.989 |                              — |                              — |                              — |                              — |                              — |                              —
  Simulink time-series (100 points)             |                         11.423 |                          7.816 |                          6.905 |                              — |                              — |                              — |                              — |                              — |                              —
  Simulink time-series (1000 points)            |                         13.441 |                          6.688 |                          6.884 |                              — |                              — |                              — |                              — |                              — |                              —
  --------------------------------------------- | ------------------------------ | ------------------------------ | ------------------------------ | ------------------------------ | ------------------------------ | ------------------------------ | ------------------------------ | ------------------------------ | ------------------------------
  TOTAL (sum)                                   |                        136.970 |                         98.625 |                         91.600 |                         52.651 |                        720.059 |                         47.121 |                         43.822 |                        868.825 |                        965.048
  AVERAGE                                       |                         13.697 |                          9.863 |                          9.160 |                         13.163 |                        720.059 |                         11.780 |                         10.955 |                        868.825 |                        965.048
  BEST (min)                                    |                          3.186 |                          2.109 |                          1.734 |                         10.103 |                        720.059 |                          8.874 |                          7.159 |                        868.825 |                        965.048
  WORST (max)                                   |                         24.480 |                         20.540 |                         17.060 |                         17.081 |                        720.059 |                         14.927 |                         13.435 |                        868.825 |                        965.048

  Throughput (ops/s)
  Benchmark                                     |                       cpu-1000 |                       cpu-4000 |                       cpu-2000 |                matlab-cpu-2000 | matlab-cpu-2000 (matlab_wheel) |                matlab-cpu-4000 |                matlab-cpu-1000 | matlab-cpu-4000 (matlab_wheel) | matlab-cpu-1000 (matlab_wheel)
  --------------------------------------------- | ------------------------------ | ------------------------------ | ------------------------------ | ------------------------------ | ------------------------------ | ------------------------------ | ------------------------------ | ------------------------------ | ------------------------------
  BouncingBall free-run (stop=1.0s)             |                           86.6 |                          128.5 |                          111.2 |                              — |                              — |                              — |                              — |                              — |                              —
  BouncingBall free-run (stop=10.0s)            |                           40.9 |                           48.7 |                           61.4 |                              — |                              — |                              — |                              — |                              — |                              —
  BouncingBall free-run (stop=20.0s)            |                           41.5 |                           58.2 |                           58.6 |                              — |                              — |                              — |                              — |                              — |                              —
  BouncingBall free-run (stop=5.0s)             |                           60.8 |                           85.2 |                           80.6 |                              — |                              — |                              — |                              — |                              — |                              —
  FMU BouncingBall (stop=1.0s)                  |                              — |                              — |                              — |                           99.0 |                              — |                          112.7 |                          139.7 |                              — |                              —
  FMU BouncingBall (stop=10.0s)                 |                              — |                              — |                              — |                           58.5 |                              — |                           67.0 |                           74.4 |                              — |                              —
  FMU BouncingBall (stop=20.0s)                 |                              — |                              — |                              — |                           76.7 |                              — |                           77.7 |                           75.5 |                              — |                              —
  FMU BouncingBall (stop=5.0s)                  |                              — |                              — |                              — |                           80.5 |                              — |                           95.7 |                          100.2 |                              — |                              —
  MATLAB package init+terminate                 |                              — |                              — |                              — |                              — |                            1.4 |                              — |                              — |                            1.2 |                            1.0
  Model description load                        |                          313.9 |                          474.1 |                          576.8 |                              — |                              — |                              — |                              — |                              — |                              —
  Rapid-fire streaming simulation               |                           88.1 |                          115.3 |                          151.9 |                              — |                              — |                              — |                              — |                              — |                              —
  Simulink instant eval (start==stop)           |                           96.5 |                          127.7 |                          148.0 |                              — |                              — |                              — |                              — |                              — |                              —
  Simulink time-series (10 points)              |                           94.2 |                          121.0 |                          125.2 |                              — |                              — |                              — |                              — |                              — |                              —
  Simulink time-series (100 points)             |                           87.5 |                          127.9 |                          144.8 |                              — |                              — |                              — |                              — |                              — |                              —
  Simulink time-series (1000 points)            |                           74.4 |                          149.5 |                          145.3 |                              — |                              — |                              — |                              — |                              — |                              —
  --------------------------------------------- | ------------------------------ | ------------------------------ | ------------------------------ | ------------------------------ | ------------------------------ | ------------------------------ | ------------------------------ | ------------------------------ | ------------------------------
  TOTAL (sum)                                   |                          984.3 |                         1436.2 |                         1603.7 |                          314.7 |                            1.4 |                          353.1 |                          389.8 |                            1.2 |                            1.0
  AVERAGE                                       |                           98.4 |                          143.6 |                          160.4 |                           78.7 |                            1.4 |                           88.3 |                           97.4 |                            1.2 |                            1.0
  BEST (min)                                    |                           40.9 |                           48.7 |                           58.6 |                           58.5 |                            1.4 |                           67.0 |                           74.4 |                            1.2 |                            1.0
  WORST (max)                                   |                          313.9 |                          474.1 |                          576.8 |                           99.0 |                            1.4 |                          112.7 |                          139.7 |                            1.2 |                            1.0

  P95 Latency (ms)
  Benchmark                                     |                       cpu-1000 |                       cpu-4000 |                       cpu-2000 |                matlab-cpu-2000 | matlab-cpu-2000 (matlab_wheel) |                matlab-cpu-4000 |                matlab-cpu-1000 | matlab-cpu-4000 (matlab_wheel) | matlab-cpu-1000 (matlab_wheel)
  --------------------------------------------- | ------------------------------ | ------------------------------ | ------------------------------ | ------------------------------ | ------------------------------ | ------------------------------ | ------------------------------ | ------------------------------ | ------------------------------
  BouncingBall free-run (stop=1.0s)             |                         15.104 |                          9.090 |                         11.475 |                              — |                              — |                              — |                              — |                              — |                              —
  BouncingBall free-run (stop=10.0s)            |                         29.923 |                         26.668 |                         22.498 |                              — |                              — |                              — |                              — |                              — |                              —
  BouncingBall free-run (stop=20.0s)            |                         30.056 |                         22.963 |                         24.249 |                              — |                              — |                              — |                              — |                              — |                              —
  BouncingBall free-run (stop=5.0s)             |                         19.770 |                         14.753 |                         17.166 |                              — |                              — |                              — |                              — |                              — |                              —
  FMU BouncingBall (stop=1.0s)                  |                              — |                              — |                              — |                         11.970 |                              — |                         11.116 |                          9.365 |                              — |                              —
  FMU BouncingBall (stop=10.0s)                 |                              — |                              — |                              — |                         24.520 |                              — |                         18.754 |                         18.142 |                              — |                              —
  FMU BouncingBall (stop=20.0s)                 |                              — |                              — |                              — |                         18.240 |                              — |                         17.692 |                         20.090 |                              — |                              —
  FMU BouncingBall (stop=5.0s)                  |                              — |                              — |                              — |                         16.633 |                              — |                         13.600 |                         13.513 |                              — |                              —
  MATLAB package init+terminate                 |                              — |                              — |                              — |                              — |                        801.655 |                              — |                              — |                       1116.446 |                       1286.050
  Model description load                        |                          6.932 |                          3.062 |                          1.956 |                              — |                              — |                              — |                              — |                              — |                              —
  Rapid-fire streaming simulation               |                         15.517 |                         11.309 |                          7.582 |                              — |                              — |                              — |                              — |                              — |                              —
  Simulink instant eval (start==stop)           |                         19.467 |                         12.428 |                          7.676 |                              — |                              — |                              — |                              — |                              — |                              —
  Simulink time-series (10 points)              |                         14.205 |                         10.926 |                         10.572 |                              — |                              — |                              — |                              — |                              — |                              —
  Simulink time-series (100 points)             |                         15.716 |                         10.559 |                          7.792 |                              — |                              — |                              — |                              — |                              — |                              —
  Simulink time-series (1000 points)            |                         22.941 |                          7.911 |                          9.652 |                              — |                              — |                              — |                              — |                              — |                              —
  --------------------------------------------- | ------------------------------ | ------------------------------ | ------------------------------ | ------------------------------ | ------------------------------ | ------------------------------ | ------------------------------ | ------------------------------ | ------------------------------
  TOTAL (sum)                                   |                        189.631 |                        129.669 |                        120.617 |                         71.363 |                        801.655 |                         61.162 |                         61.109 |                       1116.446 |                       1286.050
  AVERAGE                                       |                         18.963 |                         12.967 |                         12.062 |                         17.841 |                        801.655 |                         15.291 |                         15.277 |                       1116.446 |                       1286.050
  BEST (min)                                    |                          6.932 |                          3.062 |                          1.956 |                         11.970 |                        801.655 |                         11.116 |                          9.365 |                       1116.446 |                       1286.050
  WORST (max)                                   |                         30.056 |                         26.668 |                         24.249 |                         24.520 |                        801.655 |                         18.754 |                         20.090 |                       1116.446 |                       1286.050

  Total results collected: 45  (15 scenarios x 9 configs)


===========================================================================================================================================================================================================================================================================================================================================================
  CPU / Sim-Type Comparison
===========================================================================================================================================================================================================================================================================================================================================================

  Mean Latency (ms)
  Benchmark                                     |                       cpu-1000 |                       cpu-4000 |                       cpu-2000 |                matlab-cpu-2000 | matlab-cpu-2000 (matlab_wheel) |                matlab-cpu-4000 |                matlab-cpu-1000 | matlab-cpu-4000 (matlab_wheel) | matlab-cpu-1000 (matlab_wheel)
  --------------------------------------------- | ------------------------------ | ------------------------------ | ------------------------------ | ------------------------------ | ------------------------------ | ------------------------------ | ------------------------------ | ------------------------------ | ------------------------------
  BouncingBall free-run (stop=1.0s)             |                         11.545 |                          7.783 |                          8.990 |                              — |                              — |                              — |                              — |                              — |                              —
  BouncingBall free-run (stop=10.0s)            |                         24.480 |                         20.540 |                         16.286 |                              — |                              — |                              — |                              — |                              — |                              —
  BouncingBall free-run (stop=20.0s)            |                         24.101 |                         17.187 |                         17.060 |                              — |                              — |                              — |                              — |                              — |                              —
  BouncingBall free-run (stop=5.0s)             |                         16.459 |                         11.735 |                         12.413 |                              — |                              — |                              — |                              — |                              — |                              —
  FMU BouncingBall (stop=1.0s)                  |                              — |                              — |                              — |                         10.103 |                              — |                          8.874 |                          7.159 |                              — |                              —
  FMU BouncingBall (stop=10.0s)                 |                              — |                              — |                              — |                         17.081 |                              — |                         14.927 |                         13.435 |                              — |                              —
  FMU BouncingBall (stop=20.0s)                 |                              — |                              — |                              — |                         13.042 |                              — |                         12.875 |                         12.497 |                              — |                              —
  FMU BouncingBall (stop=5.0s)                  |                              — |                              — |                              — |                         12.425 |                              — |                         10.445 |                          9.983 |                              — |                              —
  MATLAB package init+terminate                 |                              — |                              — |                              — |                              — |                        720.059 |                              — |                              — |                        868.825 |                        965.048
  Model description load                        |                          3.186 |                          2.109 |                          1.734 |                              — |                              — |                              — |                              — |                              — |                              —
  Rapid-fire streaming simulation               |                         11.356 |                          8.675 |                          6.582 |                              — |                              — |                              — |                              — |                              — |                              —
  Simulink instant eval (start==stop)           |                         10.367 |                          7.829 |                          6.758 |                              — |                              — |                              — |                              — |                              — |                              —
  Simulink time-series (10 points)              |                         10.612 |                          8.262 |                          7.989 |                              — |                              — |                              — |                              — |                              — |                              —
  Simulink time-series (100 points)             |                         11.423 |                          7.816 |                          6.905 |                              — |                              — |                              — |                              — |                              — |                              —
  Simulink time-series (1000 points)            |                         13.441 |                          6.688 |                          6.884 |                              — |                              — |                              — |                              — |                              — |                              —
  --------------------------------------------- | ------------------------------ | ------------------------------ | ------------------------------ | ------------------------------ | ------------------------------ | ------------------------------ | ------------------------------ | ------------------------------ | ------------------------------
  TOTAL (sum)                                   |                        136.970 |                         98.625 |                         91.600 |                         52.651 |                        720.059 |                         47.121 |                         43.074 |                        868.825 |                        965.048
  AVERAGE                                       |                         13.697 |                          9.863 |                          9.160 |                         13.163 |                        720.059 |                         11.780 |                         10.768 |                        868.825 |                        965.048
  BEST (min)                                    |                          3.186 |                          2.109 |                          1.734 |                         10.103 |                        720.059 |                          8.874 |                          7.159 |                        868.825 |                        965.048
  WORST (max)                                   |                         24.480 |                         20.540 |                         17.060 |                         17.081 |                        720.059 |                         14.927 |                         13.435 |                        868.825 |                        965.048

  Throughput (ops/s)
  Benchmark                                     |                       cpu-1000 |                       cpu-4000 |                       cpu-2000 |                matlab-cpu-2000 | matlab-cpu-2000 (matlab_wheel) |                matlab-cpu-4000 |                matlab-cpu-1000 | matlab-cpu-4000 (matlab_wheel) | matlab-cpu-1000 (matlab_wheel)
  --------------------------------------------- | ------------------------------ | ------------------------------ | ------------------------------ | ------------------------------ | ------------------------------ | ------------------------------ | ------------------------------ | ------------------------------ | ------------------------------
  BouncingBall free-run (stop=1.0s)             |                           86.6 |                          128.5 |                          111.2 |                              — |                              — |                              — |                              — |                              — |                              —
  BouncingBall free-run (stop=10.0s)            |                           40.9 |                           48.7 |                           61.4 |                              — |                              — |                              — |                              — |                              — |                              —
  BouncingBall free-run (stop=20.0s)            |                           41.5 |                           58.2 |                           58.6 |                              — |                              — |                              — |                              — |                              — |                              —
  BouncingBall free-run (stop=5.0s)             |                           60.8 |                           85.2 |                           80.6 |                              — |                              — |                              — |                              — |                              — |                              —
  FMU BouncingBall (stop=1.0s)                  |                              — |                              — |                              — |                           99.0 |                              — |                          112.7 |                          139.7 |                              — |                              —
  FMU BouncingBall (stop=10.0s)                 |                              — |                              — |                              — |                           58.5 |                              — |                           67.0 |                           74.4 |                              — |                              —
  FMU BouncingBall (stop=20.0s)                 |                              — |                              — |                              — |                           76.7 |                              — |                           77.7 |                           80.0 |                              — |                              —
  FMU BouncingBall (stop=5.0s)                  |                              — |                              — |                              — |                           80.5 |                              — |                           95.7 |                          100.2 |                              — |                              —
  MATLAB package init+terminate                 |                              — |                              — |                              — |                              — |                            1.4 |                              — |                              — |                            1.2 |                            1.0
  Model description load                        |                          313.9 |                          474.1 |                          576.8 |                              — |                              — |                              — |                              — |                              — |                              —
  Rapid-fire streaming simulation               |                           88.1 |                          115.3 |                          151.9 |                              — |                              — |                              — |                              — |                              — |                              —
  Simulink instant eval (start==stop)           |                           96.5 |                          127.7 |                          148.0 |                              — |                              — |                              — |                              — |                              — |                              —
  Simulink time-series (10 points)              |                           94.2 |                          121.0 |                          125.2 |                              — |                              — |                              — |                              — |                              — |                              —
  Simulink time-series (100 points)             |                           87.5 |                          127.9 |                          144.8 |                              — |                              — |                              — |                              — |                              — |                              —
  Simulink time-series (1000 points)            |                           74.4 |                          149.5 |                          145.3 |                              — |                              — |                              — |                              — |                              — |                              —
  --------------------------------------------- | ------------------------------ | ------------------------------ | ------------------------------ | ------------------------------ | ------------------------------ | ------------------------------ | ------------------------------ | ------------------------------ | ------------------------------
  TOTAL (sum)                                   |                          984.3 |                         1436.2 |                         1603.7 |                          314.7 |                            1.4 |                          353.1 |                          394.3 |                            1.2 |                            1.0
  AVERAGE                                       |                           98.4 |                          143.6 |                          160.4 |                           78.7 |                            1.4 |                           88.3 |                           98.6 |                            1.2 |                            1.0
  BEST (min)                                    |                           40.9 |                           48.7 |                           58.6 |                           58.5 |                            1.4 |                           67.0 |                           74.4 |                            1.2 |                            1.0
  WORST (max)                                   |                          313.9 |                          474.1 |                          576.8 |                           99.0 |                            1.4 |                          112.7 |                          139.7 |                            1.2 |                            1.0

  P95 Latency (ms)
  Benchmark                                     |                       cpu-1000 |                       cpu-4000 |                       cpu-2000 |                matlab-cpu-2000 | matlab-cpu-2000 (matlab_wheel) |                matlab-cpu-4000 |                matlab-cpu-1000 | matlab-cpu-4000 (matlab_wheel) | matlab-cpu-1000 (matlab_wheel)
  --------------------------------------------- | ------------------------------ | ------------------------------ | ------------------------------ | ------------------------------ | ------------------------------ | ------------------------------ | ------------------------------ | ------------------------------ | ------------------------------
  BouncingBall free-run (stop=1.0s)             |                         15.104 |                          9.090 |                         11.475 |                              — |                              — |                              — |                              — |                              — |                              —
  BouncingBall free-run (stop=10.0s)            |                         29.923 |                         26.668 |                         22.498 |                              — |                              — |                              — |                              — |                              — |                              —
  BouncingBall free-run (stop=20.0s)            |                         30.056 |                         22.963 |                         24.249 |                              — |                              — |                              — |                              — |                              — |                              —
  BouncingBall free-run (stop=5.0s)             |                         19.770 |                         14.753 |                         17.166 |                              — |                              — |                              — |                              — |                              — |                              —
  FMU BouncingBall (stop=1.0s)                  |                              — |                              — |                              — |                         11.970 |                              — |                         11.116 |                          9.365 |                              — |                              —
  FMU BouncingBall (stop=10.0s)                 |                              — |                              — |                              — |                         24.520 |                              — |                         18.754 |                         18.142 |                              — |                              —
  FMU BouncingBall (stop=20.0s)                 |                              — |                              — |                              — |                         18.240 |                              — |                         17.692 |                         16.552 |                              — |                              —
  FMU BouncingBall (stop=5.0s)                  |                              — |                              — |                              — |                         16.633 |                              — |                         13.600 |                         13.513 |                              — |                              —
  MATLAB package init+terminate                 |                              — |                              — |                              — |                              — |                        801.655 |                              — |                              — |                       1116.446 |                       1286.050
  Model description load                        |                          6.932 |                          3.062 |                          1.956 |                              — |                              — |                              — |                              — |                              — |                              —
  Rapid-fire streaming simulation               |                         15.517 |                         11.309 |                          7.582 |                              — |                              — |                              — |                              — |                              — |                              —
  Simulink instant eval (start==stop)           |                         19.467 |                         12.428 |                          7.676 |                              — |                              — |                              — |                              — |                              — |                              —
  Simulink time-series (10 points)              |                         14.205 |                         10.926 |                         10.572 |                              — |                              — |                              — |                              — |                              — |                              —
  Simulink time-series (100 points)             |                         15.716 |                         10.559 |                          7.792 |                              — |                              — |                              — |                              — |                              — |                              —
  Simulink time-series (1000 points)            |                         22.941 |                          7.911 |                          9.652 |                              — |                              — |                              — |                              — |                              — |                              —
  --------------------------------------------- | ------------------------------ | ------------------------------ | ------------------------------ | ------------------------------ | ------------------------------ | ------------------------------ | ------------------------------ | ------------------------------ | ------------------------------
  TOTAL (sum)                                   |                        189.631 |                        129.669 |                        120.617 |                         71.363 |                        801.655 |                         61.162 |                         57.571 |                       1116.446 |                       1286.050
  AVERAGE                                       |                         18.963 |                         12.967 |                         12.062 |                         17.841 |                        801.655 |                         15.291 |                         14.393 |                       1116.446 |                       1286.050
  BEST (min)                                    |                          6.932 |                          3.062 |                          1.956 |                         11.970 |                        801.655 |                         11.116 |                          9.365 |                       1116.446 |                       1286.050
  WORST (max)                                   |                         30.056 |                         26.668 |                         24.249 |                         24.520 |                        801.655 |                         18.754 |                         18.142 |                       1116.446 |                       1286.050

  Total results collected: 45  (15 scenarios x 9 configs)


===========================================================================================================================================================================================================================================================================================================================================================
  CPU / Sim-Type Comparison
===========================================================================================================================================================================================================================================================================================================================================================

  Mean Latency (ms)
  Benchmark                                     |                       cpu-1000 |                       cpu-4000 |                       cpu-2000 |                matlab-cpu-2000 | matlab-cpu-2000 (matlab_wheel) |                matlab-cpu-4000 |                matlab-cpu-1000 | matlab-cpu-4000 (matlab_wheel) | matlab-cpu-1000 (matlab_wheel)
  --------------------------------------------- | ------------------------------ | ------------------------------ | ------------------------------ | ------------------------------ | ------------------------------ | ------------------------------ | ------------------------------ | ------------------------------ | ------------------------------
  BouncingBall free-run (stop=1.0s)             |                         11.545 |                          7.783 |                          8.990 |                              — |                              — |                              — |                              — |                              — |                              —
  BouncingBall free-run (stop=10.0s)            |                         24.480 |                         20.540 |                         16.286 |                              — |                              — |                              — |                              — |                              — |                              —
  BouncingBall free-run (stop=20.0s)            |                         24.101 |                         17.187 |                         17.060 |                              — |                              — |                              — |                              — |                              — |                              —
  BouncingBall free-run (stop=5.0s)             |                         16.459 |                         11.735 |                         12.413 |                              — |                              — |                              — |                              — |                              — |                              —
  FMU BouncingBall (stop=1.0s)                  |                              — |                              — |                              — |                          8.043 |                              — |                          8.874 |                          7.159 |                              — |                              —
  FMU BouncingBall (stop=10.0s)                 |                              — |                              — |                              — |                         17.081 |                              — |                         14.927 |                         13.435 |                              — |                              —
  FMU BouncingBall (stop=20.0s)                 |                              — |                              — |                              — |                         13.042 |                              — |                         12.875 |                         12.497 |                              — |                              —
  FMU BouncingBall (stop=5.0s)                  |                              — |                              — |                              — |                         12.425 |                              — |                         10.445 |                          9.983 |                              — |                              —
  MATLAB package init+terminate                 |                              — |                              — |                              — |                              — |                        720.059 |                              — |                              — |                        868.825 |                        965.048
  Model description load                        |                          3.186 |                          2.109 |                          1.734 |                              — |                              — |                              — |                              — |                              — |                              —
  Rapid-fire streaming simulation               |                         11.356 |                          8.675 |                          6.582 |                              — |                              — |                              — |                              — |                              — |                              —
  Simulink instant eval (start==stop)           |                         10.367 |                          7.829 |                          6.758 |                              — |                              — |                              — |                              — |                              — |                              —
  Simulink time-series (10 points)              |                         10.612 |                          8.262 |                          7.989 |                              — |                              — |                              — |                              — |                              — |                              —
  Simulink time-series (100 points)             |                         11.423 |                          7.816 |                          6.905 |                              — |                              — |                              — |                              — |                              — |                              —
  Simulink time-series (1000 points)            |                         13.441 |                          6.688 |                          6.884 |                              — |                              — |                              — |                              — |                              — |                              —
  --------------------------------------------- | ------------------------------ | ------------------------------ | ------------------------------ | ------------------------------ | ------------------------------ | ------------------------------ | ------------------------------ | ------------------------------ | ------------------------------
  TOTAL (sum)                                   |                        136.970 |                         98.625 |                         91.600 |                         50.591 |                        720.059 |                         47.121 |                         43.074 |                        868.825 |                        965.048
  AVERAGE                                       |                         13.697 |                          9.863 |                          9.160 |                         12.648 |                        720.059 |                         11.780 |                         10.768 |                        868.825 |                        965.048
  BEST (min)                                    |                          3.186 |                          2.109 |                          1.734 |                          8.043 |                        720.059 |                          8.874 |                          7.159 |                        868.825 |                        965.048
  WORST (max)                                   |                         24.480 |                         20.540 |                         17.060 |                         17.081 |                        720.059 |                         14.927 |                         13.435 |                        868.825 |                        965.048

  Throughput (ops/s)
  Benchmark                                     |                       cpu-1000 |                       cpu-4000 |                       cpu-2000 |                matlab-cpu-2000 | matlab-cpu-2000 (matlab_wheel) |                matlab-cpu-4000 |                matlab-cpu-1000 | matlab-cpu-4000 (matlab_wheel) | matlab-cpu-1000 (matlab_wheel)
  --------------------------------------------- | ------------------------------ | ------------------------------ | ------------------------------ | ------------------------------ | ------------------------------ | ------------------------------ | ------------------------------ | ------------------------------ | ------------------------------
  BouncingBall free-run (stop=1.0s)             |                           86.6 |                          128.5 |                          111.2 |                              — |                              — |                              — |                              — |                              — |                              —
  BouncingBall free-run (stop=10.0s)            |                           40.9 |                           48.7 |                           61.4 |                              — |                              — |                              — |                              — |                              — |                              —
  BouncingBall free-run (stop=20.0s)            |                           41.5 |                           58.2 |                           58.6 |                              — |                              — |                              — |                              — |                              — |                              —
  BouncingBall free-run (stop=5.0s)             |                           60.8 |                           85.2 |                           80.6 |                              — |                              — |                              — |                              — |                              — |                              —
  FMU BouncingBall (stop=1.0s)                  |                              — |                              — |                              — |                          124.3 |                              — |                          112.7 |                          139.7 |                              — |                              —
  FMU BouncingBall (stop=10.0s)                 |                              — |                              — |                              — |                           58.5 |                              — |                           67.0 |                           74.4 |                              — |                              —
  FMU BouncingBall (stop=20.0s)                 |                              — |                              — |                              — |                           76.7 |                              — |                           77.7 |                           80.0 |                              — |                              —
  FMU BouncingBall (stop=5.0s)                  |                              — |                              — |                              — |                           80.5 |                              — |                           95.7 |                          100.2 |                              — |                              —
  MATLAB package init+terminate                 |                              — |                              — |                              — |                              — |                            1.4 |                              — |                              — |                            1.2 |                            1.0
  Model description load                        |                          313.9 |                          474.1 |                          576.8 |                              — |                              — |                              — |                              — |                              — |                              —
  Rapid-fire streaming simulation               |                           88.1 |                          115.3 |                          151.9 |                              — |                              — |                              — |                              — |                              — |                              —
  Simulink instant eval (start==stop)           |                           96.5 |                          127.7 |                          148.0 |                              — |                              — |                              — |                              — |                              — |                              —
  Simulink time-series (10 points)              |                           94.2 |                          121.0 |                          125.2 |                              — |                              — |                              — |                              — |                              — |                              —
  Simulink time-series (100 points)             |                           87.5 |                          127.9 |                          144.8 |                              — |                              — |                              — |                              — |                              — |                              —
  Simulink time-series (1000 points)            |                           74.4 |                          149.5 |                          145.3 |                              — |                              — |                              — |                              — |                              — |                              —
  --------------------------------------------- | ------------------------------ | ------------------------------ | ------------------------------ | ------------------------------ | ------------------------------ | ------------------------------ | ------------------------------ | ------------------------------ | ------------------------------
  TOTAL (sum)                                   |                          984.3 |                         1436.2 |                         1603.7 |                          340.0 |                            1.4 |                          353.1 |                          394.3 |                            1.2 |                            1.0
  AVERAGE                                       |                           98.4 |                          143.6 |                          160.4 |                           85.0 |                            1.4 |                           88.3 |                           98.6 |                            1.2 |                            1.0
  BEST (min)                                    |                           40.9 |                           48.7 |                           58.6 |                           58.5 |                            1.4 |                           67.0 |                           74.4 |                            1.2 |                            1.0
  WORST (max)                                   |                          313.9 |                          474.1 |                          576.8 |                          124.3 |                            1.4 |                          112.7 |                          139.7 |                            1.2 |                            1.0

  P95 Latency (ms)
  Benchmark                                     |                       cpu-1000 |                       cpu-4000 |                       cpu-2000 |                matlab-cpu-2000 | matlab-cpu-2000 (matlab_wheel) |                matlab-cpu-4000 |                matlab-cpu-1000 | matlab-cpu-4000 (matlab_wheel) | matlab-cpu-1000 (matlab_wheel)
  --------------------------------------------- | ------------------------------ | ------------------------------ | ------------------------------ | ------------------------------ | ------------------------------ | ------------------------------ | ------------------------------ | ------------------------------ | ------------------------------
  BouncingBall free-run (stop=1.0s)             |                         15.104 |                          9.090 |                         11.475 |                              — |                              — |                              — |                              — |                              — |                              —
  BouncingBall free-run (stop=10.0s)            |                         29.923 |                         26.668 |                         22.498 |                              — |                              — |                              — |                              — |                              — |                              —
  BouncingBall free-run (stop=20.0s)            |                         30.056 |                         22.963 |                         24.249 |                              — |                              — |                              — |                              — |                              — |                              —
  BouncingBall free-run (stop=5.0s)             |                         19.770 |                         14.753 |                         17.166 |                              — |                              — |                              — |                              — |                              — |                              —
  FMU BouncingBall (stop=1.0s)                  |                              — |                              — |                              — |                         11.406 |                              — |                         11.116 |                          9.365 |                              — |                              —
  FMU BouncingBall (stop=10.0s)                 |                              — |                              — |                              — |                         24.520 |                              — |                         18.754 |                         18.142 |                              — |                              —
  FMU BouncingBall (stop=20.0s)                 |                              — |                              — |                              — |                         18.240 |                              — |                         17.692 |                         16.552 |                              — |                              —
  FMU BouncingBall (stop=5.0s)                  |                              — |                              — |                              — |                         16.633 |                              — |                         13.600 |                         13.513 |                              — |                              —
  MATLAB package init+terminate                 |                              — |                              — |                              — |                              — |                        801.655 |                              — |                              — |                       1116.446 |                       1286.050
  Model description load                        |                          6.932 |                          3.062 |                          1.956 |                              — |                              — |                              — |                              — |                              — |                              —
  Rapid-fire streaming simulation               |                         15.517 |                         11.309 |                          7.582 |                              — |                              — |                              — |                              — |                              — |                              —
  Simulink instant eval (start==stop)           |                         19.467 |                         12.428 |                          7.676 |                              — |                              — |                              — |                              — |                              — |                              —
  Simulink time-series (10 points)              |                         14.205 |                         10.926 |                         10.572 |                              — |                              — |                              — |                              — |                              — |                              —
  Simulink time-series (100 points)             |                         15.716 |                         10.559 |                          7.792 |                              — |                              — |                              — |                              — |                              — |                              —
  Simulink time-series (1000 points)            |                         22.941 |                          7.911 |                          9.652 |                              — |                              — |                              — |                              — |                              — |                              —
  --------------------------------------------- | ------------------------------ | ------------------------------ | ------------------------------ | ------------------------------ | ------------------------------ | ------------------------------ | ------------------------------ | ------------------------------ | ------------------------------
  TOTAL (sum)                                   |                        189.631 |                        129.669 |                        120.617 |                         70.799 |                        801.655 |                         61.162 |                         57.571 |                       1116.446 |                       1286.050
  AVERAGE                                       |                         18.963 |                         12.967 |                         12.062 |                         17.700 |                        801.655 |                         15.291 |                         14.393 |                       1116.446 |                       1286.050
  BEST (min)                                    |                          6.932 |                          3.062 |                          1.956 |                         11.406 |                        801.655 |                         11.116 |                          9.365 |                       1116.446 |                       1286.050
  WORST (max)                                   |                         30.056 |                         26.668 |                         24.249 |                         24.520 |                        801.655 |                         18.754 |                         18.142 |                       1116.446 |                       1286.050

  Total results collected: 45  (15 scenarios x 9 configs)


===========================================================================================================================================================================================================================================================================================================================================================
  CPU / Sim-Type Comparison
===========================================================================================================================================================================================================================================================================================================================================================

  Mean Latency (ms)
  Benchmark                                     |                       cpu-1000 |                       cpu-4000 |                       cpu-2000 |                matlab-cpu-2000 | matlab-cpu-2000 (matlab_wheel) |                matlab-cpu-4000 |                matlab-cpu-1000 | matlab-cpu-4000 (matlab_wheel) | matlab-cpu-1000 (matlab_wheel)
  --------------------------------------------- | ------------------------------ | ------------------------------ | ------------------------------ | ------------------------------ | ------------------------------ | ------------------------------ | ------------------------------ | ------------------------------ | ------------------------------
  BouncingBall free-run (stop=1.0s)             |                         11.545 |                          7.783 |                          8.990 |                              — |                              — |                              — |                              — |                              — |                              —
  BouncingBall free-run (stop=10.0s)            |                         24.480 |                         20.540 |                         16.286 |                              — |                              — |                              — |                              — |                              — |                              —
  BouncingBall free-run (stop=20.0s)            |                         24.101 |                         17.187 |                         17.060 |                              — |                              — |                              — |                              — |                              — |                              —
  BouncingBall free-run (stop=5.0s)             |                         16.459 |                         11.735 |                         12.413 |                              — |                              — |                              — |                              — |                              — |                              —
  FMU BouncingBall (stop=1.0s)                  |                              — |                              — |                              — |                          8.043 |                              — |                          8.874 |                          7.159 |                              — |                              —
  FMU BouncingBall (stop=10.0s)                 |                              — |                              — |                              — |                         17.081 |                              — |                         14.927 |                         13.435 |                              — |                              —
  FMU BouncingBall (stop=20.0s)                 |                              — |                              — |                              — |                         13.042 |                              — |                         12.875 |                         12.497 |                              — |                              —
  FMU BouncingBall (stop=5.0s)                  |                              — |                              — |                              — |                         11.249 |                              — |                         10.445 |                          9.983 |                              — |                              —
  MATLAB package init+terminate                 |                              — |                              — |                              — |                              — |                        720.059 |                              — |                              — |                        868.825 |                        965.048
  Model description load                        |                          3.186 |                          2.109 |                          1.734 |                              — |                              — |                              — |                              — |                              — |                              —
  Rapid-fire streaming simulation               |                         11.356 |                          8.675 |                          6.582 |                              — |                              — |                              — |                              — |                              — |                              —
  Simulink instant eval (start==stop)           |                         10.367 |                          7.829 |                          6.758 |                              — |                              — |                              — |                              — |                              — |                              —
  Simulink time-series (10 points)              |                         10.612 |                          8.262 |                          7.989 |                              — |                              — |                              — |                              — |                              — |                              —
  Simulink time-series (100 points)             |                         11.423 |                          7.816 |                          6.905 |                              — |                              — |                              — |                              — |                              — |                              —
  Simulink time-series (1000 points)            |                         13.441 |                          6.688 |                          6.884 |                              — |                              — |                              — |                              — |                              — |                              —
  --------------------------------------------- | ------------------------------ | ------------------------------ | ------------------------------ | ------------------------------ | ------------------------------ | ------------------------------ | ------------------------------ | ------------------------------ | ------------------------------
  TOTAL (sum)                                   |                        136.970 |                         98.625 |                         91.600 |                         49.415 |                        720.059 |                         47.121 |                         43.074 |                        868.825 |                        965.048
  AVERAGE                                       |                         13.697 |                          9.863 |                          9.160 |                         12.354 |                        720.059 |                         11.780 |                         10.768 |                        868.825 |                        965.048
  BEST (min)                                    |                          3.186 |                          2.109 |                          1.734 |                          8.043 |                        720.059 |                          8.874 |                          7.159 |                        868.825 |                        965.048
  WORST (max)                                   |                         24.480 |                         20.540 |                         17.060 |                         17.081 |                        720.059 |                         14.927 |                         13.435 |                        868.825 |                        965.048

  Throughput (ops/s)
  Benchmark                                     |                       cpu-1000 |                       cpu-4000 |                       cpu-2000 |                matlab-cpu-2000 | matlab-cpu-2000 (matlab_wheel) |                matlab-cpu-4000 |                matlab-cpu-1000 | matlab-cpu-4000 (matlab_wheel) | matlab-cpu-1000 (matlab_wheel)
  --------------------------------------------- | ------------------------------ | ------------------------------ | ------------------------------ | ------------------------------ | ------------------------------ | ------------------------------ | ------------------------------ | ------------------------------ | ------------------------------
  BouncingBall free-run (stop=1.0s)             |                           86.6 |                          128.5 |                          111.2 |                              — |                              — |                              — |                              — |                              — |                              —
  BouncingBall free-run (stop=10.0s)            |                           40.9 |                           48.7 |                           61.4 |                              — |                              — |                              — |                              — |                              — |                              —
  BouncingBall free-run (stop=20.0s)            |                           41.5 |                           58.2 |                           58.6 |                              — |                              — |                              — |                              — |                              — |                              —
  BouncingBall free-run (stop=5.0s)             |                           60.8 |                           85.2 |                           80.6 |                              — |                              — |                              — |                              — |                              — |                              —
  FMU BouncingBall (stop=1.0s)                  |                              — |                              — |                              — |                          124.3 |                              — |                          112.7 |                          139.7 |                              — |                              —
  FMU BouncingBall (stop=10.0s)                 |                              — |                              — |                              — |                           58.5 |                              — |                           67.0 |                           74.4 |                              — |                              —
  FMU BouncingBall (stop=20.0s)                 |                              — |                              — |                              — |                           76.7 |                              — |                           77.7 |                           80.0 |                              — |                              —
  FMU BouncingBall (stop=5.0s)                  |                              — |                              — |                              — |                           88.9 |                              — |                           95.7 |                          100.2 |                              — |                              —
  MATLAB package init+terminate                 |                              — |                              — |                              — |                              — |                            1.4 |                              — |                              — |                            1.2 |                            1.0
  Model description load                        |                          313.9 |                          474.1 |                          576.8 |                              — |                              — |                              — |                              — |                              — |                              —
  Rapid-fire streaming simulation               |                           88.1 |                          115.3 |                          151.9 |                              — |                              — |                              — |                              — |                              — |                              —
  Simulink instant eval (start==stop)           |                           96.5 |                          127.7 |                          148.0 |                              — |                              — |                              — |                              — |                              — |                              —
  Simulink time-series (10 points)              |                           94.2 |                          121.0 |                          125.2 |                              — |                              — |                              — |                              — |                              — |                              —
  Simulink time-series (100 points)             |                           87.5 |                          127.9 |                          144.8 |                              — |                              — |                              — |                              — |                              — |                              —
  Simulink time-series (1000 points)            |                           74.4 |                          149.5 |                          145.3 |                              — |                              — |                              — |                              — |                              — |                              —
  --------------------------------------------- | ------------------------------ | ------------------------------ | ------------------------------ | ------------------------------ | ------------------------------ | ------------------------------ | ------------------------------ | ------------------------------ | ------------------------------
  TOTAL (sum)                                   |                          984.3 |                         1436.2 |                         1603.7 |                          348.4 |                            1.4 |                          353.1 |                          394.3 |                            1.2 |                            1.0
  AVERAGE                                       |                           98.4 |                          143.6 |                          160.4 |                           87.1 |                            1.4 |                           88.3 |                           98.6 |                            1.2 |                            1.0
  BEST (min)                                    |                           40.9 |                           48.7 |                           58.6 |                           58.5 |                            1.4 |                           67.0 |                           74.4 |                            1.2 |                            1.0
  WORST (max)                                   |                          313.9 |                          474.1 |                          576.8 |                          124.3 |                            1.4 |                          112.7 |                          139.7 |                            1.2 |                            1.0

  P95 Latency (ms)
  Benchmark                                     |                       cpu-1000 |                       cpu-4000 |                       cpu-2000 |                matlab-cpu-2000 | matlab-cpu-2000 (matlab_wheel) |                matlab-cpu-4000 |                matlab-cpu-1000 | matlab-cpu-4000 (matlab_wheel) | matlab-cpu-1000 (matlab_wheel)
  --------------------------------------------- | ------------------------------ | ------------------------------ | ------------------------------ | ------------------------------ | ------------------------------ | ------------------------------ | ------------------------------ | ------------------------------ | ------------------------------
  BouncingBall free-run (stop=1.0s)             |                         15.104 |                          9.090 |                         11.475 |                              — |                              — |                              — |                              — |                              — |                              —
  BouncingBall free-run (stop=10.0s)            |                         29.923 |                         26.668 |                         22.498 |                              — |                              — |                              — |                              — |                              — |                              —
  BouncingBall free-run (stop=20.0s)            |                         30.056 |                         22.963 |                         24.249 |                              — |                              — |                              — |                              — |                              — |                              —
  BouncingBall free-run (stop=5.0s)             |                         19.770 |                         14.753 |                         17.166 |                              — |                              — |                              — |                              — |                              — |                              —
  FMU BouncingBall (stop=1.0s)                  |                              — |                              — |                              — |                         11.406 |                              — |                         11.116 |                          9.365 |                              — |                              —
  FMU BouncingBall (stop=10.0s)                 |                              — |                              — |                              — |                         24.520 |                              — |                         18.754 |                         18.142 |                              — |                              —
  FMU BouncingBall (stop=20.0s)                 |                              — |                              — |                              — |                         18.240 |                              — |                         17.692 |                         16.552 |                              — |                              —
  FMU BouncingBall (stop=5.0s)                  |                              — |                              — |                              — |                         14.795 |                              — |                         13.600 |                         13.513 |                              — |                              —
  MATLAB package init+terminate                 |                              — |                              — |                              — |                              — |                        801.655 |                              — |                              — |                       1116.446 |                       1286.050
  Model description load                        |                          6.932 |                          3.062 |                          1.956 |                              — |                              — |                              — |                              — |                              — |                              —
  Rapid-fire streaming simulation               |                         15.517 |                         11.309 |                          7.582 |                              — |                              — |                              — |                              — |                              — |                              —
  Simulink instant eval (start==stop)           |                         19.467 |                         12.428 |                          7.676 |                              — |                              — |                              — |                              — |                              — |                              —
  Simulink time-series (10 points)              |                         14.205 |                         10.926 |                         10.572 |                              — |                              — |                              — |                              — |                              — |                              —
  Simulink time-series (100 points)             |                         15.716 |                         10.559 |                          7.792 |                              — |                              — |                              — |                              — |                              — |                              —
  Simulink time-series (1000 points)            |                         22.941 |                          7.911 |                          9.652 |                              — |                              — |                              — |                              — |                              — |                              —
  --------------------------------------------- | ------------------------------ | ------------------------------ | ------------------------------ | ------------------------------ | ------------------------------ | ------------------------------ | ------------------------------ | ------------------------------ | ------------------------------
  TOTAL (sum)                                   |                        189.631 |                        129.669 |                        120.617 |                         68.960 |                        801.655 |                         61.162 |                         57.571 |                       1116.446 |                       1286.050
  AVERAGE                                       |                         18.963 |                         12.967 |                         12.062 |                         17.240 |                        801.655 |                         15.291 |                         14.393 |                       1116.446 |                       1286.050
  BEST (min)                                    |                          6.932 |                          3.062 |                          1.956 |                         11.406 |                        801.655 |                         11.116 |                          9.365 |                       1116.446 |                       1286.050
  WORST (max)                                   |                         30.056 |                         26.668 |                         24.249 |                         24.520 |                        801.655 |                         18.754 |                         18.142 |                       1116.446 |                       1286.050

  Total results collected: 45  (15 scenarios x 9 configs)


===========================================================================================================================================================================================================================================================================================================================================================
  CPU / Sim-Type Comparison
===========================================================================================================================================================================================================================================================================================================================================================

  Mean Latency (ms)
  Benchmark                                     |                       cpu-1000 |                       cpu-4000 |                       cpu-2000 |                matlab-cpu-2000 | matlab-cpu-2000 (matlab_wheel) |                matlab-cpu-4000 |                matlab-cpu-1000 | matlab-cpu-4000 (matlab_wheel) | matlab-cpu-1000 (matlab_wheel)
  --------------------------------------------- | ------------------------------ | ------------------------------ | ------------------------------ | ------------------------------ | ------------------------------ | ------------------------------ | ------------------------------ | ------------------------------ | ------------------------------
  BouncingBall free-run (stop=1.0s)             |                         11.545 |                          7.783 |                          8.990 |                              — |                              — |                              — |                              — |                              — |                              —
  BouncingBall free-run (stop=10.0s)            |                         24.480 |                         20.540 |                         16.286 |                              — |                              — |                              — |                              — |                              — |                              —
  BouncingBall free-run (stop=20.0s)            |                         24.101 |                         17.187 |                         17.060 |                              — |                              — |                              — |                              — |                              — |                              —
  BouncingBall free-run (stop=5.0s)             |                         16.459 |                         11.735 |                         12.413 |                              — |                              — |                              — |                              — |                              — |                              —
  FMU BouncingBall (stop=1.0s)                  |                              — |                              — |                              — |                          8.043 |                              — |                          8.874 |                          7.159 |                              — |                              —
  FMU BouncingBall (stop=10.0s)                 |                              — |                              — |                              — |                         13.496 |                              — |                         14.927 |                         13.435 |                              — |                              —
  FMU BouncingBall (stop=20.0s)                 |                              — |                              — |                              — |                         13.042 |                              — |                         12.875 |                         12.497 |                              — |                              —
  FMU BouncingBall (stop=5.0s)                  |                              — |                              — |                              — |                         11.249 |                              — |                         10.445 |                          9.983 |                              — |                              —
  MATLAB package init+terminate                 |                              — |                              — |                              — |                              — |                        720.059 |                              — |                              — |                        868.825 |                        965.048
  Model description load                        |                          3.186 |                          2.109 |                          1.734 |                              — |                              — |                              — |                              — |                              — |                              —
  Rapid-fire streaming simulation               |                         11.356 |                          8.675 |                          6.582 |                              — |                              — |                              — |                              — |                              — |                              —
  Simulink instant eval (start==stop)           |                         10.367 |                          7.829 |                          6.758 |                              — |                              — |                              — |                              — |                              — |                              —
  Simulink time-series (10 points)              |                         10.612 |                          8.262 |                          7.989 |                              — |                              — |                              — |                              — |                              — |                              —
  Simulink time-series (100 points)             |                         11.423 |                          7.816 |                          6.905 |                              — |                              — |                              — |                              — |                              — |                              —
  Simulink time-series (1000 points)            |                         13.441 |                          6.688 |                          6.884 |                              — |                              — |                              — |                              — |                              — |                              —
  --------------------------------------------- | ------------------------------ | ------------------------------ | ------------------------------ | ------------------------------ | ------------------------------ | ------------------------------ | ------------------------------ | ------------------------------ | ------------------------------
  TOTAL (sum)                                   |                        136.970 |                         98.625 |                         91.600 |                         45.829 |                        720.059 |                         47.121 |                         43.074 |                        868.825 |                        965.048
  AVERAGE                                       |                         13.697 |                          9.863 |                          9.160 |                         11.457 |                        720.059 |                         11.780 |                         10.768 |                        868.825 |                        965.048
  BEST (min)                                    |                          3.186 |                          2.109 |                          1.734 |                          8.043 |                        720.059 |                          8.874 |                          7.159 |                        868.825 |                        965.048
  WORST (max)                                   |                         24.480 |                         20.540 |                         17.060 |                         13.496 |                        720.059 |                         14.927 |                         13.435 |                        868.825 |                        965.048

  Throughput (ops/s)
  Benchmark                                     |                       cpu-1000 |                       cpu-4000 |                       cpu-2000 |                matlab-cpu-2000 | matlab-cpu-2000 (matlab_wheel) |                matlab-cpu-4000 |                matlab-cpu-1000 | matlab-cpu-4000 (matlab_wheel) | matlab-cpu-1000 (matlab_wheel)
  --------------------------------------------- | ------------------------------ | ------------------------------ | ------------------------------ | ------------------------------ | ------------------------------ | ------------------------------ | ------------------------------ | ------------------------------ | ------------------------------
  BouncingBall free-run (stop=1.0s)             |                           86.6 |                          128.5 |                          111.2 |                              — |                              — |                              — |                              — |                              — |                              —
  BouncingBall free-run (stop=10.0s)            |                           40.9 |                           48.7 |                           61.4 |                              — |                              — |                              — |                              — |                              — |                              —
  BouncingBall free-run (stop=20.0s)            |                           41.5 |                           58.2 |                           58.6 |                              — |                              — |                              — |                              — |                              — |                              —
  BouncingBall free-run (stop=5.0s)             |                           60.8 |                           85.2 |                           80.6 |                              — |                              — |                              — |                              — |                              — |                              —
  FMU BouncingBall (stop=1.0s)                  |                              — |                              — |                              — |                          124.3 |                              — |                          112.7 |                          139.7 |                              — |                              —
  FMU BouncingBall (stop=10.0s)                 |                              — |                              — |                              — |                           74.1 |                              — |                           67.0 |                           74.4 |                              — |                              —
  FMU BouncingBall (stop=20.0s)                 |                              — |                              — |                              — |                           76.7 |                              — |                           77.7 |                           80.0 |                              — |                              —
  FMU BouncingBall (stop=5.0s)                  |                              — |                              — |                              — |                           88.9 |                              — |                           95.7 |                          100.2 |                              — |                              —
  MATLAB package init+terminate                 |                              — |                              — |                              — |                              — |                            1.4 |                              — |                              — |                            1.2 |                            1.0
  Model description load                        |                          313.9 |                          474.1 |                          576.8 |                              — |                              — |                              — |                              — |                              — |                              —
  Rapid-fire streaming simulation               |                           88.1 |                          115.3 |                          151.9 |                              — |                              — |                              — |                              — |                              — |                              —
  Simulink instant eval (start==stop)           |                           96.5 |                          127.7 |                          148.0 |                              — |                              — |                              — |                              — |                              — |                              —
  Simulink time-series (10 points)              |                           94.2 |                          121.0 |                          125.2 |                              — |                              — |                              — |                              — |                              — |                              —
  Simulink time-series (100 points)             |                           87.5 |                          127.9 |                          144.8 |                              — |                              — |                              — |                              — |                              — |                              —
  Simulink time-series (1000 points)            |                           74.4 |                          149.5 |                          145.3 |                              — |                              — |                              — |                              — |                              — |                              —
  --------------------------------------------- | ------------------------------ | ------------------------------ | ------------------------------ | ------------------------------ | ------------------------------ | ------------------------------ | ------------------------------ | ------------------------------ | ------------------------------
  TOTAL (sum)                                   |                          984.3 |                         1436.2 |                         1603.7 |                          364.0 |                            1.4 |                          353.1 |                          394.3 |                            1.2 |                            1.0
  AVERAGE                                       |                           98.4 |                          143.6 |                          160.4 |                           91.0 |                            1.4 |                           88.3 |                           98.6 |                            1.2 |                            1.0
  BEST (min)                                    |                           40.9 |                           48.7 |                           58.6 |                           74.1 |                            1.4 |                           67.0 |                           74.4 |                            1.2 |                            1.0
  WORST (max)                                   |                          313.9 |                          474.1 |                          576.8 |                          124.3 |                            1.4 |                          112.7 |                          139.7 |                            1.2 |                            1.0

  P95 Latency (ms)
  Benchmark                                     |                       cpu-1000 |                       cpu-4000 |                       cpu-2000 |                matlab-cpu-2000 | matlab-cpu-2000 (matlab_wheel) |                matlab-cpu-4000 |                matlab-cpu-1000 | matlab-cpu-4000 (matlab_wheel) | matlab-cpu-1000 (matlab_wheel)
  --------------------------------------------- | ------------------------------ | ------------------------------ | ------------------------------ | ------------------------------ | ------------------------------ | ------------------------------ | ------------------------------ | ------------------------------ | ------------------------------
  BouncingBall free-run (stop=1.0s)             |                         15.104 |                          9.090 |                         11.475 |                              — |                              — |                              — |                              — |                              — |                              —
  BouncingBall free-run (stop=10.0s)            |                         29.923 |                         26.668 |                         22.498 |                              — |                              — |                              — |                              — |                              — |                              —
  BouncingBall free-run (stop=20.0s)            |                         30.056 |                         22.963 |                         24.249 |                              — |                              — |                              — |                              — |                              — |                              —
  BouncingBall free-run (stop=5.0s)             |                         19.770 |                         14.753 |                         17.166 |                              — |                              — |                              — |                              — |                              — |                              —
  FMU BouncingBall (stop=1.0s)                  |                              — |                              — |                              — |                         11.406 |                              — |                         11.116 |                          9.365 |                              — |                              —
  FMU BouncingBall (stop=10.0s)                 |                              — |                              — |                              — |                         19.448 |                              — |                         18.754 |                         18.142 |                              — |                              —
  FMU BouncingBall (stop=20.0s)                 |                              — |                              — |                              — |                         18.240 |                              — |                         17.692 |                         16.552 |                              — |                              —
  FMU BouncingBall (stop=5.0s)                  |                              — |                              — |                              — |                         14.795 |                              — |                         13.600 |                         13.513 |                              — |                              —
  MATLAB package init+terminate                 |                              — |                              — |                              — |                              — |                        801.655 |                              — |                              — |                       1116.446 |                       1286.050
  Model description load                        |                          6.932 |                          3.062 |                          1.956 |                              — |                              — |                              — |                              — |                              — |                              —
  Rapid-fire streaming simulation               |                         15.517 |                         11.309 |                          7.582 |                              — |                              — |                              — |                              — |                              — |                              —
  Simulink instant eval (start==stop)           |                         19.467 |                         12.428 |                          7.676 |                              — |                              — |                              — |                              — |                              — |                              —
  Simulink time-series (10 points)              |                         14.205 |                         10.926 |                         10.572 |                              — |                              — |                              — |                              — |                              — |                              —
  Simulink time-series (100 points)             |                         15.716 |                         10.559 |                          7.792 |                              — |                              — |                              — |                              — |                              — |                              —
  Simulink time-series (1000 points)            |                         22.941 |                          7.911 |                          9.652 |                              — |                              — |                              — |                              — |                              — |                              —
  --------------------------------------------- | ------------------------------ | ------------------------------ | ------------------------------ | ------------------------------ | ------------------------------ | ------------------------------ | ------------------------------ | ------------------------------ | ------------------------------
  TOTAL (sum)                                   |                        189.631 |                        129.669 |                        120.617 |                         63.888 |                        801.655 |                         61.162 |                         57.571 |                       1116.446 |                       1286.050
  AVERAGE                                       |                         18.963 |                         12.967 |                         12.062 |                         15.972 |                        801.655 |                         15.291 |                         14.393 |                       1116.446 |                       1286.050
  BEST (min)                                    |                          6.932 |                          3.062 |                          1.956 |                         11.406 |                        801.655 |                         11.116 |                          9.365 |                       1116.446 |                       1286.050
  WORST (max)                                   |                         30.056 |                         26.668 |                         24.249 |                         19.448 |                        801.655 |                         18.754 |                         18.142 |                       1116.446 |                       1286.050

  Total results collected: 45  (15 scenarios x 9 configs)


===========================================================================================================================================================================================================================================================================================================================================================
  CPU / Sim-Type Comparison
===========================================================================================================================================================================================================================================================================================================================================================

  Mean Latency (ms)
  Benchmark                                     |                       cpu-1000 |                       cpu-4000 |                       cpu-2000 |                matlab-cpu-2000 | matlab-cpu-2000 (matlab_wheel) |                matlab-cpu-4000 |                matlab-cpu-1000 | matlab-cpu-4000 (matlab_wheel) | matlab-cpu-1000 (matlab_wheel)
  --------------------------------------------- | ------------------------------ | ------------------------------ | ------------------------------ | ------------------------------ | ------------------------------ | ------------------------------ | ------------------------------ | ------------------------------ | ------------------------------
  BouncingBall free-run (stop=1.0s)             |                         11.545 |                          7.783 |                          8.990 |                              — |                              — |                              — |                              — |                              — |                              —
  BouncingBall free-run (stop=10.0s)            |                         24.480 |                         20.540 |                         16.286 |                              — |                              — |                              — |                              — |                              — |                              —
  BouncingBall free-run (stop=20.0s)            |                         24.101 |                         17.187 |                         17.060 |                              — |                              — |                              — |                              — |                              — |                              —
  BouncingBall free-run (stop=5.0s)             |                         16.459 |                         11.735 |                         12.413 |                              — |                              — |                              — |                              — |                              — |                              —
  FMU BouncingBall (stop=1.0s)                  |                              — |                              — |                              — |                          8.043 |                              — |                          8.874 |                          7.159 |                              — |                              —
  FMU BouncingBall (stop=10.0s)                 |                              — |                              — |                              — |                         13.496 |                              — |                         14.927 |                         13.435 |                              — |                              —
  FMU BouncingBall (stop=20.0s)                 |                              — |                              — |                              — |                         12.502 |                              — |                         12.875 |                         12.497 |                              — |                              —
  FMU BouncingBall (stop=5.0s)                  |                              — |                              — |                              — |                         11.249 |                              — |                         10.445 |                          9.983 |                              — |                              —
  MATLAB package init+terminate                 |                              — |                              — |                              — |                              — |                        720.059 |                              — |                              — |                        868.825 |                        965.048
  Model description load                        |                          3.186 |                          2.109 |                          1.734 |                              — |                              — |                              — |                              — |                              — |                              —
  Rapid-fire streaming simulation               |                         11.356 |                          8.675 |                          6.582 |                              — |                              — |                              — |                              — |                              — |                              —
  Simulink instant eval (start==stop)           |                         10.367 |                          7.829 |                          6.758 |                              — |                              — |                              — |                              — |                              — |                              —
  Simulink time-series (10 points)              |                         10.612 |                          8.262 |                          7.989 |                              — |                              — |                              — |                              — |                              — |                              —
  Simulink time-series (100 points)             |                         11.423 |                          7.816 |                          6.905 |                              — |                              — |                              — |                              — |                              — |                              —
  Simulink time-series (1000 points)            |                         13.441 |                          6.688 |                          6.884 |                              — |                              — |                              — |                              — |                              — |                              —
  --------------------------------------------- | ------------------------------ | ------------------------------ | ------------------------------ | ------------------------------ | ------------------------------ | ------------------------------ | ------------------------------ | ------------------------------ | ------------------------------
  TOTAL (sum)                                   |                        136.970 |                         98.625 |                         91.600 |                         45.290 |                        720.059 |                         47.121 |                         43.074 |                        868.825 |                        965.048
  AVERAGE                                       |                         13.697 |                          9.863 |                          9.160 |                         11.322 |                        720.059 |                         11.780 |                         10.768 |                        868.825 |                        965.048
  BEST (min)                                    |                          3.186 |                          2.109 |                          1.734 |                          8.043 |                        720.059 |                          8.874 |                          7.159 |                        868.825 |                        965.048
  WORST (max)                                   |                         24.480 |                         20.540 |                         17.060 |                         13.496 |                        720.059 |                         14.927 |                         13.435 |                        868.825 |                        965.048

  Throughput (ops/s)
  Benchmark                                     |                       cpu-1000 |                       cpu-4000 |                       cpu-2000 |                matlab-cpu-2000 | matlab-cpu-2000 (matlab_wheel) |                matlab-cpu-4000 |                matlab-cpu-1000 | matlab-cpu-4000 (matlab_wheel) | matlab-cpu-1000 (matlab_wheel)
  --------------------------------------------- | ------------------------------ | ------------------------------ | ------------------------------ | ------------------------------ | ------------------------------ | ------------------------------ | ------------------------------ | ------------------------------ | ------------------------------
  BouncingBall free-run (stop=1.0s)             |                           86.6 |                          128.5 |                          111.2 |                              — |                              — |                              — |                              — |                              — |                              —
  BouncingBall free-run (stop=10.0s)            |                           40.9 |                           48.7 |                           61.4 |                              — |                              — |                              — |                              — |                              — |                              —
  BouncingBall free-run (stop=20.0s)            |                           41.5 |                           58.2 |                           58.6 |                              — |                              — |                              — |                              — |                              — |                              —
  BouncingBall free-run (stop=5.0s)             |                           60.8 |                           85.2 |                           80.6 |                              — |                              — |                              — |                              — |                              — |                              —
  FMU BouncingBall (stop=1.0s)                  |                              — |                              — |                              — |                          124.3 |                              — |                          112.7 |                          139.7 |                              — |                              —
  FMU BouncingBall (stop=10.0s)                 |                              — |                              — |                              — |                           74.1 |                              — |                           67.0 |                           74.4 |                              — |                              —
  FMU BouncingBall (stop=20.0s)                 |                              — |                              — |                              — |                           80.0 |                              — |                           77.7 |                           80.0 |                              — |                              —
  FMU BouncingBall (stop=5.0s)                  |                              — |                              — |                              — |                           88.9 |                              — |                           95.7 |                          100.2 |                              — |                              —
  MATLAB package init+terminate                 |                              — |                              — |                              — |                              — |                            1.4 |                              — |                              — |                            1.2 |                            1.0
  Model description load                        |                          313.9 |                          474.1 |                          576.8 |                              — |                              — |                              — |                              — |                              — |                              —
  Rapid-fire streaming simulation               |                           88.1 |                          115.3 |                          151.9 |                              — |                              — |                              — |                              — |                              — |                              —
  Simulink instant eval (start==stop)           |                           96.5 |                          127.7 |                          148.0 |                              — |                              — |                              — |                              — |                              — |                              —
  Simulink time-series (10 points)              |                           94.2 |                          121.0 |                          125.2 |                              — |                              — |                              — |                              — |                              — |                              —
  Simulink time-series (100 points)             |                           87.5 |                          127.9 |                          144.8 |                              — |                              — |                              — |                              — |                              — |                              —
  Simulink time-series (1000 points)            |                           74.4 |                          149.5 |                          145.3 |                              — |                              — |                              — |                              — |                              — |                              —
  --------------------------------------------- | ------------------------------ | ------------------------------ | ------------------------------ | ------------------------------ | ------------------------------ | ------------------------------ | ------------------------------ | ------------------------------ | ------------------------------
  TOTAL (sum)                                   |                          984.3 |                         1436.2 |                         1603.7 |                          367.3 |                            1.4 |                          353.1 |                          394.3 |                            1.2 |                            1.0
  AVERAGE                                       |                           98.4 |                          143.6 |                          160.4 |                           91.8 |                            1.4 |                           88.3 |                           98.6 |                            1.2 |                            1.0
  BEST (min)                                    |                           40.9 |                           48.7 |                           58.6 |                           74.1 |                            1.4 |                           67.0 |                           74.4 |                            1.2 |                            1.0
  WORST (max)                                   |                          313.9 |                          474.1 |                          576.8 |                          124.3 |                            1.4 |                          112.7 |                          139.7 |                            1.2 |                            1.0

  P95 Latency (ms)
  Benchmark                                     |                       cpu-1000 |                       cpu-4000 |                       cpu-2000 |                matlab-cpu-2000 | matlab-cpu-2000 (matlab_wheel) |                matlab-cpu-4000 |                matlab-cpu-1000 | matlab-cpu-4000 (matlab_wheel) | matlab-cpu-1000 (matlab_wheel)
  --------------------------------------------- | ------------------------------ | ------------------------------ | ------------------------------ | ------------------------------ | ------------------------------ | ------------------------------ | ------------------------------ | ------------------------------ | ------------------------------
  BouncingBall free-run (stop=1.0s)             |                         15.104 |                          9.090 |                         11.475 |                              — |                              — |                              — |                              — |                              — |                              —
  BouncingBall free-run (stop=10.0s)            |                         29.923 |                         26.668 |                         22.498 |                              — |                              — |                              — |                              — |                              — |                              —
  BouncingBall free-run (stop=20.0s)            |                         30.056 |                         22.963 |                         24.249 |                              — |                              — |                              — |                              — |                              — |                              —
  BouncingBall free-run (stop=5.0s)             |                         19.770 |                         14.753 |                         17.166 |                              — |                              — |                              — |                              — |                              — |                              —
  FMU BouncingBall (stop=1.0s)                  |                              — |                              — |                              — |                         11.406 |                              — |                         11.116 |                          9.365 |                              — |                              —
  FMU BouncingBall (stop=10.0s)                 |                              — |                              — |                              — |                         19.448 |                              — |                         18.754 |                         18.142 |                              — |                              —
  FMU BouncingBall (stop=20.0s)                 |                              — |                              — |                              — |                         14.093 |                              — |                         17.692 |                         16.552 |                              — |                              —
  FMU BouncingBall (stop=5.0s)                  |                              — |                              — |                              — |                         14.795 |                              — |                         13.600 |                         13.513 |                              — |                              —
  MATLAB package init+terminate                 |                              — |                              — |                              — |                              — |                        801.655 |                              — |                              — |                       1116.446 |                       1286.050
  Model description load                        |                          6.932 |                          3.062 |                          1.956 |                              — |                              — |                              — |                              — |                              — |                              —
  Rapid-fire streaming simulation               |                         15.517 |                         11.309 |                          7.582 |                              — |                              — |                              — |                              — |                              — |                              —
  Simulink instant eval (start==stop)           |                         19.467 |                         12.428 |                          7.676 |                              — |                              — |                              — |                              — |                              — |                              —
  Simulink time-series (10 points)              |                         14.205 |                         10.926 |                         10.572 |                              — |                              — |                              — |                              — |                              — |                              —
  Simulink time-series (100 points)             |                         15.716 |                         10.559 |                          7.792 |                              — |                              — |                              — |                              — |                              — |                              —
  Simulink time-series (1000 points)            |                         22.941 |                          7.911 |                          9.652 |                              — |                              — |                              — |                              — |                              — |                              —
  --------------------------------------------- | ------------------------------ | ------------------------------ | ------------------------------ | ------------------------------ | ------------------------------ | ------------------------------ | ------------------------------ | ------------------------------ | ------------------------------
  TOTAL (sum)                                   |                        189.631 |                        129.669 |                        120.617 |                         59.742 |                        801.655 |                         61.162 |                         57.571 |                       1116.446 |                       1286.050
  AVERAGE                                       |                         18.963 |                         12.967 |                         12.062 |                         14.935 |                        801.655 |                         15.291 |                         14.393 |                       1116.446 |                       1286.050
  BEST (min)                                    |                          6.932 |                          3.062 |                          1.956 |                         11.406 |                        801.655 |                         11.116 |                          9.365 |                       1116.446 |                       1286.050
  WORST (max)                                   |                         30.056 |                         26.668 |                         24.249 |                         19.448 |                        801.655 |                         18.754 |                         18.142 |                       1116.446 |                       1286.050

  Total results collected: 45  (15 scenarios x 9 configs)


===========================================================================================================================================================================================================================================================================================================================================================
  CPU / Sim-Type Comparison
===========================================================================================================================================================================================================================================================================================================================================================

  Mean Latency (ms)
  Benchmark                                     |                       cpu-1000 |                       cpu-4000 |                       cpu-2000 |                matlab-cpu-2000 | matlab-cpu-2000 (matlab_wheel) |                matlab-cpu-4000 |                matlab-cpu-1000 | matlab-cpu-4000 (matlab_wheel) | matlab-cpu-1000 (matlab_wheel)
  --------------------------------------------- | ------------------------------ | ------------------------------ | ------------------------------ | ------------------------------ | ------------------------------ | ------------------------------ | ------------------------------ | ------------------------------ | ------------------------------
  BouncingBall free-run (stop=1.0s)             |                         11.545 |                          7.783 |                          8.990 |                              — |                              — |                              — |                              — |                              — |                              —
  BouncingBall free-run (stop=10.0s)            |                         24.480 |                         20.540 |                         16.286 |                              — |                              — |                              — |                              — |                              — |                              —
  BouncingBall free-run (stop=20.0s)            |                         24.101 |                         17.187 |                         17.060 |                              — |                              — |                              — |                              — |                              — |                              —
  BouncingBall free-run (stop=5.0s)             |                         16.459 |                         11.735 |                         12.413 |                              — |                              — |                              — |                              — |                              — |                              —
  FMU BouncingBall (stop=1.0s)                  |                              — |                              — |                              — |                          8.043 |                              — |                          8.874 |                          7.159 |                              — |                              —
  FMU BouncingBall (stop=10.0s)                 |                              — |                              — |                              — |                         13.496 |                              — |                         14.927 |                         13.435 |                              — |                              —
  FMU BouncingBall (stop=20.0s)                 |                              — |                              — |                              — |                         12.502 |                              — |                         12.875 |                         12.497 |                              — |                              —
  FMU BouncingBall (stop=5.0s)                  |                              — |                              — |                              — |                         11.249 |                              — |                         10.445 |                          9.983 |                              — |                              —
  MATLAB package init+terminate                 |                              — |                              — |                              — |                              — |                        720.059 |                              — |                              — |                        868.825 |                        700.832
  Model description load                        |                          3.186 |                          2.109 |                          1.734 |                              — |                              — |                              — |                              — |                              — |                              —
  Rapid-fire streaming simulation               |                         11.356 |                          8.675 |                          6.582 |                              — |                              — |                              — |                              — |                              — |                              —
  Simulink instant eval (start==stop)           |                         10.367 |                          7.829 |                          6.758 |                              — |                              — |                              — |                              — |                              — |                              —
  Simulink time-series (10 points)              |                         10.612 |                          8.262 |                          7.989 |                              — |                              — |                              — |                              — |                              — |                              —
  Simulink time-series (100 points)             |                         11.423 |                          7.816 |                          6.905 |                              — |                              — |                              — |                              — |                              — |                              —
  Simulink time-series (1000 points)            |                         13.441 |                          6.688 |                          6.884 |                              — |                              — |                              — |                              — |                              — |                              —
  --------------------------------------------- | ------------------------------ | ------------------------------ | ------------------------------ | ------------------------------ | ------------------------------ | ------------------------------ | ------------------------------ | ------------------------------ | ------------------------------
  TOTAL (sum)                                   |                        136.970 |                         98.625 |                         91.600 |                         45.290 |                        720.059 |                         47.121 |                         43.074 |                        868.825 |                        700.832
  AVERAGE                                       |                         13.697 |                          9.863 |                          9.160 |                         11.322 |                        720.059 |                         11.780 |                         10.768 |                        868.825 |                        700.832
  BEST (min)                                    |                          3.186 |                          2.109 |                          1.734 |                          8.043 |                        720.059 |                          8.874 |                          7.159 |                        868.825 |                        700.832
  WORST (max)                                   |                         24.480 |                         20.540 |                         17.060 |                         13.496 |                        720.059 |                         14.927 |                         13.435 |                        868.825 |                        700.832

  Throughput (ops/s)
  Benchmark                                     |                       cpu-1000 |                       cpu-4000 |                       cpu-2000 |                matlab-cpu-2000 | matlab-cpu-2000 (matlab_wheel) |                matlab-cpu-4000 |                matlab-cpu-1000 | matlab-cpu-4000 (matlab_wheel) | matlab-cpu-1000 (matlab_wheel)
  --------------------------------------------- | ------------------------------ | ------------------------------ | ------------------------------ | ------------------------------ | ------------------------------ | ------------------------------ | ------------------------------ | ------------------------------ | ------------------------------
  BouncingBall free-run (stop=1.0s)             |                           86.6 |                          128.5 |                          111.2 |                              — |                              — |                              — |                              — |                              — |                              —
  BouncingBall free-run (stop=10.0s)            |                           40.9 |                           48.7 |                           61.4 |                              — |                              — |                              — |                              — |                              — |                              —
  BouncingBall free-run (stop=20.0s)            |                           41.5 |                           58.2 |                           58.6 |                              — |                              — |                              — |                              — |                              — |                              —
  BouncingBall free-run (stop=5.0s)             |                           60.8 |                           85.2 |                           80.6 |                              — |                              — |                              — |                              — |                              — |                              —
  FMU BouncingBall (stop=1.0s)                  |                              — |                              — |                              — |                          124.3 |                              — |                          112.7 |                          139.7 |                              — |                              —
  FMU BouncingBall (stop=10.0s)                 |                              — |                              — |                              — |                           74.1 |                              — |                           67.0 |                           74.4 |                              — |                              —
  FMU BouncingBall (stop=20.0s)                 |                              — |                              — |                              — |                           80.0 |                              — |                           77.7 |                           80.0 |                              — |                              —
  FMU BouncingBall (stop=5.0s)                  |                              — |                              — |                              — |                           88.9 |                              — |                           95.7 |                          100.2 |                              — |                              —
  MATLAB package init+terminate                 |                              — |                              — |                              — |                              — |                            1.4 |                              — |                              — |                            1.2 |                            1.4
  Model description load                        |                          313.9 |                          474.1 |                          576.8 |                              — |                              — |                              — |                              — |                              — |                              —
  Rapid-fire streaming simulation               |                           88.1 |                          115.3 |                          151.9 |                              — |                              — |                              — |                              — |                              — |                              —
  Simulink instant eval (start==stop)           |                           96.5 |                          127.7 |                          148.0 |                              — |                              — |                              — |                              — |                              — |                              —
  Simulink time-series (10 points)              |                           94.2 |                          121.0 |                          125.2 |                              — |                              — |                              — |                              — |                              — |                              —
  Simulink time-series (100 points)             |                           87.5 |                          127.9 |                          144.8 |                              — |                              — |                              — |                              — |                              — |                              —
  Simulink time-series (1000 points)            |                           74.4 |                          149.5 |                          145.3 |                              — |                              — |                              — |                              — |                              — |                              —
  --------------------------------------------- | ------------------------------ | ------------------------------ | ------------------------------ | ------------------------------ | ------------------------------ | ------------------------------ | ------------------------------ | ------------------------------ | ------------------------------
  TOTAL (sum)                                   |                          984.3 |                         1436.2 |                         1603.7 |                          367.3 |                            1.4 |                          353.1 |                          394.3 |                            1.2 |                            1.4
  AVERAGE                                       |                           98.4 |                          143.6 |                          160.4 |                           91.8 |                            1.4 |                           88.3 |                           98.6 |                            1.2 |                            1.4
  BEST (min)                                    |                           40.9 |                           48.7 |                           58.6 |                           74.1 |                            1.4 |                           67.0 |                           74.4 |                            1.2 |                            1.4
  WORST (max)                                   |                          313.9 |                          474.1 |                          576.8 |                          124.3 |                            1.4 |                          112.7 |                          139.7 |                            1.2 |                            1.4

  P95 Latency (ms)
  Benchmark                                     |                       cpu-1000 |                       cpu-4000 |                       cpu-2000 |                matlab-cpu-2000 | matlab-cpu-2000 (matlab_wheel) |                matlab-cpu-4000 |                matlab-cpu-1000 | matlab-cpu-4000 (matlab_wheel) | matlab-cpu-1000 (matlab_wheel)
  --------------------------------------------- | ------------------------------ | ------------------------------ | ------------------------------ | ------------------------------ | ------------------------------ | ------------------------------ | ------------------------------ | ------------------------------ | ------------------------------
  BouncingBall free-run (stop=1.0s)             |                         15.104 |                          9.090 |                         11.475 |                              — |                              — |                              — |                              — |                              — |                              —
  BouncingBall free-run (stop=10.0s)            |                         29.923 |                         26.668 |                         22.498 |                              — |                              — |                              — |                              — |                              — |                              —
  BouncingBall free-run (stop=20.0s)            |                         30.056 |                         22.963 |                         24.249 |                              — |                              — |                              — |                              — |                              — |                              —
  BouncingBall free-run (stop=5.0s)             |                         19.770 |                         14.753 |                         17.166 |                              — |                              — |                              — |                              — |                              — |                              —
  FMU BouncingBall (stop=1.0s)                  |                              — |                              — |                              — |                         11.406 |                              — |                         11.116 |                          9.365 |                              — |                              —
  FMU BouncingBall (stop=10.0s)                 |                              — |                              — |                              — |                         19.448 |                              — |                         18.754 |                         18.142 |                              — |                              —
  FMU BouncingBall (stop=20.0s)                 |                              — |                              — |                              — |                         14.093 |                              — |                         17.692 |                         16.552 |                              — |                              —
  FMU BouncingBall (stop=5.0s)                  |                              — |                              — |                              — |                         14.795 |                              — |                         13.600 |                         13.513 |                              — |                              —
  MATLAB package init+terminate                 |                              — |                              — |                              — |                              — |                        801.655 |                              — |                              — |                       1116.446 |                        808.661
  Model description load                        |                          6.932 |                          3.062 |                          1.956 |                              — |                              — |                              — |                              — |                              — |                              —
  Rapid-fire streaming simulation               |                         15.517 |                         11.309 |                          7.582 |                              — |                              — |                              — |                              — |                              — |                              —
  Simulink instant eval (start==stop)           |                         19.467 |                         12.428 |                          7.676 |                              — |                              — |                              — |                              — |                              — |                              —
  Simulink time-series (10 points)              |                         14.205 |                         10.926 |                         10.572 |                              — |                              — |                              — |                              — |                              — |                              —
  Simulink time-series (100 points)             |                         15.716 |                         10.559 |                          7.792 |                              — |                              — |                              — |                              — |                              — |                              —
  Simulink time-series (1000 points)            |                         22.941 |                          7.911 |                          9.652 |                              — |                              — |                              — |                              — |                              — |                              —
  --------------------------------------------- | ------------------------------ | ------------------------------ | ------------------------------ | ------------------------------ | ------------------------------ | ------------------------------ | ------------------------------ | ------------------------------ | ------------------------------
  TOTAL (sum)                                   |                        189.631 |                        129.669 |                        120.617 |                         59.742 |                        801.655 |                         61.162 |                         57.571 |                       1116.446 |                        808.661
  AVERAGE                                       |                         18.963 |                         12.967 |                         12.062 |                         14.935 |                        801.655 |                         15.291 |                         14.393 |                       1116.446 |                        808.661
  BEST (min)                                    |                          6.932 |                          3.062 |                          1.956 |                         11.406 |                        801.655 |                         11.116 |                          9.365 |                       1116.446 |                        808.661
  WORST (max)                                   |                         30.056 |                         26.668 |                         24.249 |                         19.448 |                        801.655 |                         18.754 |                         18.142 |                       1116.446 |                        808.661

  Total results collected: 45  (15 scenarios x 9 configs)


===========================================================================================================================================================================================================================================================================================================================================================
  CPU / Sim-Type Comparison
===========================================================================================================================================================================================================================================================================================================================================================

  Mean Latency (ms)
  Benchmark                                     |                       cpu-1000 |                       cpu-4000 |                       cpu-2000 |                matlab-cpu-2000 | matlab-cpu-2000 (matlab_wheel) |                matlab-cpu-4000 |                matlab-cpu-1000 | matlab-cpu-4000 (matlab_wheel) | matlab-cpu-1000 (matlab_wheel)
  --------------------------------------------- | ------------------------------ | ------------------------------ | ------------------------------ | ------------------------------ | ------------------------------ | ------------------------------ | ------------------------------ | ------------------------------ | ------------------------------
  BouncingBall free-run (stop=1.0s)             |                         11.545 |                          7.783 |                          8.990 |                              — |                              — |                              — |                              — |                              — |                              —
  BouncingBall free-run (stop=10.0s)            |                         24.480 |                         20.540 |                         16.286 |                              — |                              — |                              — |                              — |                              — |                              —
  BouncingBall free-run (stop=20.0s)            |                         24.101 |                         17.187 |                         17.060 |                              — |                              — |                              — |                              — |                              — |                              —
  BouncingBall free-run (stop=5.0s)             |                         16.459 |                         11.735 |                         12.413 |                              — |                              — |                              — |                              — |                              — |                              —
  FMU BouncingBall (stop=1.0s)                  |                              — |                              — |                              — |                          8.043 |                              — |                          7.465 |                          7.159 |                              — |                              —
  FMU BouncingBall (stop=10.0s)                 |                              — |                              — |                              — |                         13.496 |                              — |                         14.927 |                         13.435 |                              — |                              —
  FMU BouncingBall (stop=20.0s)                 |                              — |                              — |                              — |                         12.502 |                              — |                         12.875 |                         12.497 |                              — |                              —
  FMU BouncingBall (stop=5.0s)                  |                              — |                              — |                              — |                         11.249 |                              — |                         10.445 |                          9.983 |                              — |                              —
  MATLAB package init+terminate                 |                              — |                              — |                              — |                              — |                        720.059 |                              — |                              — |                        868.825 |                        700.832
  Model description load                        |                          3.186 |                          2.109 |                          1.734 |                              — |                              — |                              — |                              — |                              — |                              —
  Rapid-fire streaming simulation               |                         11.356 |                          8.675 |                          6.582 |                              — |                              — |                              — |                              — |                              — |                              —
  Simulink instant eval (start==stop)           |                         10.367 |                          7.829 |                          6.758 |                              — |                              — |                              — |                              — |                              — |                              —
  Simulink time-series (10 points)              |                         10.612 |                          8.262 |                          7.989 |                              — |                              — |                              — |                              — |                              — |                              —
  Simulink time-series (100 points)             |                         11.423 |                          7.816 |                          6.905 |                              — |                              — |                              — |                              — |                              — |                              —
  Simulink time-series (1000 points)            |                         13.441 |                          6.688 |                          6.884 |                              — |                              — |                              — |                              — |                              — |                              —
  --------------------------------------------- | ------------------------------ | ------------------------------ | ------------------------------ | ------------------------------ | ------------------------------ | ------------------------------ | ------------------------------ | ------------------------------ | ------------------------------
  TOTAL (sum)                                   |                        136.970 |                         98.625 |                         91.600 |                         45.290 |                        720.059 |                         45.712 |                         43.074 |                        868.825 |                        700.832
  AVERAGE                                       |                         13.697 |                          9.863 |                          9.160 |                         11.322 |                        720.059 |                         11.428 |                         10.768 |                        868.825 |                        700.832
  BEST (min)                                    |                          3.186 |                          2.109 |                          1.734 |                          8.043 |                        720.059 |                          7.465 |                          7.159 |                        868.825 |                        700.832
  WORST (max)                                   |                         24.480 |                         20.540 |                         17.060 |                         13.496 |                        720.059 |                         14.927 |                         13.435 |                        868.825 |                        700.832

  Throughput (ops/s)
  Benchmark                                     |                       cpu-1000 |                       cpu-4000 |                       cpu-2000 |                matlab-cpu-2000 | matlab-cpu-2000 (matlab_wheel) |                matlab-cpu-4000 |                matlab-cpu-1000 | matlab-cpu-4000 (matlab_wheel) | matlab-cpu-1000 (matlab_wheel)
  --------------------------------------------- | ------------------------------ | ------------------------------ | ------------------------------ | ------------------------------ | ------------------------------ | ------------------------------ | ------------------------------ | ------------------------------ | ------------------------------
  BouncingBall free-run (stop=1.0s)             |                           86.6 |                          128.5 |                          111.2 |                              — |                              — |                              — |                              — |                              — |                              —
  BouncingBall free-run (stop=10.0s)            |                           40.9 |                           48.7 |                           61.4 |                              — |                              — |                              — |                              — |                              — |                              —
  BouncingBall free-run (stop=20.0s)            |                           41.5 |                           58.2 |                           58.6 |                              — |                              — |                              — |                              — |                              — |                              —
  BouncingBall free-run (stop=5.0s)             |                           60.8 |                           85.2 |                           80.6 |                              — |                              — |                              — |                              — |                              — |                              —
  FMU BouncingBall (stop=1.0s)                  |                              — |                              — |                              — |                          124.3 |                              — |                          134.0 |                          139.7 |                              — |                              —
  FMU BouncingBall (stop=10.0s)                 |                              — |                              — |                              — |                           74.1 |                              — |                           67.0 |                           74.4 |                              — |                              —
  FMU BouncingBall (stop=20.0s)                 |                              — |                              — |                              — |                           80.0 |                              — |                           77.7 |                           80.0 |                              — |                              —
  FMU BouncingBall (stop=5.0s)                  |                              — |                              — |                              — |                           88.9 |                              — |                           95.7 |                          100.2 |                              — |                              —
  MATLAB package init+terminate                 |                              — |                              — |                              — |                              — |                            1.4 |                              — |                              — |                            1.2 |                            1.4
  Model description load                        |                          313.9 |                          474.1 |                          576.8 |                              — |                              — |                              — |                              — |                              — |                              —
  Rapid-fire streaming simulation               |                           88.1 |                          115.3 |                          151.9 |                              — |                              — |                              — |                              — |                              — |                              —
  Simulink instant eval (start==stop)           |                           96.5 |                          127.7 |                          148.0 |                              — |                              — |                              — |                              — |                              — |                              —
  Simulink time-series (10 points)              |                           94.2 |                          121.0 |                          125.2 |                              — |                              — |                              — |                              — |                              — |                              —
  Simulink time-series (100 points)             |                           87.5 |                          127.9 |                          144.8 |                              — |                              — |                              — |                              — |                              — |                              —
  Simulink time-series (1000 points)            |                           74.4 |                          149.5 |                          145.3 |                              — |                              — |                              — |                              — |                              — |                              —
  --------------------------------------------- | ------------------------------ | ------------------------------ | ------------------------------ | ------------------------------ | ------------------------------ | ------------------------------ | ------------------------------ | ------------------------------ | ------------------------------
  TOTAL (sum)                                   |                          984.3 |                         1436.2 |                         1603.7 |                          367.3 |                            1.4 |                          374.4 |                          394.3 |                            1.2 |                            1.4
  AVERAGE                                       |                           98.4 |                          143.6 |                          160.4 |                           91.8 |                            1.4 |                           93.6 |                           98.6 |                            1.2 |                            1.4
  BEST (min)                                    |                           40.9 |                           48.7 |                           58.6 |                           74.1 |                            1.4 |                           67.0 |                           74.4 |                            1.2 |                            1.4
  WORST (max)                                   |                          313.9 |                          474.1 |                          576.8 |                          124.3 |                            1.4 |                          134.0 |                          139.7 |                            1.2 |                            1.4

  P95 Latency (ms)
  Benchmark                                     |                       cpu-1000 |                       cpu-4000 |                       cpu-2000 |                matlab-cpu-2000 | matlab-cpu-2000 (matlab_wheel) |                matlab-cpu-4000 |                matlab-cpu-1000 | matlab-cpu-4000 (matlab_wheel) | matlab-cpu-1000 (matlab_wheel)
  --------------------------------------------- | ------------------------------ | ------------------------------ | ------------------------------ | ------------------------------ | ------------------------------ | ------------------------------ | ------------------------------ | ------------------------------ | ------------------------------
  BouncingBall free-run (stop=1.0s)             |                         15.104 |                          9.090 |                         11.475 |                              — |                              — |                              — |                              — |                              — |                              —
  BouncingBall free-run (stop=10.0s)            |                         29.923 |                         26.668 |                         22.498 |                              — |                              — |                              — |                              — |                              — |                              —
  BouncingBall free-run (stop=20.0s)            |                         30.056 |                         22.963 |                         24.249 |                              — |                              — |                              — |                              — |                              — |                              —
  BouncingBall free-run (stop=5.0s)             |                         19.770 |                         14.753 |                         17.166 |                              — |                              — |                              — |                              — |                              — |                              —
  FMU BouncingBall (stop=1.0s)                  |                              — |                              — |                              — |                         11.406 |                              — |                         10.093 |                          9.365 |                              — |                              —
  FMU BouncingBall (stop=10.0s)                 |                              — |                              — |                              — |                         19.448 |                              — |                         18.754 |                         18.142 |                              — |                              —
  FMU BouncingBall (stop=20.0s)                 |                              — |                              — |                              — |                         14.093 |                              — |                         17.692 |                         16.552 |                              — |                              —
  FMU BouncingBall (stop=5.0s)                  |                              — |                              — |                              — |                         14.795 |                              — |                         13.600 |                         13.513 |                              — |                              —
  MATLAB package init+terminate                 |                              — |                              — |                              — |                              — |                        801.655 |                              — |                              — |                       1116.446 |                        808.661
  Model description load                        |                          6.932 |                          3.062 |                          1.956 |                              — |                              — |                              — |                              — |                              — |                              —
  Rapid-fire streaming simulation               |                         15.517 |                         11.309 |                          7.582 |                              — |                              — |                              — |                              — |                              — |                              —
  Simulink instant eval (start==stop)           |                         19.467 |                         12.428 |                          7.676 |                              — |                              — |                              — |                              — |                              — |                              —
  Simulink time-series (10 points)              |                         14.205 |                         10.926 |                         10.572 |                              — |                              — |                              — |                              — |                              — |                              —
  Simulink time-series (100 points)             |                         15.716 |                         10.559 |                          7.792 |                              — |                              — |                              — |                              — |                              — |                              —
  Simulink time-series (1000 points)            |                         22.941 |                          7.911 |                          9.652 |                              — |                              — |                              — |                              — |                              — |                              —
  --------------------------------------------- | ------------------------------ | ------------------------------ | ------------------------------ | ------------------------------ | ------------------------------ | ------------------------------ | ------------------------------ | ------------------------------ | ------------------------------
  TOTAL (sum)                                   |                        189.631 |                        129.669 |                        120.617 |                         59.742 |                        801.655 |                         60.139 |                         57.571 |                       1116.446 |                        808.661
  AVERAGE                                       |                         18.963 |                         12.967 |                         12.062 |                         14.935 |                        801.655 |                         15.035 |                         14.393 |                       1116.446 |                        808.661
  BEST (min)                                    |                          6.932 |                          3.062 |                          1.956 |                         11.406 |                        801.655 |                         10.093 |                          9.365 |                       1116.446 |                        808.661
  WORST (max)                                   |                         30.056 |                         26.668 |                         24.249 |                         19.448 |                        801.655 |                         18.754 |                         18.142 |                       1116.446 |                        808.661

  Total results collected: 45  (15 scenarios x 9 configs)


===========================================================================================================================================================================================================================================================================================================================================================
  CPU / Sim-Type Comparison
===========================================================================================================================================================================================================================================================================================================================================================

  Mean Latency (ms)
  Benchmark                                     |                       cpu-1000 |                       cpu-4000 |                       cpu-2000 |                matlab-cpu-2000 | matlab-cpu-2000 (matlab_wheel) |                matlab-cpu-4000 |                matlab-cpu-1000 | matlab-cpu-4000 (matlab_wheel) | matlab-cpu-1000 (matlab_wheel)
  --------------------------------------------- | ------------------------------ | ------------------------------ | ------------------------------ | ------------------------------ | ------------------------------ | ------------------------------ | ------------------------------ | ------------------------------ | ------------------------------
  BouncingBall free-run (stop=1.0s)             |                         11.545 |                          7.783 |                          8.990 |                              — |                              — |                              — |                              — |                              — |                              —
  BouncingBall free-run (stop=10.0s)            |                         24.480 |                         20.540 |                         16.286 |                              — |                              — |                              — |                              — |                              — |                              —
  BouncingBall free-run (stop=20.0s)            |                         24.101 |                         17.187 |                         17.060 |                              — |                              — |                              — |                              — |                              — |                              —
  BouncingBall free-run (stop=5.0s)             |                         16.459 |                         11.735 |                         12.413 |                              — |                              — |                              — |                              — |                              — |                              —
  FMU BouncingBall (stop=1.0s)                  |                              — |                              — |                              — |                          8.043 |                              — |                          7.465 |                          7.159 |                              — |                              —
  FMU BouncingBall (stop=10.0s)                 |                              — |                              — |                              — |                         13.496 |                              — |                         14.927 |                         13.435 |                              — |                              —
  FMU BouncingBall (stop=20.0s)                 |                              — |                              — |                              — |                         12.502 |                              — |                         12.875 |                         12.497 |                              — |                              —
  FMU BouncingBall (stop=5.0s)                  |                              — |                              — |                              — |                         11.249 |                              — |                          9.615 |                          9.983 |                              — |                              —
  MATLAB package init+terminate                 |                              — |                              — |                              — |                              — |                        720.059 |                              — |                              — |                        868.825 |                        700.832
  Model description load                        |                          3.186 |                          2.109 |                          1.734 |                              — |                              — |                              — |                              — |                              — |                              —
  Rapid-fire streaming simulation               |                         11.356 |                          8.675 |                          6.582 |                              — |                              — |                              — |                              — |                              — |                              —
  Simulink instant eval (start==stop)           |                         10.367 |                          7.829 |                          6.758 |                              — |                              — |                              — |                              — |                              — |                              —
  Simulink time-series (10 points)              |                         10.612 |                          8.262 |                          7.989 |                              — |                              — |                              — |                              — |                              — |                              —
  Simulink time-series (100 points)             |                         11.423 |                          7.816 |                          6.905 |                              — |                              — |                              — |                              — |                              — |                              —
  Simulink time-series (1000 points)            |                         13.441 |                          6.688 |                          6.884 |                              — |                              — |                              — |                              — |                              — |                              —
  --------------------------------------------- | ------------------------------ | ------------------------------ | ------------------------------ | ------------------------------ | ------------------------------ | ------------------------------ | ------------------------------ | ------------------------------ | ------------------------------
  TOTAL (sum)                                   |                        136.970 |                         98.625 |                         91.600 |                         45.290 |                        720.059 |                         44.882 |                         43.074 |                        868.825 |                        700.832
  AVERAGE                                       |                         13.697 |                          9.863 |                          9.160 |                         11.322 |                        720.059 |                         11.220 |                         10.768 |                        868.825 |                        700.832
  BEST (min)                                    |                          3.186 |                          2.109 |                          1.734 |                          8.043 |                        720.059 |                          7.465 |                          7.159 |                        868.825 |                        700.832
  WORST (max)                                   |                         24.480 |                         20.540 |                         17.060 |                         13.496 |                        720.059 |                         14.927 |                         13.435 |                        868.825 |                        700.832

  Throughput (ops/s)
  Benchmark                                     |                       cpu-1000 |                       cpu-4000 |                       cpu-2000 |                matlab-cpu-2000 | matlab-cpu-2000 (matlab_wheel) |                matlab-cpu-4000 |                matlab-cpu-1000 | matlab-cpu-4000 (matlab_wheel) | matlab-cpu-1000 (matlab_wheel)
  --------------------------------------------- | ------------------------------ | ------------------------------ | ------------------------------ | ------------------------------ | ------------------------------ | ------------------------------ | ------------------------------ | ------------------------------ | ------------------------------
  BouncingBall free-run (stop=1.0s)             |                           86.6 |                          128.5 |                          111.2 |                              — |                              — |                              — |                              — |                              — |                              —
  BouncingBall free-run (stop=10.0s)            |                           40.9 |                           48.7 |                           61.4 |                              — |                              — |                              — |                              — |                              — |                              —
  BouncingBall free-run (stop=20.0s)            |                           41.5 |                           58.2 |                           58.6 |                              — |                              — |                              — |                              — |                              — |                              —
  BouncingBall free-run (stop=5.0s)             |                           60.8 |                           85.2 |                           80.6 |                              — |                              — |                              — |                              — |                              — |                              —
  FMU BouncingBall (stop=1.0s)                  |                              — |                              — |                              — |                          124.3 |                              — |                          134.0 |                          139.7 |                              — |                              —
  FMU BouncingBall (stop=10.0s)                 |                              — |                              — |                              — |                           74.1 |                              — |                           67.0 |                           74.4 |                              — |                              —
  FMU BouncingBall (stop=20.0s)                 |                              — |                              — |                              — |                           80.0 |                              — |                           77.7 |                           80.0 |                              — |                              —
  FMU BouncingBall (stop=5.0s)                  |                              — |                              — |                              — |                           88.9 |                              — |                          104.0 |                          100.2 |                              — |                              —
  MATLAB package init+terminate                 |                              — |                              — |                              — |                              — |                            1.4 |                              — |                              — |                            1.2 |                            1.4
  Model description load                        |                          313.9 |                          474.1 |                          576.8 |                              — |                              — |                              — |                              — |                              — |                              —
  Rapid-fire streaming simulation               |                           88.1 |                          115.3 |                          151.9 |                              — |                              — |                              — |                              — |                              — |                              —
  Simulink instant eval (start==stop)           |                           96.5 |                          127.7 |                          148.0 |                              — |                              — |                              — |                              — |                              — |                              —
  Simulink time-series (10 points)              |                           94.2 |                          121.0 |                          125.2 |                              — |                              — |                              — |                              — |                              — |                              —
  Simulink time-series (100 points)             |                           87.5 |                          127.9 |                          144.8 |                              — |                              — |                              — |                              — |                              — |                              —
  Simulink time-series (1000 points)            |                           74.4 |                          149.5 |                          145.3 |                              — |                              — |                              — |                              — |                              — |                              —
  --------------------------------------------- | ------------------------------ | ------------------------------ | ------------------------------ | ------------------------------ | ------------------------------ | ------------------------------ | ------------------------------ | ------------------------------ | ------------------------------
  TOTAL (sum)                                   |                          984.3 |                         1436.2 |                         1603.7 |                          367.3 |                            1.4 |                          382.6 |                          394.3 |                            1.2 |                            1.4
  AVERAGE                                       |                           98.4 |                          143.6 |                          160.4 |                           91.8 |                            1.4 |                           95.7 |                           98.6 |                            1.2 |                            1.4
  BEST (min)                                    |                           40.9 |                           48.7 |                           58.6 |                           74.1 |                            1.4 |                           67.0 |                           74.4 |                            1.2 |                            1.4
  WORST (max)                                   |                          313.9 |                          474.1 |                          576.8 |                          124.3 |                            1.4 |                          134.0 |                          139.7 |                            1.2 |                            1.4

  P95 Latency (ms)
  Benchmark                                     |                       cpu-1000 |                       cpu-4000 |                       cpu-2000 |                matlab-cpu-2000 | matlab-cpu-2000 (matlab_wheel) |                matlab-cpu-4000 |                matlab-cpu-1000 | matlab-cpu-4000 (matlab_wheel) | matlab-cpu-1000 (matlab_wheel)
  --------------------------------------------- | ------------------------------ | ------------------------------ | ------------------------------ | ------------------------------ | ------------------------------ | ------------------------------ | ------------------------------ | ------------------------------ | ------------------------------
  BouncingBall free-run (stop=1.0s)             |                         15.104 |                          9.090 |                         11.475 |                              — |                              — |                              — |                              — |                              — |                              —
  BouncingBall free-run (stop=10.0s)            |                         29.923 |                         26.668 |                         22.498 |                              — |                              — |                              — |                              — |                              — |                              —
  BouncingBall free-run (stop=20.0s)            |                         30.056 |                         22.963 |                         24.249 |                              — |                              — |                              — |                              — |                              — |                              —
  BouncingBall free-run (stop=5.0s)             |                         19.770 |                         14.753 |                         17.166 |                              — |                              — |                              — |                              — |                              — |                              —
  FMU BouncingBall (stop=1.0s)                  |                              — |                              — |                              — |                         11.406 |                              — |                         10.093 |                          9.365 |                              — |                              —
  FMU BouncingBall (stop=10.0s)                 |                              — |                              — |                              — |                         19.448 |                              — |                         18.754 |                         18.142 |                              — |                              —
  FMU BouncingBall (stop=20.0s)                 |                              — |                              — |                              — |                         14.093 |                              — |                         17.692 |                         16.552 |                              — |                              —
  FMU BouncingBall (stop=5.0s)                  |                              — |                              — |                              — |                         14.795 |                              — |                         12.808 |                         13.513 |                              — |                              —
  MATLAB package init+terminate                 |                              — |                              — |                              — |                              — |                        801.655 |                              — |                              — |                       1116.446 |                        808.661
  Model description load                        |                          6.932 |                          3.062 |                          1.956 |                              — |                              — |                              — |                              — |                              — |                              —
  Rapid-fire streaming simulation               |                         15.517 |                         11.309 |                          7.582 |                              — |                              — |                              — |                              — |                              — |                              —
  Simulink instant eval (start==stop)           |                         19.467 |                         12.428 |                          7.676 |                              — |                              — |                              — |                              — |                              — |                              —
  Simulink time-series (10 points)              |                         14.205 |                         10.926 |                         10.572 |                              — |                              — |                              — |                              — |                              — |                              —
  Simulink time-series (100 points)             |                         15.716 |                         10.559 |                          7.792 |                              — |                              — |                              — |                              — |                              — |                              —
  Simulink time-series (1000 points)            |                         22.941 |                          7.911 |                          9.652 |                              — |                              — |                              — |                              — |                              — |                              —
  --------------------------------------------- | ------------------------------ | ------------------------------ | ------------------------------ | ------------------------------ | ------------------------------ | ------------------------------ | ------------------------------ | ------------------------------ | ------------------------------
  TOTAL (sum)                                   |                        189.631 |                        129.669 |                        120.617 |                         59.742 |                        801.655 |                         59.347 |                         57.571 |                       1116.446 |                        808.661
  AVERAGE                                       |                         18.963 |                         12.967 |                         12.062 |                         14.935 |                        801.655 |                         14.837 |                         14.393 |                       1116.446 |                        808.661
  BEST (min)                                    |                          6.932 |                          3.062 |                          1.956 |                         11.406 |                        801.655 |                         10.093 |                          9.365 |                       1116.446 |                        808.661
  WORST (max)                                   |                         30.056 |                         26.668 |                         24.249 |                         19.448 |                        801.655 |                         18.754 |                         18.142 |                       1116.446 |                        808.661

  Total results collected: 45  (15 scenarios x 9 configs)


===========================================================================================================================================================================================================================================================================================================================================================
  CPU / Sim-Type Comparison
===========================================================================================================================================================================================================================================================================================================================================================

  Mean Latency (ms)
  Benchmark                                     |                       cpu-1000 |                       cpu-4000 |                       cpu-2000 |                matlab-cpu-2000 | matlab-cpu-2000 (matlab_wheel) |                matlab-cpu-4000 |                matlab-cpu-1000 | matlab-cpu-4000 (matlab_wheel) | matlab-cpu-1000 (matlab_wheel)
  --------------------------------------------- | ------------------------------ | ------------------------------ | ------------------------------ | ------------------------------ | ------------------------------ | ------------------------------ | ------------------------------ | ------------------------------ | ------------------------------
  BouncingBall free-run (stop=1.0s)             |                         11.545 |                          7.783 |                          8.990 |                              — |                              — |                              — |                              — |                              — |                              —
  BouncingBall free-run (stop=10.0s)            |                         24.480 |                         20.540 |                         16.286 |                              — |                              — |                              — |                              — |                              — |                              —
  BouncingBall free-run (stop=20.0s)            |                         24.101 |                         17.187 |                         17.060 |                              — |                              — |                              — |                              — |                              — |                              —
  BouncingBall free-run (stop=5.0s)             |                         16.459 |                         11.735 |                         12.413 |                              — |                              — |                              — |                              — |                              — |                              —
  FMU BouncingBall (stop=1.0s)                  |                              — |                              — |                              — |                          8.043 |                              — |                          7.465 |                          7.159 |                              — |                              —
  FMU BouncingBall (stop=10.0s)                 |                              — |                              — |                              — |                         13.496 |                              — |                         14.874 |                         13.435 |                              — |                              —
  FMU BouncingBall (stop=20.0s)                 |                              — |                              — |                              — |                         12.502 |                              — |                         12.875 |                         12.497 |                              — |                              —
  FMU BouncingBall (stop=5.0s)                  |                              — |                              — |                              — |                         11.249 |                              — |                          9.615 |                          9.983 |                              — |                              —
  MATLAB package init+terminate                 |                              — |                              — |                              — |                              — |                        720.059 |                              — |                              — |                        868.825 |                        700.832
  Model description load                        |                          3.186 |                          2.109 |                          1.734 |                              — |                              — |                              — |                              — |                              — |                              —
  Rapid-fire streaming simulation               |                         11.356 |                          8.675 |                          6.582 |                              — |                              — |                              — |                              — |                              — |                              —
  Simulink instant eval (start==stop)           |                         10.367 |                          7.829 |                          6.758 |                              — |                              — |                              — |                              — |                              — |                              —
  Simulink time-series (10 points)              |                         10.612 |                          8.262 |                          7.989 |                              — |                              — |                              — |                              — |                              — |                              —
  Simulink time-series (100 points)             |                         11.423 |                          7.816 |                          6.905 |                              — |                              — |                              — |                              — |                              — |                              —
  Simulink time-series (1000 points)            |                         13.441 |                          6.688 |                          6.884 |                              — |                              — |                              — |                              — |                              — |                              —
  --------------------------------------------- | ------------------------------ | ------------------------------ | ------------------------------ | ------------------------------ | ------------------------------ | ------------------------------ | ------------------------------ | ------------------------------ | ------------------------------
  TOTAL (sum)                                   |                        136.970 |                         98.625 |                         91.600 |                         45.290 |                        720.059 |                         44.828 |                         43.074 |                        868.825 |                        700.832
  AVERAGE                                       |                         13.697 |                          9.863 |                          9.160 |                         11.322 |                        720.059 |                         11.207 |                         10.768 |                        868.825 |                        700.832
  BEST (min)                                    |                          3.186 |                          2.109 |                          1.734 |                          8.043 |                        720.059 |                          7.465 |                          7.159 |                        868.825 |                        700.832
  WORST (max)                                   |                         24.480 |                         20.540 |                         17.060 |                         13.496 |                        720.059 |                         14.874 |                         13.435 |                        868.825 |                        700.832

  Throughput (ops/s)
  Benchmark                                     |                       cpu-1000 |                       cpu-4000 |                       cpu-2000 |                matlab-cpu-2000 | matlab-cpu-2000 (matlab_wheel) |                matlab-cpu-4000 |                matlab-cpu-1000 | matlab-cpu-4000 (matlab_wheel) | matlab-cpu-1000 (matlab_wheel)
  --------------------------------------------- | ------------------------------ | ------------------------------ | ------------------------------ | ------------------------------ | ------------------------------ | ------------------------------ | ------------------------------ | ------------------------------ | ------------------------------
  BouncingBall free-run (stop=1.0s)             |                           86.6 |                          128.5 |                          111.2 |                              — |                              — |                              — |                              — |                              — |                              —
  BouncingBall free-run (stop=10.0s)            |                           40.9 |                           48.7 |                           61.4 |                              — |                              — |                              — |                              — |                              — |                              —
  BouncingBall free-run (stop=20.0s)            |                           41.5 |                           58.2 |                           58.6 |                              — |                              — |                              — |                              — |                              — |                              —
  BouncingBall free-run (stop=5.0s)             |                           60.8 |                           85.2 |                           80.6 |                              — |                              — |                              — |                              — |                              — |                              —
  FMU BouncingBall (stop=1.0s)                  |                              — |                              — |                              — |                          124.3 |                              — |                          134.0 |                          139.7 |                              — |                              —
  FMU BouncingBall (stop=10.0s)                 |                              — |                              — |                              — |                           74.1 |                              — |                           67.2 |                           74.4 |                              — |                              —
  FMU BouncingBall (stop=20.0s)                 |                              — |                              — |                              — |                           80.0 |                              — |                           77.7 |                           80.0 |                              — |                              —
  FMU BouncingBall (stop=5.0s)                  |                              — |                              — |                              — |                           88.9 |                              — |                          104.0 |                          100.2 |                              — |                              —
  MATLAB package init+terminate                 |                              — |                              — |                              — |                              — |                            1.4 |                              — |                              — |                            1.2 |                            1.4
  Model description load                        |                          313.9 |                          474.1 |                          576.8 |                              — |                              — |                              — |                              — |                              — |                              —
  Rapid-fire streaming simulation               |                           88.1 |                          115.3 |                          151.9 |                              — |                              — |                              — |                              — |                              — |                              —
  Simulink instant eval (start==stop)           |                           96.5 |                          127.7 |                          148.0 |                              — |                              — |                              — |                              — |                              — |                              —
  Simulink time-series (10 points)              |                           94.2 |                          121.0 |                          125.2 |                              — |                              — |                              — |                              — |                              — |                              —
  Simulink time-series (100 points)             |                           87.5 |                          127.9 |                          144.8 |                              — |                              — |                              — |                              — |                              — |                              —
  Simulink time-series (1000 points)            |                           74.4 |                          149.5 |                          145.3 |                              — |                              — |                              — |                              — |                              — |                              —
  --------------------------------------------- | ------------------------------ | ------------------------------ | ------------------------------ | ------------------------------ | ------------------------------ | ------------------------------ | ------------------------------ | ------------------------------ | ------------------------------
  TOTAL (sum)                                   |                          984.3 |                         1436.2 |                         1603.7 |                          367.3 |                            1.4 |                          382.9 |                          394.3 |                            1.2 |                            1.4
  AVERAGE                                       |                           98.4 |                          143.6 |                          160.4 |                           91.8 |                            1.4 |                           95.7 |                           98.6 |                            1.2 |                            1.4
  BEST (min)                                    |                           40.9 |                           48.7 |                           58.6 |                           74.1 |                            1.4 |                           67.2 |                           74.4 |                            1.2 |                            1.4
  WORST (max)                                   |                          313.9 |                          474.1 |                          576.8 |                          124.3 |                            1.4 |                          134.0 |                          139.7 |                            1.2 |                            1.4

  P95 Latency (ms)
  Benchmark                                     |                       cpu-1000 |                       cpu-4000 |                       cpu-2000 |                matlab-cpu-2000 | matlab-cpu-2000 (matlab_wheel) |                matlab-cpu-4000 |                matlab-cpu-1000 | matlab-cpu-4000 (matlab_wheel) | matlab-cpu-1000 (matlab_wheel)
  --------------------------------------------- | ------------------------------ | ------------------------------ | ------------------------------ | ------------------------------ | ------------------------------ | ------------------------------ | ------------------------------ | ------------------------------ | ------------------------------
  BouncingBall free-run (stop=1.0s)             |                         15.104 |                          9.090 |                         11.475 |                              — |                              — |                              — |                              — |                              — |                              —
  BouncingBall free-run (stop=10.0s)            |                         29.923 |                         26.668 |                         22.498 |                              — |                              — |                              — |                              — |                              — |                              —
  BouncingBall free-run (stop=20.0s)            |                         30.056 |                         22.963 |                         24.249 |                              — |                              — |                              — |                              — |                              — |                              —
  BouncingBall free-run (stop=5.0s)             |                         19.770 |                         14.753 |                         17.166 |                              — |                              — |                              — |                              — |                              — |                              —
  FMU BouncingBall (stop=1.0s)                  |                              — |                              — |                              — |                         11.406 |                              — |                         10.093 |                          9.365 |                              — |                              —
  FMU BouncingBall (stop=10.0s)                 |                              — |                              — |                              — |                         19.448 |                              — |                         19.836 |                         18.142 |                              — |                              —
  FMU BouncingBall (stop=20.0s)                 |                              — |                              — |                              — |                         14.093 |                              — |                         17.692 |                         16.552 |                              — |                              —
  FMU BouncingBall (stop=5.0s)                  |                              — |                              — |                              — |                         14.795 |                              — |                         12.808 |                         13.513 |                              — |                              —
  MATLAB package init+terminate                 |                              — |                              — |                              — |                              — |                        801.655 |                              — |                              — |                       1116.446 |                        808.661
  Model description load                        |                          6.932 |                          3.062 |                          1.956 |                              — |                              — |                              — |                              — |                              — |                              —
  Rapid-fire streaming simulation               |                         15.517 |                         11.309 |                          7.582 |                              — |                              — |                              — |                              — |                              — |                              —
  Simulink instant eval (start==stop)           |                         19.467 |                         12.428 |                          7.676 |                              — |                              — |                              — |                              — |                              — |                              —
  Simulink time-series (10 points)              |                         14.205 |                         10.926 |                         10.572 |                              — |                              — |                              — |                              — |                              — |                              —
  Simulink time-series (100 points)             |                         15.716 |                         10.559 |                          7.792 |                              — |                              — |                              — |                              — |                              — |                              —
  Simulink time-series (1000 points)            |                         22.941 |                          7.911 |                          9.652 |                              — |                              — |                              — |                              — |                              — |                              —
  --------------------------------------------- | ------------------------------ | ------------------------------ | ------------------------------ | ------------------------------ | ------------------------------ | ------------------------------ | ------------------------------ | ------------------------------ | ------------------------------
  TOTAL (sum)                                   |                        189.631 |                        129.669 |                        120.617 |                         59.742 |                        801.655 |                         60.428 |                         57.571 |                       1116.446 |                        808.661
  AVERAGE                                       |                         18.963 |                         12.967 |                         12.062 |                         14.935 |                        801.655 |                         15.107 |                         14.393 |                       1116.446 |                        808.661
  BEST (min)                                    |                          6.932 |                          3.062 |                          1.956 |                         11.406 |                        801.655 |                         10.093 |                          9.365 |                       1116.446 |                        808.661
  WORST (max)                                   |                         30.056 |                         26.668 |                         24.249 |                         19.448 |                        801.655 |                         19.836 |                         18.142 |                       1116.446 |                        808.661

  Total results collected: 45  (15 scenarios x 9 configs)


===========================================================================================================================================================================================================================================================================================================================================================
  CPU / Sim-Type Comparison
===========================================================================================================================================================================================================================================================================================================================================================

  Mean Latency (ms)
  Benchmark                                     |                       cpu-1000 |                       cpu-4000 |                       cpu-2000 |                matlab-cpu-2000 | matlab-cpu-2000 (matlab_wheel) |                matlab-cpu-4000 |                matlab-cpu-1000 | matlab-cpu-4000 (matlab_wheel) | matlab-cpu-1000 (matlab_wheel)
  --------------------------------------------- | ------------------------------ | ------------------------------ | ------------------------------ | ------------------------------ | ------------------------------ | ------------------------------ | ------------------------------ | ------------------------------ | ------------------------------
  BouncingBall free-run (stop=1.0s)             |                         11.545 |                          7.783 |                          8.990 |                              — |                              — |                              — |                              — |                              — |                              —
  BouncingBall free-run (stop=10.0s)            |                         24.480 |                         20.540 |                         16.286 |                              — |                              — |                              — |                              — |                              — |                              —
  BouncingBall free-run (stop=20.0s)            |                         24.101 |                         17.187 |                         17.060 |                              — |                              — |                              — |                              — |                              — |                              —
  BouncingBall free-run (stop=5.0s)             |                         16.459 |                         11.735 |                         12.413 |                              — |                              — |                              — |                              — |                              — |                              —
  FMU BouncingBall (stop=1.0s)                  |                              — |                              — |                              — |                          8.043 |                              — |                          7.465 |                          7.159 |                              — |                              —
  FMU BouncingBall (stop=10.0s)                 |                              — |                              — |                              — |                         13.496 |                              — |                         14.874 |                         13.435 |                              — |                              —
  FMU BouncingBall (stop=20.0s)                 |                              — |                              — |                              — |                         12.502 |                              — |                         15.342 |                         12.497 |                              — |                              —
  FMU BouncingBall (stop=5.0s)                  |                              — |                              — |                              — |                         11.249 |                              — |                          9.615 |                          9.983 |                              — |                              —
  MATLAB package init+terminate                 |                              — |                              — |                              — |                              — |                        720.059 |                              — |                              — |                        868.825 |                        700.832
  Model description load                        |                          3.186 |                          2.109 |                          1.734 |                              — |                              — |                              — |                              — |                              — |                              —
  Rapid-fire streaming simulation               |                         11.356 |                          8.675 |                          6.582 |                              — |                              — |                              — |                              — |                              — |                              —
  Simulink instant eval (start==stop)           |                         10.367 |                          7.829 |                          6.758 |                              — |                              — |                              — |                              — |                              — |                              —
  Simulink time-series (10 points)              |                         10.612 |                          8.262 |                          7.989 |                              — |                              — |                              — |                              — |                              — |                              —
  Simulink time-series (100 points)             |                         11.423 |                          7.816 |                          6.905 |                              — |                              — |                              — |                              — |                              — |                              —
  Simulink time-series (1000 points)            |                         13.441 |                          6.688 |                          6.884 |                              — |                              — |                              — |                              — |                              — |                              —
  --------------------------------------------- | ------------------------------ | ------------------------------ | ------------------------------ | ------------------------------ | ------------------------------ | ------------------------------ | ------------------------------ | ------------------------------ | ------------------------------
  TOTAL (sum)                                   |                        136.970 |                         98.625 |                         91.600 |                         45.290 |                        720.059 |                         47.296 |                         43.074 |                        868.825 |                        700.832
  AVERAGE                                       |                         13.697 |                          9.863 |                          9.160 |                         11.322 |                        720.059 |                         11.824 |                         10.768 |                        868.825 |                        700.832
  BEST (min)                                    |                          3.186 |                          2.109 |                          1.734 |                          8.043 |                        720.059 |                          7.465 |                          7.159 |                        868.825 |                        700.832
  WORST (max)                                   |                         24.480 |                         20.540 |                         17.060 |                         13.496 |                        720.059 |                         15.342 |                         13.435 |                        868.825 |                        700.832

  Throughput (ops/s)
  Benchmark                                     |                       cpu-1000 |                       cpu-4000 |                       cpu-2000 |                matlab-cpu-2000 | matlab-cpu-2000 (matlab_wheel) |                matlab-cpu-4000 |                matlab-cpu-1000 | matlab-cpu-4000 (matlab_wheel) | matlab-cpu-1000 (matlab_wheel)
  --------------------------------------------- | ------------------------------ | ------------------------------ | ------------------------------ | ------------------------------ | ------------------------------ | ------------------------------ | ------------------------------ | ------------------------------ | ------------------------------
  BouncingBall free-run (stop=1.0s)             |                           86.6 |                          128.5 |                          111.2 |                              — |                              — |                              — |                              — |                              — |                              —
  BouncingBall free-run (stop=10.0s)            |                           40.9 |                           48.7 |                           61.4 |                              — |                              — |                              — |                              — |                              — |                              —
  BouncingBall free-run (stop=20.0s)            |                           41.5 |                           58.2 |                           58.6 |                              — |                              — |                              — |                              — |                              — |                              —
  BouncingBall free-run (stop=5.0s)             |                           60.8 |                           85.2 |                           80.6 |                              — |                              — |                              — |                              — |                              — |                              —
  FMU BouncingBall (stop=1.0s)                  |                              — |                              — |                              — |                          124.3 |                              — |                          134.0 |                          139.7 |                              — |                              —
  FMU BouncingBall (stop=10.0s)                 |                              — |                              — |                              — |                           74.1 |                              — |                           67.2 |                           74.4 |                              — |                              —
  FMU BouncingBall (stop=20.0s)                 |                              — |                              — |                              — |                           80.0 |                              — |                           65.2 |                           80.0 |                              — |                              —
  FMU BouncingBall (stop=5.0s)                  |                              — |                              — |                              — |                           88.9 |                              — |                          104.0 |                          100.2 |                              — |                              —
  MATLAB package init+terminate                 |                              — |                              — |                              — |                              — |                            1.4 |                              — |                              — |                            1.2 |                            1.4
  Model description load                        |                          313.9 |                          474.1 |                          576.8 |                              — |                              — |                              — |                              — |                              — |                              —
  Rapid-fire streaming simulation               |                           88.1 |                          115.3 |                          151.9 |                              — |                              — |                              — |                              — |                              — |                              —
  Simulink instant eval (start==stop)           |                           96.5 |                          127.7 |                          148.0 |                              — |                              — |                              — |                              — |                              — |                              —
  Simulink time-series (10 points)              |                           94.2 |                          121.0 |                          125.2 |                              — |                              — |                              — |                              — |                              — |                              —
  Simulink time-series (100 points)             |                           87.5 |                          127.9 |                          144.8 |                              — |                              — |                              — |                              — |                              — |                              —
  Simulink time-series (1000 points)            |                           74.4 |                          149.5 |                          145.3 |                              — |                              — |                              — |                              — |                              — |                              —
  --------------------------------------------- | ------------------------------ | ------------------------------ | ------------------------------ | ------------------------------ | ------------------------------ | ------------------------------ | ------------------------------ | ------------------------------ | ------------------------------
  TOTAL (sum)                                   |                          984.3 |                         1436.2 |                         1603.7 |                          367.3 |                            1.4 |                          370.4 |                          394.3 |                            1.2 |                            1.4
  AVERAGE                                       |                           98.4 |                          143.6 |                          160.4 |                           91.8 |                            1.4 |                           92.6 |                           98.6 |                            1.2 |                            1.4
  BEST (min)                                    |                           40.9 |                           48.7 |                           58.6 |                           74.1 |                            1.4 |                           65.2 |                           74.4 |                            1.2 |                            1.4
  WORST (max)                                   |                          313.9 |                          474.1 |                          576.8 |                          124.3 |                            1.4 |                          134.0 |                          139.7 |                            1.2 |                            1.4

  P95 Latency (ms)
  Benchmark                                     |                       cpu-1000 |                       cpu-4000 |                       cpu-2000 |                matlab-cpu-2000 | matlab-cpu-2000 (matlab_wheel) |                matlab-cpu-4000 |                matlab-cpu-1000 | matlab-cpu-4000 (matlab_wheel) | matlab-cpu-1000 (matlab_wheel)
  --------------------------------------------- | ------------------------------ | ------------------------------ | ------------------------------ | ------------------------------ | ------------------------------ | ------------------------------ | ------------------------------ | ------------------------------ | ------------------------------
  BouncingBall free-run (stop=1.0s)             |                         15.104 |                          9.090 |                         11.475 |                              — |                              — |                              — |                              — |                              — |                              —
  BouncingBall free-run (stop=10.0s)            |                         29.923 |                         26.668 |                         22.498 |                              — |                              — |                              — |                              — |                              — |                              —
  BouncingBall free-run (stop=20.0s)            |                         30.056 |                         22.963 |                         24.249 |                              — |                              — |                              — |                              — |                              — |                              —
  BouncingBall free-run (stop=5.0s)             |                         19.770 |                         14.753 |                         17.166 |                              — |                              — |                              — |                              — |                              — |                              —
  FMU BouncingBall (stop=1.0s)                  |                              — |                              — |                              — |                         11.406 |                              — |                         10.093 |                          9.365 |                              — |                              —
  FMU BouncingBall (stop=10.0s)                 |                              — |                              — |                              — |                         19.448 |                              — |                         19.836 |                         18.142 |                              — |                              —
  FMU BouncingBall (stop=20.0s)                 |                              — |                              — |                              — |                         14.093 |                              — |                         19.896 |                         16.552 |                              — |                              —
  FMU BouncingBall (stop=5.0s)                  |                              — |                              — |                              — |                         14.795 |                              — |                         12.808 |                         13.513 |                              — |                              —
  MATLAB package init+terminate                 |                              — |                              — |                              — |                              — |                        801.655 |                              — |                              — |                       1116.446 |                        808.661
  Model description load                        |                          6.932 |                          3.062 |                          1.956 |                              — |                              — |                              — |                              — |                              — |                              —
  Rapid-fire streaming simulation               |                         15.517 |                         11.309 |                          7.582 |                              — |                              — |                              — |                              — |                              — |                              —
  Simulink instant eval (start==stop)           |                         19.467 |                         12.428 |                          7.676 |                              — |                              — |                              — |                              — |                              — |                              —
  Simulink time-series (10 points)              |                         14.205 |                         10.926 |                         10.572 |                              — |                              — |                              — |                              — |                              — |                              —
  Simulink time-series (100 points)             |                         15.716 |                         10.559 |                          7.792 |                              — |                              — |                              — |                              — |                              — |                              —
  Simulink time-series (1000 points)            |                         22.941 |                          7.911 |                          9.652 |                              — |                              — |                              — |                              — |                              — |                              —
  --------------------------------------------- | ------------------------------ | ------------------------------ | ------------------------------ | ------------------------------ | ------------------------------ | ------------------------------ | ------------------------------ | ------------------------------ | ------------------------------
  TOTAL (sum)                                   |                        189.631 |                        129.669 |                        120.617 |                         59.742 |                        801.655 |                         62.632 |                         57.571 |                       1116.446 |                        808.661
  AVERAGE                                       |                         18.963 |                         12.967 |                         12.062 |                         14.935 |                        801.655 |                         15.658 |                         14.393 |                       1116.446 |                        808.661
  BEST (min)                                    |                          6.932 |                          3.062 |                          1.956 |                         11.406 |                        801.655 |                         10.093 |                          9.365 |                       1116.446 |                        808.661
  WORST (max)                                   |                         30.056 |                         26.668 |                         24.249 |                         19.448 |                        801.655 |                         19.896 |                         18.142 |                       1116.446 |                        808.661

  Total results collected: 45  (15 scenarios x 9 configs)


===========================================================================================================================================================================================================================================================================================================================================================
  CPU / Sim-Type Comparison
===========================================================================================================================================================================================================================================================================================================================================================

  Mean Latency (ms)
  Benchmark                                     |                       cpu-1000 |                       cpu-4000 |                       cpu-2000 |                matlab-cpu-2000 | matlab-cpu-2000 (matlab_wheel) |                matlab-cpu-4000 |                matlab-cpu-1000 | matlab-cpu-4000 (matlab_wheel) | matlab-cpu-1000 (matlab_wheel)
  --------------------------------------------- | ------------------------------ | ------------------------------ | ------------------------------ | ------------------------------ | ------------------------------ | ------------------------------ | ------------------------------ | ------------------------------ | ------------------------------
  BouncingBall free-run (stop=1.0s)             |                         11.545 |                          7.783 |                          8.990 |                              — |                              — |                              — |                              — |                              — |                              —
  BouncingBall free-run (stop=10.0s)            |                         24.480 |                         20.540 |                         16.286 |                              — |                              — |                              — |                              — |                              — |                              —
  BouncingBall free-run (stop=20.0s)            |                         24.101 |                         17.187 |                         17.060 |                              — |                              — |                              — |                              — |                              — |                              —
  BouncingBall free-run (stop=5.0s)             |                         16.459 |                         11.735 |                         12.413 |                              — |                              — |                              — |                              — |                              — |                              —
  FMU BouncingBall (stop=1.0s)                  |                              — |                              — |                              — |                          8.043 |                              — |                          7.465 |                          7.159 |                              — |                              —
  FMU BouncingBall (stop=10.0s)                 |                              — |                              — |                              — |                         13.496 |                              — |                         14.874 |                         13.435 |                              — |                              —
  FMU BouncingBall (stop=20.0s)                 |                              — |                              — |                              — |                         12.502 |                              — |                         15.342 |                         12.497 |                              — |                              —
  FMU BouncingBall (stop=5.0s)                  |                              — |                              — |                              — |                         11.249 |                              — |                          9.615 |                          9.983 |                              — |                              —
  MATLAB package init+terminate                 |                              — |                              — |                              — |                              — |                        720.059 |                              — |                              — |                        709.757 |                        700.832
  Model description load                        |                          3.186 |                          2.109 |                          1.734 |                              — |                              — |                              — |                              — |                              — |                              —
  Rapid-fire streaming simulation               |                         11.356 |                          8.675 |                          6.582 |                              — |                              — |                              — |                              — |                              — |                              —
  Simulink instant eval (start==stop)           |                         10.367 |                          7.829 |                          6.758 |                              — |                              — |                              — |                              — |                              — |                              —
  Simulink time-series (10 points)              |                         10.612 |                          8.262 |                          7.989 |                              — |                              — |                              — |                              — |                              — |                              —
  Simulink time-series (100 points)             |                         11.423 |                          7.816 |                          6.905 |                              — |                              — |                              — |                              — |                              — |                              —
  Simulink time-series (1000 points)            |                         13.441 |                          6.688 |                          6.884 |                              — |                              — |                              — |                              — |                              — |                              —
  --------------------------------------------- | ------------------------------ | ------------------------------ | ------------------------------ | ------------------------------ | ------------------------------ | ------------------------------ | ------------------------------ | ------------------------------ | ------------------------------
  TOTAL (sum)                                   |                        136.970 |                         98.625 |                         91.600 |                         45.290 |                        720.059 |                         47.296 |                         43.074 |                        709.757 |                        700.832
  AVERAGE                                       |                         13.697 |                          9.863 |                          9.160 |                         11.322 |                        720.059 |                         11.824 |                         10.768 |                        709.757 |                        700.832
  BEST (min)                                    |                          3.186 |                          2.109 |                          1.734 |                          8.043 |                        720.059 |                          7.465 |                          7.159 |                        709.757 |                        700.832
  WORST (max)                                   |                         24.480 |                         20.540 |                         17.060 |                         13.496 |                        720.059 |                         15.342 |                         13.435 |                        709.757 |                        700.832

  Throughput (ops/s)
  Benchmark                                     |                       cpu-1000 |                       cpu-4000 |                       cpu-2000 |                matlab-cpu-2000 | matlab-cpu-2000 (matlab_wheel) |                matlab-cpu-4000 |                matlab-cpu-1000 | matlab-cpu-4000 (matlab_wheel) | matlab-cpu-1000 (matlab_wheel)
  --------------------------------------------- | ------------------------------ | ------------------------------ | ------------------------------ | ------------------------------ | ------------------------------ | ------------------------------ | ------------------------------ | ------------------------------ | ------------------------------
  BouncingBall free-run (stop=1.0s)             |                           86.6 |                          128.5 |                          111.2 |                              — |                              — |                              — |                              — |                              — |                              —
  BouncingBall free-run (stop=10.0s)            |                           40.9 |                           48.7 |                           61.4 |                              — |                              — |                              — |                              — |                              — |                              —
  BouncingBall free-run (stop=20.0s)            |                           41.5 |                           58.2 |                           58.6 |                              — |                              — |                              — |                              — |                              — |                              —
  BouncingBall free-run (stop=5.0s)             |                           60.8 |                           85.2 |                           80.6 |                              — |                              — |                              — |                              — |                              — |                              —
  FMU BouncingBall (stop=1.0s)                  |                              — |                              — |                              — |                          124.3 |                              — |                          134.0 |                          139.7 |                              — |                              —
  FMU BouncingBall (stop=10.0s)                 |                              — |                              — |                              — |                           74.1 |                              — |                           67.2 |                           74.4 |                              — |                              —
  FMU BouncingBall (stop=20.0s)                 |                              — |                              — |                              — |                           80.0 |                              — |                           65.2 |                           80.0 |                              — |                              —
  FMU BouncingBall (stop=5.0s)                  |                              — |                              — |                              — |                           88.9 |                              — |                          104.0 |                          100.2 |                              — |                              —
  MATLAB package init+terminate                 |                              — |                              — |                              — |                              — |                            1.4 |                              — |                              — |                            1.4 |                            1.4
  Model description load                        |                          313.9 |                          474.1 |                          576.8 |                              — |                              — |                              — |                              — |                              — |                              —
  Rapid-fire streaming simulation               |                           88.1 |                          115.3 |                          151.9 |                              — |                              — |                              — |                              — |                              — |                              —
  Simulink instant eval (start==stop)           |                           96.5 |                          127.7 |                          148.0 |                              — |                              — |                              — |                              — |                              — |                              —
  Simulink time-series (10 points)              |                           94.2 |                          121.0 |                          125.2 |                              — |                              — |                              — |                              — |                              — |                              —
  Simulink time-series (100 points)             |                           87.5 |                          127.9 |                          144.8 |                              — |                              — |                              — |                              — |                              — |                              —
  Simulink time-series (1000 points)            |                           74.4 |                          149.5 |                          145.3 |                              — |                              — |                              — |                              — |                              — |                              —
  --------------------------------------------- | ------------------------------ | ------------------------------ | ------------------------------ | ------------------------------ | ------------------------------ | ------------------------------ | ------------------------------ | ------------------------------ | ------------------------------
  TOTAL (sum)                                   |                          984.3 |                         1436.2 |                         1603.7 |                          367.3 |                            1.4 |                          370.4 |                          394.3 |                            1.4 |                            1.4
  AVERAGE                                       |                           98.4 |                          143.6 |                          160.4 |                           91.8 |                            1.4 |                           92.6 |                           98.6 |                            1.4 |                            1.4
  BEST (min)                                    |                           40.9 |                           48.7 |                           58.6 |                           74.1 |                            1.4 |                           65.2 |                           74.4 |                            1.4 |                            1.4
  WORST (max)                                   |                          313.9 |                          474.1 |                          576.8 |                          124.3 |                            1.4 |                          134.0 |                          139.7 |                            1.4 |                            1.4

  P95 Latency (ms)
  Benchmark                                     |                       cpu-1000 |                       cpu-4000 |                       cpu-2000 |                matlab-cpu-2000 | matlab-cpu-2000 (matlab_wheel) |                matlab-cpu-4000 |                matlab-cpu-1000 | matlab-cpu-4000 (matlab_wheel) | matlab-cpu-1000 (matlab_wheel)
  --------------------------------------------- | ------------------------------ | ------------------------------ | ------------------------------ | ------------------------------ | ------------------------------ | ------------------------------ | ------------------------------ | ------------------------------ | ------------------------------
  BouncingBall free-run (stop=1.0s)             |                         15.104 |                          9.090 |                         11.475 |                              — |                              — |                              — |                              — |                              — |                              —
  BouncingBall free-run (stop=10.0s)            |                         29.923 |                         26.668 |                         22.498 |                              — |                              — |                              — |                              — |                              — |                              —
  BouncingBall free-run (stop=20.0s)            |                         30.056 |                         22.963 |                         24.249 |                              — |                              — |                              — |                              — |                              — |                              —
  BouncingBall free-run (stop=5.0s)             |                         19.770 |                         14.753 |                         17.166 |                              — |                              — |                              — |                              — |                              — |                              —
  FMU BouncingBall (stop=1.0s)                  |                              — |                              — |                              — |                         11.406 |                              — |                         10.093 |                          9.365 |                              — |                              —
  FMU BouncingBall (stop=10.0s)                 |                              — |                              — |                              — |                         19.448 |                              — |                         19.836 |                         18.142 |                              — |                              —
  FMU BouncingBall (stop=20.0s)                 |                              — |                              — |                              — |                         14.093 |                              — |                         19.896 |                         16.552 |                              — |                              —
  FMU BouncingBall (stop=5.0s)                  |                              — |                              — |                              — |                         14.795 |                              — |                         12.808 |                         13.513 |                              — |                              —
  MATLAB package init+terminate                 |                              — |                              — |                              — |                              — |                        801.655 |                              — |                              — |                        839.820 |                        808.661
  Model description load                        |                          6.932 |                          3.062 |                          1.956 |                              — |                              — |                              — |                              — |                              — |                              —
  Rapid-fire streaming simulation               |                         15.517 |                         11.309 |                          7.582 |                              — |                              — |                              — |                              — |                              — |                              —
  Simulink instant eval (start==stop)           |                         19.467 |                         12.428 |                          7.676 |                              — |                              — |                              — |                              — |                              — |                              —
  Simulink time-series (10 points)              |                         14.205 |                         10.926 |                         10.572 |                              — |                              — |                              — |                              — |                              — |                              —
  Simulink time-series (100 points)             |                         15.716 |                         10.559 |                          7.792 |                              — |                              — |                              — |                              — |                              — |                              —
  Simulink time-series (1000 points)            |                         22.941 |                          7.911 |                          9.652 |                              — |                              — |                              — |                              — |                              — |                              —
  --------------------------------------------- | ------------------------------ | ------------------------------ | ------------------------------ | ------------------------------ | ------------------------------ | ------------------------------ | ------------------------------ | ------------------------------ | ------------------------------
  TOTAL (sum)                                   |                        189.631 |                        129.669 |                        120.617 |                         59.742 |                        801.655 |                         62.632 |                         57.571 |                        839.820 |                        808.661
  AVERAGE                                       |                         18.963 |                         12.967 |                         12.062 |                         14.935 |                        801.655 |                         15.658 |                         14.393 |                        839.820 |                        808.661
  BEST (min)                                    |                          6.932 |                          3.062 |                          1.956 |                         11.406 |                        801.655 |                         10.093 |                          9.365 |                        839.820 |                        808.661
  WORST (max)                                   |                         30.056 |                         26.668 |                         24.249 |                         19.448 |                        801.655 |                         19.896 |                         18.142 |                        839.820 |                        808.661

  Total results collected: 45  (15 scenarios x 9 configs)


===========================================================================================================================================================================================================================================================================================================================================================
  CPU / Sim-Type Comparison
===========================================================================================================================================================================================================================================================================================================================================================

  Mean Latency (ms)
  Benchmark                                     |                       cpu-1000 |                       cpu-4000 |                       cpu-2000 |                matlab-cpu-2000 | matlab-cpu-2000 (matlab_wheel) |                matlab-cpu-4000 |                matlab-cpu-1000 | matlab-cpu-4000 (matlab_wheel) | matlab-cpu-1000 (matlab_wheel)
  --------------------------------------------- | ------------------------------ | ------------------------------ | ------------------------------ | ------------------------------ | ------------------------------ | ------------------------------ | ------------------------------ | ------------------------------ | ------------------------------
  BouncingBall free-run (stop=1.0s)             |                         11.545 |                          7.783 |                          8.990 |                              — |                              — |                              — |                              — |                              — |                              —
  BouncingBall free-run (stop=10.0s)            |                         24.480 |                         20.540 |                         16.286 |                              — |                              — |                              — |                              — |                              — |                              —
  BouncingBall free-run (stop=20.0s)            |                         24.101 |                         17.187 |                         17.060 |                              — |                              — |                              — |                              — |                              — |                              —
  BouncingBall free-run (stop=5.0s)             |                         16.459 |                         11.735 |                         12.413 |                              — |                              — |                              — |                              — |                              — |                              —
  FMU BouncingBall (stop=1.0s)                  |                              — |                              — |                              — |                          8.043 |                              — |                          7.465 |                          7.061 |                              — |                              —
  FMU BouncingBall (stop=10.0s)                 |                              — |                              — |                              — |                         13.496 |                              — |                         14.874 |                         13.435 |                              — |                              —
  FMU BouncingBall (stop=20.0s)                 |                              — |                              — |                              — |                         12.502 |                              — |                         15.342 |                         12.497 |                              — |                              —
  FMU BouncingBall (stop=5.0s)                  |                              — |                              — |                              — |                         11.249 |                              — |                          9.615 |                          9.983 |                              — |                              —
  MATLAB package init+terminate                 |                              — |                              — |                              — |                              — |                        720.059 |                              — |                              — |                        709.757 |                        700.832
  Model description load                        |                          3.186 |                          2.109 |                          1.734 |                              — |                              — |                              — |                              — |                              — |                              —
  Rapid-fire streaming simulation               |                         11.356 |                          8.675 |                          6.582 |                              — |                              — |                              — |                              — |                              — |                              —
  Simulink instant eval (start==stop)           |                         10.367 |                          7.829 |                          6.758 |                              — |                              — |                              — |                              — |                              — |                              —
  Simulink time-series (10 points)              |                         10.612 |                          8.262 |                          7.989 |                              — |                              — |                              — |                              — |                              — |                              —
  Simulink time-series (100 points)             |                         11.423 |                          7.816 |                          6.905 |                              — |                              — |                              — |                              — |                              — |                              —
  Simulink time-series (1000 points)            |                         13.441 |                          6.688 |                          6.884 |                              — |                              — |                              — |                              — |                              — |                              —
  --------------------------------------------- | ------------------------------ | ------------------------------ | ------------------------------ | ------------------------------ | ------------------------------ | ------------------------------ | ------------------------------ | ------------------------------ | ------------------------------
  TOTAL (sum)                                   |                        136.970 |                         98.625 |                         91.600 |                         45.290 |                        720.059 |                         47.296 |                         42.976 |                        709.757 |                        700.832
  AVERAGE                                       |                         13.697 |                          9.863 |                          9.160 |                         11.322 |                        720.059 |                         11.824 |                         10.744 |                        709.757 |                        700.832
  BEST (min)                                    |                          3.186 |                          2.109 |                          1.734 |                          8.043 |                        720.059 |                          7.465 |                          7.061 |                        709.757 |                        700.832
  WORST (max)                                   |                         24.480 |                         20.540 |                         17.060 |                         13.496 |                        720.059 |                         15.342 |                         13.435 |                        709.757 |                        700.832

  Throughput (ops/s)
  Benchmark                                     |                       cpu-1000 |                       cpu-4000 |                       cpu-2000 |                matlab-cpu-2000 | matlab-cpu-2000 (matlab_wheel) |                matlab-cpu-4000 |                matlab-cpu-1000 | matlab-cpu-4000 (matlab_wheel) | matlab-cpu-1000 (matlab_wheel)
  --------------------------------------------- | ------------------------------ | ------------------------------ | ------------------------------ | ------------------------------ | ------------------------------ | ------------------------------ | ------------------------------ | ------------------------------ | ------------------------------
  BouncingBall free-run (stop=1.0s)             |                           86.6 |                          128.5 |                          111.2 |                              — |                              — |                              — |                              — |                              — |                              —
  BouncingBall free-run (stop=10.0s)            |                           40.9 |                           48.7 |                           61.4 |                              — |                              — |                              — |                              — |                              — |                              —
  BouncingBall free-run (stop=20.0s)            |                           41.5 |                           58.2 |                           58.6 |                              — |                              — |                              — |                              — |                              — |                              —
  BouncingBall free-run (stop=5.0s)             |                           60.8 |                           85.2 |                           80.6 |                              — |                              — |                              — |                              — |                              — |                              —
  FMU BouncingBall (stop=1.0s)                  |                              — |                              — |                              — |                          124.3 |                              — |                          134.0 |                          141.6 |                              — |                              —
  FMU BouncingBall (stop=10.0s)                 |                              — |                              — |                              — |                           74.1 |                              — |                           67.2 |                           74.4 |                              — |                              —
  FMU BouncingBall (stop=20.0s)                 |                              — |                              — |                              — |                           80.0 |                              — |                           65.2 |                           80.0 |                              — |                              —
  FMU BouncingBall (stop=5.0s)                  |                              — |                              — |                              — |                           88.9 |                              — |                          104.0 |                          100.2 |                              — |                              —
  MATLAB package init+terminate                 |                              — |                              — |                              — |                              — |                            1.4 |                              — |                              — |                            1.4 |                            1.4
  Model description load                        |                          313.9 |                          474.1 |                          576.8 |                              — |                              — |                              — |                              — |                              — |                              —
  Rapid-fire streaming simulation               |                           88.1 |                          115.3 |                          151.9 |                              — |                              — |                              — |                              — |                              — |                              —
  Simulink instant eval (start==stop)           |                           96.5 |                          127.7 |                          148.0 |                              — |                              — |                              — |                              — |                              — |                              —
  Simulink time-series (10 points)              |                           94.2 |                          121.0 |                          125.2 |                              — |                              — |                              — |                              — |                              — |                              —
  Simulink time-series (100 points)             |                           87.5 |                          127.9 |                          144.8 |                              — |                              — |                              — |                              — |                              — |                              —
  Simulink time-series (1000 points)            |                           74.4 |                          149.5 |                          145.3 |                              — |                              — |                              — |                              — |                              — |                              —
  --------------------------------------------- | ------------------------------ | ------------------------------ | ------------------------------ | ------------------------------ | ------------------------------ | ------------------------------ | ------------------------------ | ------------------------------ | ------------------------------
  TOTAL (sum)                                   |                          984.3 |                         1436.2 |                         1603.7 |                          367.3 |                            1.4 |                          370.4 |                          396.2 |                            1.4 |                            1.4
  AVERAGE                                       |                           98.4 |                          143.6 |                          160.4 |                           91.8 |                            1.4 |                           92.6 |                           99.1 |                            1.4 |                            1.4
  BEST (min)                                    |                           40.9 |                           48.7 |                           58.6 |                           74.1 |                            1.4 |                           65.2 |                           74.4 |                            1.4 |                            1.4
  WORST (max)                                   |                          313.9 |                          474.1 |                          576.8 |                          124.3 |                            1.4 |                          134.0 |                          141.6 |                            1.4 |                            1.4

  P95 Latency (ms)
  Benchmark                                     |                       cpu-1000 |                       cpu-4000 |                       cpu-2000 |                matlab-cpu-2000 | matlab-cpu-2000 (matlab_wheel) |                matlab-cpu-4000 |                matlab-cpu-1000 | matlab-cpu-4000 (matlab_wheel) | matlab-cpu-1000 (matlab_wheel)
  --------------------------------------------- | ------------------------------ | ------------------------------ | ------------------------------ | ------------------------------ | ------------------------------ | ------------------------------ | ------------------------------ | ------------------------------ | ------------------------------
  BouncingBall free-run (stop=1.0s)             |                         15.104 |                          9.090 |                         11.475 |                              — |                              — |                              — |                              — |                              — |                              —
  BouncingBall free-run (stop=10.0s)            |                         29.923 |                         26.668 |                         22.498 |                              — |                              — |                              — |                              — |                              — |                              —
  BouncingBall free-run (stop=20.0s)            |                         30.056 |                         22.963 |                         24.249 |                              — |                              — |                              — |                              — |                              — |                              —
  BouncingBall free-run (stop=5.0s)             |                         19.770 |                         14.753 |                         17.166 |                              — |                              — |                              — |                              — |                              — |                              —
  FMU BouncingBall (stop=1.0s)                  |                              — |                              — |                              — |                         11.406 |                              — |                         10.093 |                          8.575 |                              — |                              —
  FMU BouncingBall (stop=10.0s)                 |                              — |                              — |                              — |                         19.448 |                              — |                         19.836 |                         18.142 |                              — |                              —
  FMU BouncingBall (stop=20.0s)                 |                              — |                              — |                              — |                         14.093 |                              — |                         19.896 |                         16.552 |                              — |                              —
  FMU BouncingBall (stop=5.0s)                  |                              — |                              — |                              — |                         14.795 |                              — |                         12.808 |                         13.513 |                              — |                              —
  MATLAB package init+terminate                 |                              — |                              — |                              — |                              — |                        801.655 |                              — |                              — |                        839.820 |                        808.661
  Model description load                        |                          6.932 |                          3.062 |                          1.956 |                              — |                              — |                              — |                              — |                              — |                              —
  Rapid-fire streaming simulation               |                         15.517 |                         11.309 |                          7.582 |                              — |                              — |                              — |                              — |                              — |                              —
  Simulink instant eval (start==stop)           |                         19.467 |                         12.428 |                          7.676 |                              — |                              — |                              — |                              — |                              — |                              —
  Simulink time-series (10 points)              |                         14.205 |                         10.926 |                         10.572 |                              — |                              — |                              — |                              — |                              — |                              —
  Simulink time-series (100 points)             |                         15.716 |                         10.559 |                          7.792 |                              — |                              — |                              — |                              — |                              — |                              —
  Simulink time-series (1000 points)            |                         22.941 |                          7.911 |                          9.652 |                              — |                              — |                              — |                              — |                              — |                              —
  --------------------------------------------- | ------------------------------ | ------------------------------ | ------------------------------ | ------------------------------ | ------------------------------ | ------------------------------ | ------------------------------ | ------------------------------ | ------------------------------
  TOTAL (sum)                                   |                        189.631 |                        129.669 |                        120.617 |                         59.742 |                        801.655 |                         62.632 |                         56.781 |                        839.820 |                        808.661
  AVERAGE                                       |                         18.963 |                         12.967 |                         12.062 |                         14.935 |                        801.655 |                         15.658 |                         14.195 |                        839.820 |                        808.661
  BEST (min)                                    |                          6.932 |                          3.062 |                          1.956 |                         11.406 |                        801.655 |                         10.093 |                          8.575 |                        839.820 |                        808.661
  WORST (max)                                   |                         30.056 |                         26.668 |                         24.249 |                         19.448 |                        801.655 |                         19.896 |                         18.142 |                        839.820 |                        808.661

  Total results collected: 45  (15 scenarios x 9 configs)


===========================================================================================================================================================================================================================================================================================================================================================
  CPU / Sim-Type Comparison
===========================================================================================================================================================================================================================================================================================================================================================

  Mean Latency (ms)
  Benchmark                                     |                       cpu-1000 |                       cpu-4000 |                       cpu-2000 |                matlab-cpu-2000 | matlab-cpu-2000 (matlab_wheel) |                matlab-cpu-4000 |                matlab-cpu-1000 | matlab-cpu-4000 (matlab_wheel) | matlab-cpu-1000 (matlab_wheel)
  --------------------------------------------- | ------------------------------ | ------------------------------ | ------------------------------ | ------------------------------ | ------------------------------ | ------------------------------ | ------------------------------ | ------------------------------ | ------------------------------
  BouncingBall free-run (stop=1.0s)             |                         11.545 |                          7.783 |                          8.990 |                              — |                              — |                              — |                              — |                              — |                              —
  BouncingBall free-run (stop=10.0s)            |                         24.480 |                         20.540 |                         16.286 |                              — |                              — |                              — |                              — |                              — |                              —
  BouncingBall free-run (stop=20.0s)            |                         24.101 |                         17.187 |                         17.060 |                              — |                              — |                              — |                              — |                              — |                              —
  BouncingBall free-run (stop=5.0s)             |                         16.459 |                         11.735 |                         12.413 |                              — |                              — |                              — |                              — |                              — |                              —
  FMU BouncingBall (stop=1.0s)                  |                              — |                              — |                              — |                          8.043 |                              — |                          7.465 |                          7.061 |                              — |                              —
  FMU BouncingBall (stop=10.0s)                 |                              — |                              — |                              — |                         13.496 |                              — |                         14.874 |                         13.435 |                              — |                              —
  FMU BouncingBall (stop=20.0s)                 |                              — |                              — |                              — |                         12.502 |                              — |                         15.342 |                         12.497 |                              — |                              —
  FMU BouncingBall (stop=5.0s)                  |                              — |                              — |                              — |                         11.249 |                              — |                          9.615 |                          9.643 |                              — |                              —
  MATLAB package init+terminate                 |                              — |                              — |                              — |                              — |                        720.059 |                              — |                              — |                        709.757 |                        700.832
  Model description load                        |                          3.186 |                          2.109 |                          1.734 |                              — |                              — |                              — |                              — |                              — |                              —
  Rapid-fire streaming simulation               |                         11.356 |                          8.675 |                          6.582 |                              — |                              — |                              — |                              — |                              — |                              —
  Simulink instant eval (start==stop)           |                         10.367 |                          7.829 |                          6.758 |                              — |                              — |                              — |                              — |                              — |                              —
  Simulink time-series (10 points)              |                         10.612 |                          8.262 |                          7.989 |                              — |                              — |                              — |                              — |                              — |                              —
  Simulink time-series (100 points)             |                         11.423 |                          7.816 |                          6.905 |                              — |                              — |                              — |                              — |                              — |                              —
  Simulink time-series (1000 points)            |                         13.441 |                          6.688 |                          6.884 |                              — |                              — |                              — |                              — |                              — |                              —
  --------------------------------------------- | ------------------------------ | ------------------------------ | ------------------------------ | ------------------------------ | ------------------------------ | ------------------------------ | ------------------------------ | ------------------------------ | ------------------------------
  TOTAL (sum)                                   |                        136.970 |                         98.625 |                         91.600 |                         45.290 |                        720.059 |                         47.296 |                         42.637 |                        709.757 |                        700.832
  AVERAGE                                       |                         13.697 |                          9.863 |                          9.160 |                         11.322 |                        720.059 |                         11.824 |                         10.659 |                        709.757 |                        700.832
  BEST (min)                                    |                          3.186 |                          2.109 |                          1.734 |                          8.043 |                        720.059 |                          7.465 |                          7.061 |                        709.757 |                        700.832
  WORST (max)                                   |                         24.480 |                         20.540 |                         17.060 |                         13.496 |                        720.059 |                         15.342 |                         13.435 |                        709.757 |                        700.832

  Throughput (ops/s)
  Benchmark                                     |                       cpu-1000 |                       cpu-4000 |                       cpu-2000 |                matlab-cpu-2000 | matlab-cpu-2000 (matlab_wheel) |                matlab-cpu-4000 |                matlab-cpu-1000 | matlab-cpu-4000 (matlab_wheel) | matlab-cpu-1000 (matlab_wheel)
  --------------------------------------------- | ------------------------------ | ------------------------------ | ------------------------------ | ------------------------------ | ------------------------------ | ------------------------------ | ------------------------------ | ------------------------------ | ------------------------------
  BouncingBall free-run (stop=1.0s)             |                           86.6 |                          128.5 |                          111.2 |                              — |                              — |                              — |                              — |                              — |                              —
  BouncingBall free-run (stop=10.0s)            |                           40.9 |                           48.7 |                           61.4 |                              — |                              — |                              — |                              — |                              — |                              —
  BouncingBall free-run (stop=20.0s)            |                           41.5 |                           58.2 |                           58.6 |                              — |                              — |                              — |                              — |                              — |                              —
  BouncingBall free-run (stop=5.0s)             |                           60.8 |                           85.2 |                           80.6 |                              — |                              — |                              — |                              — |                              — |                              —
  FMU BouncingBall (stop=1.0s)                  |                              — |                              — |                              — |                          124.3 |                              — |                          134.0 |                          141.6 |                              — |                              —
  FMU BouncingBall (stop=10.0s)                 |                              — |                              — |                              — |                           74.1 |                              — |                           67.2 |                           74.4 |                              — |                              —
  FMU BouncingBall (stop=20.0s)                 |                              — |                              — |                              — |                           80.0 |                              — |                           65.2 |                           80.0 |                              — |                              —
  FMU BouncingBall (stop=5.0s)                  |                              — |                              — |                              — |                           88.9 |                              — |                          104.0 |                          103.7 |                              — |                              —
  MATLAB package init+terminate                 |                              — |                              — |                              — |                              — |                            1.4 |                              — |                              — |                            1.4 |                            1.4
  Model description load                        |                          313.9 |                          474.1 |                          576.8 |                              — |                              — |                              — |                              — |                              — |                              —
  Rapid-fire streaming simulation               |                           88.1 |                          115.3 |                          151.9 |                              — |                              — |                              — |                              — |                              — |                              —
  Simulink instant eval (start==stop)           |                           96.5 |                          127.7 |                          148.0 |                              — |                              — |                              — |                              — |                              — |                              —
  Simulink time-series (10 points)              |                           94.2 |                          121.0 |                          125.2 |                              — |                              — |                              — |                              — |                              — |                              —
  Simulink time-series (100 points)             |                           87.5 |                          127.9 |                          144.8 |                              — |                              — |                              — |                              — |                              — |                              —
  Simulink time-series (1000 points)            |                           74.4 |                          149.5 |                          145.3 |                              — |                              — |                              — |                              — |                              — |                              —
  --------------------------------------------- | ------------------------------ | ------------------------------ | ------------------------------ | ------------------------------ | ------------------------------ | ------------------------------ | ------------------------------ | ------------------------------ | ------------------------------
  TOTAL (sum)                                   |                          984.3 |                         1436.2 |                         1603.7 |                          367.3 |                            1.4 |                          370.4 |                          399.8 |                            1.4 |                            1.4
  AVERAGE                                       |                           98.4 |                          143.6 |                          160.4 |                           91.8 |                            1.4 |                           92.6 |                           99.9 |                            1.4 |                            1.4
  BEST (min)                                    |                           40.9 |                           48.7 |                           58.6 |                           74.1 |                            1.4 |                           65.2 |                           74.4 |                            1.4 |                            1.4
  WORST (max)                                   |                          313.9 |                          474.1 |                          576.8 |                          124.3 |                            1.4 |                          134.0 |                          141.6 |                            1.4 |                            1.4

  P95 Latency (ms)
  Benchmark                                     |                       cpu-1000 |                       cpu-4000 |                       cpu-2000 |                matlab-cpu-2000 | matlab-cpu-2000 (matlab_wheel) |                matlab-cpu-4000 |                matlab-cpu-1000 | matlab-cpu-4000 (matlab_wheel) | matlab-cpu-1000 (matlab_wheel)
  --------------------------------------------- | ------------------------------ | ------------------------------ | ------------------------------ | ------------------------------ | ------------------------------ | ------------------------------ | ------------------------------ | ------------------------------ | ------------------------------
  BouncingBall free-run (stop=1.0s)             |                         15.104 |                          9.090 |                         11.475 |                              — |                              — |                              — |                              — |                              — |                              —
  BouncingBall free-run (stop=10.0s)            |                         29.923 |                         26.668 |                         22.498 |                              — |                              — |                              — |                              — |                              — |                              —
  BouncingBall free-run (stop=20.0s)            |                         30.056 |                         22.963 |                         24.249 |                              — |                              — |                              — |                              — |                              — |                              —
  BouncingBall free-run (stop=5.0s)             |                         19.770 |                         14.753 |                         17.166 |                              — |                              — |                              — |                              — |                              — |                              —
  FMU BouncingBall (stop=1.0s)                  |                              — |                              — |                              — |                         11.406 |                              — |                         10.093 |                          8.575 |                              — |                              —
  FMU BouncingBall (stop=10.0s)                 |                              — |                              — |                              — |                         19.448 |                              — |                         19.836 |                         18.142 |                              — |                              —
  FMU BouncingBall (stop=20.0s)                 |                              — |                              — |                              — |                         14.093 |                              — |                         19.896 |                         16.552 |                              — |                              —
  FMU BouncingBall (stop=5.0s)                  |                              — |                              — |                              — |                         14.795 |                              — |                         12.808 |                         12.033 |                              — |                              —
  MATLAB package init+terminate                 |                              — |                              — |                              — |                              — |                        801.655 |                              — |                              — |                        839.820 |                        808.661
  Model description load                        |                          6.932 |                          3.062 |                          1.956 |                              — |                              — |                              — |                              — |                              — |                              —
  Rapid-fire streaming simulation               |                         15.517 |                         11.309 |                          7.582 |                              — |                              — |                              — |                              — |                              — |                              —
  Simulink instant eval (start==stop)           |                         19.467 |                         12.428 |                          7.676 |                              — |                              — |                              — |                              — |                              — |                              —
  Simulink time-series (10 points)              |                         14.205 |                         10.926 |                         10.572 |                              — |                              — |                              — |                              — |                              — |                              —
  Simulink time-series (100 points)             |                         15.716 |                         10.559 |                          7.792 |                              — |                              — |                              — |                              — |                              — |                              —
  Simulink time-series (1000 points)            |                         22.941 |                          7.911 |                          9.652 |                              — |                              — |                              — |                              — |                              — |                              —
  --------------------------------------------- | ------------------------------ | ------------------------------ | ------------------------------ | ------------------------------ | ------------------------------ | ------------------------------ | ------------------------------ | ------------------------------ | ------------------------------
  TOTAL (sum)                                   |                        189.631 |                        129.669 |                        120.617 |                         59.742 |                        801.655 |                         62.632 |                         55.302 |                        839.820 |                        808.661
  AVERAGE                                       |                         18.963 |                         12.967 |                         12.062 |                         14.935 |                        801.655 |                         15.658 |                         13.825 |                        839.820 |                        808.661
  BEST (min)                                    |                          6.932 |                          3.062 |                          1.956 |                         11.406 |                        801.655 |                         10.093 |                          8.575 |                        839.820 |                        808.661
  WORST (max)                                   |                         30.056 |                         26.668 |                         24.249 |                         19.448 |                        801.655 |                         19.896 |                         18.142 |                        839.820 |                        808.661

  Total results collected: 45  (15 scenarios x 9 configs)


===========================================================================================================================================================================================================================================================================================================================================================
  CPU / Sim-Type Comparison
===========================================================================================================================================================================================================================================================================================================================================================

  Mean Latency (ms)
  Benchmark                                     |                       cpu-1000 |                       cpu-4000 |                       cpu-2000 |                matlab-cpu-2000 | matlab-cpu-2000 (matlab_wheel) |                matlab-cpu-4000 |                matlab-cpu-1000 | matlab-cpu-4000 (matlab_wheel) | matlab-cpu-1000 (matlab_wheel)
  --------------------------------------------- | ------------------------------ | ------------------------------ | ------------------------------ | ------------------------------ | ------------------------------ | ------------------------------ | ------------------------------ | ------------------------------ | ------------------------------
  BouncingBall free-run (stop=1.0s)             |                         11.545 |                          7.783 |                          8.990 |                              — |                              — |                              — |                              — |                              — |                              —
  BouncingBall free-run (stop=10.0s)            |                         24.480 |                         20.540 |                         16.286 |                              — |                              — |                              — |                              — |                              — |                              —
  BouncingBall free-run (stop=20.0s)            |                         24.101 |                         17.187 |                         17.060 |                              — |                              — |                              — |                              — |                              — |                              —
  BouncingBall free-run (stop=5.0s)             |                         16.459 |                         11.735 |                         12.413 |                              — |                              — |                              — |                              — |                              — |                              —
  FMU BouncingBall (stop=1.0s)                  |                              — |                              — |                              — |                          8.043 |                              — |                          7.465 |                          7.061 |                              — |                              —
  FMU BouncingBall (stop=10.0s)                 |                              — |                              — |                              — |                         13.496 |                              — |                         14.874 |                         13.467 |                              — |                              —
  FMU BouncingBall (stop=20.0s)                 |                              — |                              — |                              — |                         12.502 |                              — |                         15.342 |                         12.497 |                              — |                              —
  FMU BouncingBall (stop=5.0s)                  |                              — |                              — |                              — |                         11.249 |                              — |                          9.615 |                          9.643 |                              — |                              —
  MATLAB package init+terminate                 |                              — |                              — |                              — |                              — |                        720.059 |                              — |                              — |                        709.757 |                        700.832
  Model description load                        |                          3.186 |                          2.109 |                          1.734 |                              — |                              — |                              — |                              — |                              — |                              —
  Rapid-fire streaming simulation               |                         11.356 |                          8.675 |                          6.582 |                              — |                              — |                              — |                              — |                              — |                              —
  Simulink instant eval (start==stop)           |                         10.367 |                          7.829 |                          6.758 |                              — |                              — |                              — |                              — |                              — |                              —
  Simulink time-series (10 points)              |                         10.612 |                          8.262 |                          7.989 |                              — |                              — |                              — |                              — |                              — |                              —
  Simulink time-series (100 points)             |                         11.423 |                          7.816 |                          6.905 |                              — |                              — |                              — |                              — |                              — |                              —
  Simulink time-series (1000 points)            |                         13.441 |                          6.688 |                          6.884 |                              — |                              — |                              — |                              — |                              — |                              —
  --------------------------------------------- | ------------------------------ | ------------------------------ | ------------------------------ | ------------------------------ | ------------------------------ | ------------------------------ | ------------------------------ | ------------------------------ | ------------------------------
  TOTAL (sum)                                   |                        136.970 |                         98.625 |                         91.600 |                         45.290 |                        720.059 |                         47.296 |                         42.668 |                        709.757 |                        700.832
  AVERAGE                                       |                         13.697 |                          9.863 |                          9.160 |                         11.322 |                        720.059 |                         11.824 |                         10.667 |                        709.757 |                        700.832
  BEST (min)                                    |                          3.186 |                          2.109 |                          1.734 |                          8.043 |                        720.059 |                          7.465 |                          7.061 |                        709.757 |                        700.832
  WORST (max)                                   |                         24.480 |                         20.540 |                         17.060 |                         13.496 |                        720.059 |                         15.342 |                         13.467 |                        709.757 |                        700.832

  Throughput (ops/s)
  Benchmark                                     |                       cpu-1000 |                       cpu-4000 |                       cpu-2000 |                matlab-cpu-2000 | matlab-cpu-2000 (matlab_wheel) |                matlab-cpu-4000 |                matlab-cpu-1000 | matlab-cpu-4000 (matlab_wheel) | matlab-cpu-1000 (matlab_wheel)
  --------------------------------------------- | ------------------------------ | ------------------------------ | ------------------------------ | ------------------------------ | ------------------------------ | ------------------------------ | ------------------------------ | ------------------------------ | ------------------------------
  BouncingBall free-run (stop=1.0s)             |                           86.6 |                          128.5 |                          111.2 |                              — |                              — |                              — |                              — |                              — |                              —
  BouncingBall free-run (stop=10.0s)            |                           40.9 |                           48.7 |                           61.4 |                              — |                              — |                              — |                              — |                              — |                              —
  BouncingBall free-run (stop=20.0s)            |                           41.5 |                           58.2 |                           58.6 |                              — |                              — |                              — |                              — |                              — |                              —
  BouncingBall free-run (stop=5.0s)             |                           60.8 |                           85.2 |                           80.6 |                              — |                              — |                              — |                              — |                              — |                              —
  FMU BouncingBall (stop=1.0s)                  |                              — |                              — |                              — |                          124.3 |                              — |                          134.0 |                          141.6 |                              — |                              —
  FMU BouncingBall (stop=10.0s)                 |                              — |                              — |                              — |                           74.1 |                              — |                           67.2 |                           74.3 |                              — |                              —
  FMU BouncingBall (stop=20.0s)                 |                              — |                              — |                              — |                           80.0 |                              — |                           65.2 |                           80.0 |                              — |                              —
  FMU BouncingBall (stop=5.0s)                  |                              — |                              — |                              — |                           88.9 |                              — |                          104.0 |                          103.7 |                              — |                              —
  MATLAB package init+terminate                 |                              — |                              — |                              — |                              — |                            1.4 |                              — |                              — |                            1.4 |                            1.4
  Model description load                        |                          313.9 |                          474.1 |                          576.8 |                              — |                              — |                              — |                              — |                              — |                              —
  Rapid-fire streaming simulation               |                           88.1 |                          115.3 |                          151.9 |                              — |                              — |                              — |                              — |                              — |                              —
  Simulink instant eval (start==stop)           |                           96.5 |                          127.7 |                          148.0 |                              — |                              — |                              — |                              — |                              — |                              —
  Simulink time-series (10 points)              |                           94.2 |                          121.0 |                          125.2 |                              — |                              — |                              — |                              — |                              — |                              —
  Simulink time-series (100 points)             |                           87.5 |                          127.9 |                          144.8 |                              — |                              — |                              — |                              — |                              — |                              —
  Simulink time-series (1000 points)            |                           74.4 |                          149.5 |                          145.3 |                              — |                              — |                              — |                              — |                              — |                              —
  --------------------------------------------- | ------------------------------ | ------------------------------ | ------------------------------ | ------------------------------ | ------------------------------ | ------------------------------ | ------------------------------ | ------------------------------ | ------------------------------
  TOTAL (sum)                                   |                          984.3 |                         1436.2 |                         1603.7 |                          367.3 |                            1.4 |                          370.4 |                          399.6 |                            1.4 |                            1.4
  AVERAGE                                       |                           98.4 |                          143.6 |                          160.4 |                           91.8 |                            1.4 |                           92.6 |                           99.9 |                            1.4 |                            1.4
  BEST (min)                                    |                           40.9 |                           48.7 |                           58.6 |                           74.1 |                            1.4 |                           65.2 |                           74.3 |                            1.4 |                            1.4
  WORST (max)                                   |                          313.9 |                          474.1 |                          576.8 |                          124.3 |                            1.4 |                          134.0 |                          141.6 |                            1.4 |                            1.4

  P95 Latency (ms)
  Benchmark                                     |                       cpu-1000 |                       cpu-4000 |                       cpu-2000 |                matlab-cpu-2000 | matlab-cpu-2000 (matlab_wheel) |                matlab-cpu-4000 |                matlab-cpu-1000 | matlab-cpu-4000 (matlab_wheel) | matlab-cpu-1000 (matlab_wheel)
  --------------------------------------------- | ------------------------------ | ------------------------------ | ------------------------------ | ------------------------------ | ------------------------------ | ------------------------------ | ------------------------------ | ------------------------------ | ------------------------------
  BouncingBall free-run (stop=1.0s)             |                         15.104 |                          9.090 |                         11.475 |                              — |                              — |                              — |                              — |                              — |                              —
  BouncingBall free-run (stop=10.0s)            |                         29.923 |                         26.668 |                         22.498 |                              — |                              — |                              — |                              — |                              — |                              —
  BouncingBall free-run (stop=20.0s)            |                         30.056 |                         22.963 |                         24.249 |                              — |                              — |                              — |                              — |                              — |                              —
  BouncingBall free-run (stop=5.0s)             |                         19.770 |                         14.753 |                         17.166 |                              — |                              — |                              — |                              — |                              — |                              —
  FMU BouncingBall (stop=1.0s)                  |                              — |                              — |                              — |                         11.406 |                              — |                         10.093 |                          8.575 |                              — |                              —
  FMU BouncingBall (stop=10.0s)                 |                              — |                              — |                              — |                         19.448 |                              — |                         19.836 |                         19.762 |                              — |                              —
  FMU BouncingBall (stop=20.0s)                 |                              — |                              — |                              — |                         14.093 |                              — |                         19.896 |                         16.552 |                              — |                              —
  FMU BouncingBall (stop=5.0s)                  |                              — |                              — |                              — |                         14.795 |                              — |                         12.808 |                         12.033 |                              — |                              —
  MATLAB package init+terminate                 |                              — |                              — |                              — |                              — |                        801.655 |                              — |                              — |                        839.820 |                        808.661
  Model description load                        |                          6.932 |                          3.062 |                          1.956 |                              — |                              — |                              — |                              — |                              — |                              —
  Rapid-fire streaming simulation               |                         15.517 |                         11.309 |                          7.582 |                              — |                              — |                              — |                              — |                              — |                              —
  Simulink instant eval (start==stop)           |                         19.467 |                         12.428 |                          7.676 |                              — |                              — |                              — |                              — |                              — |                              —
  Simulink time-series (10 points)              |                         14.205 |                         10.926 |                         10.572 |                              — |                              — |                              — |                              — |                              — |                              —
  Simulink time-series (100 points)             |                         15.716 |                         10.559 |                          7.792 |                              — |                              — |                              — |                              — |                              — |                              —
  Simulink time-series (1000 points)            |                         22.941 |                          7.911 |                          9.652 |                              — |                              — |                              — |                              — |                              — |                              —
  --------------------------------------------- | ------------------------------ | ------------------------------ | ------------------------------ | ------------------------------ | ------------------------------ | ------------------------------ | ------------------------------ | ------------------------------ | ------------------------------
  TOTAL (sum)                                   |                        189.631 |                        129.669 |                        120.617 |                         59.742 |                        801.655 |                         62.632 |                         56.922 |                        839.820 |                        808.661
  AVERAGE                                       |                         18.963 |                         12.967 |                         12.062 |                         14.935 |                        801.655 |                         15.658 |                         14.231 |                        839.820 |                        808.661
  BEST (min)                                    |                          6.932 |                          3.062 |                          1.956 |                         11.406 |                        801.655 |                         10.093 |                          8.575 |                        839.820 |                        808.661
  WORST (max)                                   |                         30.056 |                         26.668 |                         24.249 |                         19.448 |                        801.655 |                         19.896 |                         19.762 |                        839.820 |                        808.661

  Total results collected: 45  (15 scenarios x 9 configs)


===========================================================================================================================================================================================================================================================================================================================================================
  CPU / Sim-Type Comparison
===========================================================================================================================================================================================================================================================================================================================================================

  Mean Latency (ms)
  Benchmark                                     |                       cpu-1000 |                       cpu-4000 |                       cpu-2000 |                matlab-cpu-2000 | matlab-cpu-2000 (matlab_wheel) |                matlab-cpu-4000 |                matlab-cpu-1000 | matlab-cpu-4000 (matlab_wheel) | matlab-cpu-1000 (matlab_wheel)
  --------------------------------------------- | ------------------------------ | ------------------------------ | ------------------------------ | ------------------------------ | ------------------------------ | ------------------------------ | ------------------------------ | ------------------------------ | ------------------------------
  BouncingBall free-run (stop=1.0s)             |                         11.545 |                          7.783 |                          8.990 |                              — |                              — |                              — |                              — |                              — |                              —
  BouncingBall free-run (stop=10.0s)            |                         24.480 |                         20.540 |                         16.286 |                              — |                              — |                              — |                              — |                              — |                              —
  BouncingBall free-run (stop=20.0s)            |                         24.101 |                         17.187 |                         17.060 |                              — |                              — |                              — |                              — |                              — |                              —
  BouncingBall free-run (stop=5.0s)             |                         16.459 |                         11.735 |                         12.413 |                              — |                              — |                              — |                              — |                              — |                              —
  FMU BouncingBall (stop=1.0s)                  |                              — |                              — |                              — |                          8.043 |                              — |                          7.465 |                          7.061 |                              — |                              —
  FMU BouncingBall (stop=10.0s)                 |                              — |                              — |                              — |                         13.496 |                              — |                         14.874 |                         13.467 |                              — |                              —
  FMU BouncingBall (stop=20.0s)                 |                              — |                              — |                              — |                         12.502 |                              — |                         15.342 |                         19.174 |                              — |                              —
  FMU BouncingBall (stop=5.0s)                  |                              — |                              — |                              — |                         11.249 |                              — |                          9.615 |                          9.643 |                              — |                              —
  MATLAB package init+terminate                 |                              — |                              — |                              — |                              — |                        720.059 |                              — |                              — |                        709.757 |                        700.832
  Model description load                        |                          3.186 |                          2.109 |                          1.734 |                              — |                              — |                              — |                              — |                              — |                              —
  Rapid-fire streaming simulation               |                         11.356 |                          8.675 |                          6.582 |                              — |                              — |                              — |                              — |                              — |                              —
  Simulink instant eval (start==stop)           |                         10.367 |                          7.829 |                          6.758 |                              — |                              — |                              — |                              — |                              — |                              —
  Simulink time-series (10 points)              |                         10.612 |                          8.262 |                          7.989 |                              — |                              — |                              — |                              — |                              — |                              —
  Simulink time-series (100 points)             |                         11.423 |                          7.816 |                          6.905 |                              — |                              — |                              — |                              — |                              — |                              —
  Simulink time-series (1000 points)            |                         13.441 |                          6.688 |                          6.884 |                              — |                              — |                              — |                              — |                              — |                              —
  --------------------------------------------- | ------------------------------ | ------------------------------ | ------------------------------ | ------------------------------ | ------------------------------ | ------------------------------ | ------------------------------ | ------------------------------ | ------------------------------
  TOTAL (sum)                                   |                        136.970 |                         98.625 |                         91.600 |                         45.290 |                        720.059 |                         47.296 |                         49.345 |                        709.757 |                        700.832
  AVERAGE                                       |                         13.697 |                          9.863 |                          9.160 |                         11.322 |                        720.059 |                         11.824 |                         12.336 |                        709.757 |                        700.832
  BEST (min)                                    |                          3.186 |                          2.109 |                          1.734 |                          8.043 |                        720.059 |                          7.465 |                          7.061 |                        709.757 |                        700.832
  WORST (max)                                   |                         24.480 |                         20.540 |                         17.060 |                         13.496 |                        720.059 |                         15.342 |                         19.174 |                        709.757 |                        700.832

  Throughput (ops/s)
  Benchmark                                     |                       cpu-1000 |                       cpu-4000 |                       cpu-2000 |                matlab-cpu-2000 | matlab-cpu-2000 (matlab_wheel) |                matlab-cpu-4000 |                matlab-cpu-1000 | matlab-cpu-4000 (matlab_wheel) | matlab-cpu-1000 (matlab_wheel)
  --------------------------------------------- | ------------------------------ | ------------------------------ | ------------------------------ | ------------------------------ | ------------------------------ | ------------------------------ | ------------------------------ | ------------------------------ | ------------------------------
  BouncingBall free-run (stop=1.0s)             |                           86.6 |                          128.5 |                          111.2 |                              — |                              — |                              — |                              — |                              — |                              —
  BouncingBall free-run (stop=10.0s)            |                           40.9 |                           48.7 |                           61.4 |                              — |                              — |                              — |                              — |                              — |                              —
  BouncingBall free-run (stop=20.0s)            |                           41.5 |                           58.2 |                           58.6 |                              — |                              — |                              — |                              — |                              — |                              —
  BouncingBall free-run (stop=5.0s)             |                           60.8 |                           85.2 |                           80.6 |                              — |                              — |                              — |                              — |                              — |                              —
  FMU BouncingBall (stop=1.0s)                  |                              — |                              — |                              — |                          124.3 |                              — |                          134.0 |                          141.6 |                              — |                              —
  FMU BouncingBall (stop=10.0s)                 |                              — |                              — |                              — |                           74.1 |                              — |                           67.2 |                           74.3 |                              — |                              —
  FMU BouncingBall (stop=20.0s)                 |                              — |                              — |                              — |                           80.0 |                              — |                           65.2 |                           52.2 |                              — |                              —
  FMU BouncingBall (stop=5.0s)                  |                              — |                              — |                              — |                           88.9 |                              — |                          104.0 |                          103.7 |                              — |                              —
  MATLAB package init+terminate                 |                              — |                              — |                              — |                              — |                            1.4 |                              — |                              — |                            1.4 |                            1.4
  Model description load                        |                          313.9 |                          474.1 |                          576.8 |                              — |                              — |                              — |                              — |                              — |                              —
  Rapid-fire streaming simulation               |                           88.1 |                          115.3 |                          151.9 |                              — |                              — |                              — |                              — |                              — |                              —
  Simulink instant eval (start==stop)           |                           96.5 |                          127.7 |                          148.0 |                              — |                              — |                              — |                              — |                              — |                              —
  Simulink time-series (10 points)              |                           94.2 |                          121.0 |                          125.2 |                              — |                              — |                              — |                              — |                              — |                              —
  Simulink time-series (100 points)             |                           87.5 |                          127.9 |                          144.8 |                              — |                              — |                              — |                              — |                              — |                              —
  Simulink time-series (1000 points)            |                           74.4 |                          149.5 |                          145.3 |                              — |                              — |                              — |                              — |                              — |                              —
  --------------------------------------------- | ------------------------------ | ------------------------------ | ------------------------------ | ------------------------------ | ------------------------------ | ------------------------------ | ------------------------------ | ------------------------------ | ------------------------------
  TOTAL (sum)                                   |                          984.3 |                         1436.2 |                         1603.7 |                          367.3 |                            1.4 |                          370.4 |                          371.7 |                            1.4 |                            1.4
  AVERAGE                                       |                           98.4 |                          143.6 |                          160.4 |                           91.8 |                            1.4 |                           92.6 |                           92.9 |                            1.4 |                            1.4
  BEST (min)                                    |                           40.9 |                           48.7 |                           58.6 |                           74.1 |                            1.4 |                           65.2 |                           52.2 |                            1.4 |                            1.4
  WORST (max)                                   |                          313.9 |                          474.1 |                          576.8 |                          124.3 |                            1.4 |                          134.0 |                          141.6 |                            1.4 |                            1.4

  P95 Latency (ms)
  Benchmark                                     |                       cpu-1000 |                       cpu-4000 |                       cpu-2000 |                matlab-cpu-2000 | matlab-cpu-2000 (matlab_wheel) |                matlab-cpu-4000 |                matlab-cpu-1000 | matlab-cpu-4000 (matlab_wheel) | matlab-cpu-1000 (matlab_wheel)
  --------------------------------------------- | ------------------------------ | ------------------------------ | ------------------------------ | ------------------------------ | ------------------------------ | ------------------------------ | ------------------------------ | ------------------------------ | ------------------------------
  BouncingBall free-run (stop=1.0s)             |                         15.104 |                          9.090 |                         11.475 |                              — |                              — |                              — |                              — |                              — |                              —
  BouncingBall free-run (stop=10.0s)            |                         29.923 |                         26.668 |                         22.498 |                              — |                              — |                              — |                              — |                              — |                              —
  BouncingBall free-run (stop=20.0s)            |                         30.056 |                         22.963 |                         24.249 |                              — |                              — |                              — |                              — |                              — |                              —
  BouncingBall free-run (stop=5.0s)             |                         19.770 |                         14.753 |                         17.166 |                              — |                              — |                              — |                              — |                              — |                              —
  FMU BouncingBall (stop=1.0s)                  |                              — |                              — |                              — |                         11.406 |                              — |                         10.093 |                          8.575 |                              — |                              —
  FMU BouncingBall (stop=10.0s)                 |                              — |                              — |                              — |                         19.448 |                              — |                         19.836 |                         19.762 |                              — |                              —
  FMU BouncingBall (stop=20.0s)                 |                              — |                              — |                              — |                         14.093 |                              — |                         19.896 |                         21.584 |                              — |                              —
  FMU BouncingBall (stop=5.0s)                  |                              — |                              — |                              — |                         14.795 |                              — |                         12.808 |                         12.033 |                              — |                              —
  MATLAB package init+terminate                 |                              — |                              — |                              — |                              — |                        801.655 |                              — |                              — |                        839.820 |                        808.661
  Model description load                        |                          6.932 |                          3.062 |                          1.956 |                              — |                              — |                              — |                              — |                              — |                              —
  Rapid-fire streaming simulation               |                         15.517 |                         11.309 |                          7.582 |                              — |                              — |                              — |                              — |                              — |                              —
  Simulink instant eval (start==stop)           |                         19.467 |                         12.428 |                          7.676 |                              — |                              — |                              — |                              — |                              — |                              —
  Simulink time-series (10 points)              |                         14.205 |                         10.926 |                         10.572 |                              — |                              — |                              — |                              — |                              — |                              —
  Simulink time-series (100 points)             |                         15.716 |                         10.559 |                          7.792 |                              — |                              — |                              — |                              — |                              — |                              —
  Simulink time-series (1000 points)            |                         22.941 |                          7.911 |                          9.652 |                              — |                              — |                              — |                              — |                              — |                              —
  --------------------------------------------- | ------------------------------ | ------------------------------ | ------------------------------ | ------------------------------ | ------------------------------ | ------------------------------ | ------------------------------ | ------------------------------ | ------------------------------
  TOTAL (sum)                                   |                        189.631 |                        129.669 |                        120.617 |                         59.742 |                        801.655 |                         62.632 |                         61.954 |                        839.820 |                        808.661
  AVERAGE                                       |                         18.963 |                         12.967 |                         12.062 |                         14.935 |                        801.655 |                         15.658 |                         15.488 |                        839.820 |                        808.661
  BEST (min)                                    |                          6.932 |                          3.062 |                          1.956 |                         11.406 |                        801.655 |                         10.093 |                          8.575 |                        839.820 |                        808.661
  WORST (max)                                   |                         30.056 |                         26.668 |                         24.249 |                         19.448 |                        801.655 |                         19.896 |                         21.584 |                        839.820 |                        808.661

  Total results collected: 45  (15 scenarios x 9 configs)


===========================================================================================================================================================================================================================================================================================================================================================
  CPU / Sim-Type Comparison
===========================================================================================================================================================================================================================================================================================================================================================

  Mean Latency (ms)
  Benchmark                                     |                       cpu-1000 |                       cpu-4000 |                       cpu-2000 |                matlab-cpu-2000 | matlab-cpu-2000 (matlab_wheel) |                matlab-cpu-4000 |                matlab-cpu-1000 | matlab-cpu-4000 (matlab_wheel) | matlab-cpu-1000 (matlab_wheel)
  --------------------------------------------- | ------------------------------ | ------------------------------ | ------------------------------ | ------------------------------ | ------------------------------ | ------------------------------ | ------------------------------ | ------------------------------ | ------------------------------
  BouncingBall free-run (stop=1.0s)             |                         11.545 |                          7.783 |                          8.990 |                              — |                              — |                              — |                              — |                              — |                              —
  BouncingBall free-run (stop=10.0s)            |                         24.480 |                         20.540 |                         16.286 |                              — |                              — |                              — |                              — |                              — |                              —
  BouncingBall free-run (stop=20.0s)            |                         24.101 |                         17.187 |                         17.060 |                              — |                              — |                              — |                              — |                              — |                              —
  BouncingBall free-run (stop=5.0s)             |                         16.459 |                         11.735 |                         12.413 |                              — |                              — |                              — |                              — |                              — |                              —
  FMU BouncingBall (stop=1.0s)                  |                              — |                              — |                              — |                          8.043 |                              — |                          7.465 |                          7.061 |                              — |                              —
  FMU BouncingBall (stop=10.0s)                 |                              — |                              — |                              — |                         13.496 |                              — |                         14.874 |                         13.467 |                              — |                              —
  FMU BouncingBall (stop=20.0s)                 |                              — |                              — |                              — |                         12.502 |                              — |                         15.342 |                         19.174 |                              — |                              —
  FMU BouncingBall (stop=5.0s)                  |                              — |                              — |                              — |                         11.249 |                              — |                          9.615 |                          9.643 |                              — |                              —
  MATLAB package init+terminate                 |                              — |                              — |                              — |                              — |                        720.059 |                              — |                              — |                        709.757 |                        747.244
  Model description load                        |                          3.186 |                          2.109 |                          1.734 |                              — |                              — |                              — |                              — |                              — |                              —
  Rapid-fire streaming simulation               |                         11.356 |                          8.675 |                          6.582 |                              — |                              — |                              — |                              — |                              — |                              —
  Simulink instant eval (start==stop)           |                         10.367 |                          7.829 |                          6.758 |                              — |                              — |                              — |                              — |                              — |                              —
  Simulink time-series (10 points)              |                         10.612 |                          8.262 |                          7.989 |                              — |                              — |                              — |                              — |                              — |                              —
  Simulink time-series (100 points)             |                         11.423 |                          7.816 |                          6.905 |                              — |                              — |                              — |                              — |                              — |                              —
  Simulink time-series (1000 points)            |                         13.441 |                          6.688 |                          6.884 |                              — |                              — |                              — |                              — |                              — |                              —
  --------------------------------------------- | ------------------------------ | ------------------------------ | ------------------------------ | ------------------------------ | ------------------------------ | ------------------------------ | ------------------------------ | ------------------------------ | ------------------------------
  TOTAL (sum)                                   |                        136.970 |                         98.625 |                         91.600 |                         45.290 |                        720.059 |                         47.296 |                         49.345 |                        709.757 |                        747.244
  AVERAGE                                       |                         13.697 |                          9.863 |                          9.160 |                         11.322 |                        720.059 |                         11.824 |                         12.336 |                        709.757 |                        747.244
  BEST (min)                                    |                          3.186 |                          2.109 |                          1.734 |                          8.043 |                        720.059 |                          7.465 |                          7.061 |                        709.757 |                        747.244
  WORST (max)                                   |                         24.480 |                         20.540 |                         17.060 |                         13.496 |                        720.059 |                         15.342 |                         19.174 |                        709.757 |                        747.244

  Throughput (ops/s)
  Benchmark                                     |                       cpu-1000 |                       cpu-4000 |                       cpu-2000 |                matlab-cpu-2000 | matlab-cpu-2000 (matlab_wheel) |                matlab-cpu-4000 |                matlab-cpu-1000 | matlab-cpu-4000 (matlab_wheel) | matlab-cpu-1000 (matlab_wheel)
  --------------------------------------------- | ------------------------------ | ------------------------------ | ------------------------------ | ------------------------------ | ------------------------------ | ------------------------------ | ------------------------------ | ------------------------------ | ------------------------------
  BouncingBall free-run (stop=1.0s)             |                           86.6 |                          128.5 |                          111.2 |                              — |                              — |                              — |                              — |                              — |                              —
  BouncingBall free-run (stop=10.0s)            |                           40.9 |                           48.7 |                           61.4 |                              — |                              — |                              — |                              — |                              — |                              —
  BouncingBall free-run (stop=20.0s)            |                           41.5 |                           58.2 |                           58.6 |                              — |                              — |                              — |                              — |                              — |                              —
  BouncingBall free-run (stop=5.0s)             |                           60.8 |                           85.2 |                           80.6 |                              — |                              — |                              — |                              — |                              — |                              —
  FMU BouncingBall (stop=1.0s)                  |                              — |                              — |                              — |                          124.3 |                              — |                          134.0 |                          141.6 |                              — |                              —
  FMU BouncingBall (stop=10.0s)                 |                              — |                              — |                              — |                           74.1 |                              — |                           67.2 |                           74.3 |                              — |                              —
  FMU BouncingBall (stop=20.0s)                 |                              — |                              — |                              — |                           80.0 |                              — |                           65.2 |                           52.2 |                              — |                              —
  FMU BouncingBall (stop=5.0s)                  |                              — |                              — |                              — |                           88.9 |                              — |                          104.0 |                          103.7 |                              — |                              —
  MATLAB package init+terminate                 |                              — |                              — |                              — |                              — |                            1.4 |                              — |                              — |                            1.4 |                            1.3
  Model description load                        |                          313.9 |                          474.1 |                          576.8 |                              — |                              — |                              — |                              — |                              — |                              —
  Rapid-fire streaming simulation               |                           88.1 |                          115.3 |                          151.9 |                              — |                              — |                              — |                              — |                              — |                              —
  Simulink instant eval (start==stop)           |                           96.5 |                          127.7 |                          148.0 |                              — |                              — |                              — |                              — |                              — |                              —
  Simulink time-series (10 points)              |                           94.2 |                          121.0 |                          125.2 |                              — |                              — |                              — |                              — |                              — |                              —
  Simulink time-series (100 points)             |                           87.5 |                          127.9 |                          144.8 |                              — |                              — |                              — |                              — |                              — |                              —
  Simulink time-series (1000 points)            |                           74.4 |                          149.5 |                          145.3 |                              — |                              — |                              — |                              — |                              — |                              —
  --------------------------------------------- | ------------------------------ | ------------------------------ | ------------------------------ | ------------------------------ | ------------------------------ | ------------------------------ | ------------------------------ | ------------------------------ | ------------------------------
  TOTAL (sum)                                   |                          984.3 |                         1436.2 |                         1603.7 |                          367.3 |                            1.4 |                          370.4 |                          371.7 |                            1.4 |                            1.3
  AVERAGE                                       |                           98.4 |                          143.6 |                          160.4 |                           91.8 |                            1.4 |                           92.6 |                           92.9 |                            1.4 |                            1.3
  BEST (min)                                    |                           40.9 |                           48.7 |                           58.6 |                           74.1 |                            1.4 |                           65.2 |                           52.2 |                            1.4 |                            1.3
  WORST (max)                                   |                          313.9 |                          474.1 |                          576.8 |                          124.3 |                            1.4 |                          134.0 |                          141.6 |                            1.4 |                            1.3

  P95 Latency (ms)
  Benchmark                                     |                       cpu-1000 |                       cpu-4000 |                       cpu-2000 |                matlab-cpu-2000 | matlab-cpu-2000 (matlab_wheel) |                matlab-cpu-4000 |                matlab-cpu-1000 | matlab-cpu-4000 (matlab_wheel) | matlab-cpu-1000 (matlab_wheel)
  --------------------------------------------- | ------------------------------ | ------------------------------ | ------------------------------ | ------------------------------ | ------------------------------ | ------------------------------ | ------------------------------ | ------------------------------ | ------------------------------
  BouncingBall free-run (stop=1.0s)             |                         15.104 |                          9.090 |                         11.475 |                              — |                              — |                              — |                              — |                              — |                              —
  BouncingBall free-run (stop=10.0s)            |                         29.923 |                         26.668 |                         22.498 |                              — |                              — |                              — |                              — |                              — |                              —
  BouncingBall free-run (stop=20.0s)            |                         30.056 |                         22.963 |                         24.249 |                              — |                              — |                              — |                              — |                              — |                              —
  BouncingBall free-run (stop=5.0s)             |                         19.770 |                         14.753 |                         17.166 |                              — |                              — |                              — |                              — |                              — |                              —
  FMU BouncingBall (stop=1.0s)                  |                              — |                              — |                              — |                         11.406 |                              — |                         10.093 |                          8.575 |                              — |                              —
  FMU BouncingBall (stop=10.0s)                 |                              — |                              — |                              — |                         19.448 |                              — |                         19.836 |                         19.762 |                              — |                              —
  FMU BouncingBall (stop=20.0s)                 |                              — |                              — |                              — |                         14.093 |                              — |                         19.896 |                         21.584 |                              — |                              —
  FMU BouncingBall (stop=5.0s)                  |                              — |                              — |                              — |                         14.795 |                              — |                         12.808 |                         12.033 |                              — |                              —
  MATLAB package init+terminate                 |                              — |                              — |                              — |                              — |                        801.655 |                              — |                              — |                        839.820 |                        818.649
  Model description load                        |                          6.932 |                          3.062 |                          1.956 |                              — |                              — |                              — |                              — |                              — |                              —
  Rapid-fire streaming simulation               |                         15.517 |                         11.309 |                          7.582 |                              — |                              — |                              — |                              — |                              — |                              —
  Simulink instant eval (start==stop)           |                         19.467 |                         12.428 |                          7.676 |                              — |                              — |                              — |                              — |                              — |                              —
  Simulink time-series (10 points)              |                         14.205 |                         10.926 |                         10.572 |                              — |                              — |                              — |                              — |                              — |                              —
  Simulink time-series (100 points)             |                         15.716 |                         10.559 |                          7.792 |                              — |                              — |                              — |                              — |                              — |                              —
  Simulink time-series (1000 points)            |                         22.941 |                          7.911 |                          9.652 |                              — |                              — |                              — |                              — |                              — |                              —
  --------------------------------------------- | ------------------------------ | ------------------------------ | ------------------------------ | ------------------------------ | ------------------------------ | ------------------------------ | ------------------------------ | ------------------------------ | ------------------------------
  TOTAL (sum)                                   |                        189.631 |                        129.669 |                        120.617 |                         59.742 |                        801.655 |                         62.632 |                         61.954 |                        839.820 |                        818.649
  AVERAGE                                       |                         18.963 |                         12.967 |                         12.062 |                         14.935 |                        801.655 |                         15.658 |                         15.488 |                        839.820 |                        818.649
  BEST (min)                                    |                          6.932 |                          3.062 |                          1.956 |                         11.406 |                        801.655 |                         10.093 |                          8.575 |                        839.820 |                        818.649
  WORST (max)                                   |                         30.056 |                         26.668 |                         24.249 |                         19.448 |                        801.655 |                         19.896 |                         21.584 |                        839.820 |                        818.649

  Total results collected: 45  (15 scenarios x 9 configs)

